host_id,listings_held,is_superhost,host_since,host_profile
25286,2,f,,2-4 listings
28978,1,f,,Single listing
34842,1,f,,Single listing
58123,2,f,,2-4 listings
58601,1,f,,Single listing
59072,2,f,,2-4 listings
59318,4,f,,2-4 listings
59342,6,f,,5-19 listings
59694,1,f,,Single listing
60278,1,t,,Single listing
60443,1,f,,Single listing
61441,4,f,,2-4 listings
63255,3,t,,2-4 listings
65714,2,f,,2-4 listings
69912,2,t,,2-4 listings
73221,1,t,,Single listing
73439,5,t,,5-19 listings
73764,1,f,,Single listing
84051,2,f,,2-4 listings
89107,1,f,,Single listing
89294,1,f,,Single listing
92515,1,f,,Single listing
95863,3,t,,2-4 listings
101820,1,t,,Single listing
102019,1,t,,Single listing
115590,2,t,,2-4 listings
115874,1,t,,Single listing
119863,1,f,,Single listing
122564,1,f,,Single listing
122685,1,f,,Single listing
126342,2,f,,2-4 listings
127446,2,f,,2-4 listings
134594,7,f,,5-19 listings
135550,1,f,,Single listing
144553,4,t,,2-4 listings
156196,1,f,,Single listing
156910,8,t,,5-19 listings
168895,1,f,,Single listing
186492,1,f,,Single listing
194391,1,f,,Single listing
221078,3,t,,2-4 listings
227103,6,t,,5-19 listings
229674,1,f,,Single listing
248446,1,t,,Single listing
255784,15,t,,5-19 listings
278130,1,f,,Single listing
313049,1,f,,Single listing
321635,2,t,,2-4 listings
322885,1,f,,Single listing
329628,1,f,,Single listing
358366,1,f,,Single listing
387835,1,t,,Single listing
397740,1,f,,Single listing
401232,1,t,,Single listing
404176,5,t,,5-19 listings
406726,1,t,,Single listing
415031,1,t,,Single listing
464845,1,f,,Single listing
479499,1,f,,Single listing
510489,1,f,,Single listing
527428,1,f,,Single listing
531026,1,f,,Single listing
539579,1,f,,Single listing
552892,2,f,,2-4 listings
553482,1,t,,Single listing
555122,1,f,,Single listing
556264,1,f,,Single listing
569892,1,f,,Single listing
577437,1,t,,Single listing
579839,1,f,,Single listing
608782,1,f,,Single listing
613674,2,f,,2-4 listings
614529,2,t,,2-4 listings
615652,5,f,,5-19 listings
632541,8,f,,5-19 listings
633287,1,t,,Single listing
636379,1,f,,Single listing
640952,2,f,,2-4 listings
654722,2,t,,2-4 listings
654987,3,f,,2-4 listings
657509,1,f,,Single listing
664676,1,f,,Single listing
665658,1,f,,Single listing
669339,4,t,,2-4 listings
687028,1,f,,Single listing
689326,1,t,,Single listing
692331,1,t,,Single listing
709211,2,f,,2-4 listings
714541,1,f,,Single listing
719513,1,f,,Single listing
721485,1,f,,Single listing
725450,1,f,,Single listing
735733,1,f,,Single listing
735841,1,t,,Single listing
747457,1,t,,Single listing
748183,1,f,,Single listing
748450,4,f,,2-4 listings
772940,1,t,,Single listing
789205,1,f,,Single listing
793042,2,t,,2-4 listings
810511,1,f,,Single listing
826317,2,t,,2-4 listings
827366,1,t,,Single listing
828766,1,f,,Single listing
837661,2,f,,2-4 listings
853118,1,t,,Single listing
863983,2,t,,2-4 listings
864608,1,f,,Single listing
882705,1,f,,Single listing
882961,1,f,,Single listing
884661,1,f,,Single listing
905412,1,t,,Single listing
914135,4,t,,2-4 listings
924835,1,f,,Single listing
926551,1,f,,Single listing
932097,1,t,,Single listing
936360,2,f,,2-4 listings
953634,1,f,,Single listing
967355,1,t,,Single listing
978466,1,t,,Single listing
1002081,1,f,,Single listing
1008697,1,t,,Single listing
1010518,1,f,,Single listing
1027010,1,f,,Single listing
1039600,1,f,,Single listing
1040545,1,t,,Single listing
1101004,1,f,,Single listing
1104303,3,t,,2-4 listings
1111075,1,t,,Single listing
1116621,1,f,,Single listing
1131577,1,f,,Single listing
1166923,2,f,,2-4 listings
1184184,1,f,,Single listing
1202749,1,f,,Single listing
1209764,1,f,,Single listing
1209910,1,f,,Single listing
1209960,2,f,,2-4 listings
1210580,1,f,,Single listing
1210745,1,f,,Single listing
1216472,1,t,,Single listing
1240873,2,t,,2-4 listings
1243103,2,f,,2-4 listings
1271315,1,f,,Single listing
1280612,2,f,,2-4 listings
1293199,10,f,,5-19 listings
1314336,1,f,,Single listing
1320438,1,f,,Single listing
1320531,1,f,,Single listing
1328719,1,f,,Single listing
1329918,1,f,,Single listing
1345936,4,f,,2-4 listings
1354282,3,f,,2-4 listings
1357306,1,f,,Single listing
1369150,1,t,,Single listing
1384294,2,t,,2-4 listings
1401279,1,t,,Single listing
1424596,1,f,,Single listing
1441807,1,f,,Single listing
1447812,1,f,,Single listing
1480623,1,t,,Single listing
1481096,1,f,,Single listing
1481394,2,t,,2-4 listings
1481935,1,f,,Single listing
1492767,2,t,,2-4 listings
1494208,1,f,,Single listing
1500197,1,f,,Single listing
1512355,1,f,,Single listing
1512563,1,f,,Single listing
1513113,2,f,,2-4 listings
1539169,1,t,,Single listing
1558084,1,f,,Single listing
1565176,1,t,,Single listing
1569158,1,f,,Single listing
1577502,1,f,,Single listing
1581872,4,f,,2-4 listings
1624011,2,t,,2-4 listings
1646708,2,f,,2-4 listings
1657066,1,f,,Single listing
1666857,1,f,,Single listing
1669921,1,f,,Single listing
1672178,1,t,,Single listing
1691215,1,t,,Single listing
1725487,1,t,,Single listing
1738430,1,f,,Single listing
1741809,1,t,,Single listing
1766257,1,f,,Single listing
1792585,1,f,,Single listing
1802190,1,t,,Single listing
1811942,3,f,,2-4 listings
1818018,1,t,,Single listing
1825343,2,t,,2-4 listings
1825908,1,t,,Single listing
1834673,1,t,,Single listing
1838554,2,f,,2-4 listings
1849649,1,f,,Single listing
1852795,3,f,,2-4 listings
1867661,1,t,,Single listing
1871116,3,t,,2-4 listings
1902671,1,f,,Single listing
1912713,2,f,,2-4 listings
1922503,2,t,,2-4 listings
1952066,8,f,,5-19 listings
1961002,1,t,,Single listing
1976676,1,f,,Single listing
1987094,1,f,,Single listing
1987287,1,f,,Single listing
1990147,2,t,,2-4 listings
1997313,3,t,,2-4 listings
1998937,2,t,,2-4 listings
2006171,1,t,,Single listing
2009092,1,f,,Single listing
2028248,1,f,,Single listing
2047543,1,f,,Single listing
2064511,1,t,,Single listing
2065270,1,t,,Single listing
2071842,8,t,,5-19 listings
2076419,13,t,,5-19 listings
2086596,1,t,,Single listing
2086927,1,t,,Single listing
2098559,1,f,,Single listing
2115202,1,f,,Single listing
2118730,6,t,,5-19 listings
2130446,2,f,,2-4 listings
2130784,1,f,,Single listing
2136530,1,f,,Single listing
2138774,7,f,,5-19 listings
2170671,1,t,,Single listing
2202209,1,f,,Single listing
2204527,3,t,,2-4 listings
2210731,3,t,,2-4 listings
2227809,1,f,,Single listing
2262769,1,f,,Single listing
2263216,1,f,,Single listing
2266643,1,f,,Single listing
2320292,1,f,,Single listing
2330092,2,t,,2-4 listings
2334819,1,t,,Single listing
2339584,1,f,,Single listing
2346675,5,f,,5-19 listings
2349400,2,t,,2-4 listings
2352753,1,f,,Single listing
2352899,1,f,,Single listing
2358230,5,t,,5-19 listings
2361377,1,t,,Single listing
2370518,1,f,,Single listing
2374101,4,t,,2-4 listings
2397423,5,f,,5-19 listings
2404221,1,f,,Single listing
2421661,1,f,,Single listing
2446193,1,f,,Single listing
2469634,2,t,,2-4 listings
2474454,1,t,,Single listing
2489897,5,f,,5-19 listings
2498636,1,t,,Single listing
2509037,1,f,,Single listing
2516345,86,f,,20+ listings
2517702,1,t,,Single listing
2523680,1,f,,Single listing
2523973,1,t,,Single listing
2533116,6,t,,5-19 listings
2552971,2,t,,2-4 listings
2555267,1,t,,Single listing
2557819,1,t,,Single listing
2561591,1,f,,Single listing
2569043,1,f,,Single listing
2578823,3,f,,2-4 listings
2595650,1,f,,Single listing
2596900,2,f,,2-4 listings
2603603,1,t,,Single listing
2604213,5,t,,5-19 listings
2606198,2,t,,2-4 listings
2617670,1,t,,Single listing
2620481,1,t,,Single listing
2627771,2,t,,2-4 listings
2636670,1,f,,Single listing
2670647,2,f,,2-4 listings
2680481,1,t,,Single listing
2681144,1,f,,Single listing
2695077,1,f,,Single listing
2695863,1,f,,Single listing
2710785,1,t,,Single listing
2711539,1,f,,Single listing
2714539,1,f,,Single listing
2724816,2,f,,2-4 listings
2727949,1,f,,Single listing
2734354,1,t,,Single listing
2741409,1,f,,Single listing
2752858,1,t,,Single listing
2762369,2,t,,2-4 listings
2775568,1,t,,Single listing
2782178,1,f,,Single listing
2788690,1,f,,Single listing
2789205,2,f,,2-4 listings
2802455,1,f,,Single listing
2805044,2,f,,2-4 listings
2808640,1,f,,Single listing
2810593,1,f,,Single listing
2824970,1,t,,Single listing
2860965,1,f,,Single listing
2864408,1,f,,Single listing
2889281,2,f,,2-4 listings
2895415,1,t,,Single listing
2896593,1,f,,Single listing
2915241,4,f,,2-4 listings
2933270,1,t,,Single listing
2995885,1,t,,Single listing
2998342,1,f,,Single listing
3006485,2,f,,2-4 listings
3006879,3,t,,2-4 listings
3007236,1,f,,Single listing
3007248,22,t,,20+ listings
3007944,4,f,,2-4 listings
3010807,3,f,,2-4 listings
3035834,1,f,,Single listing
3040166,1,f,,Single listing
3074327,1,f,,Single listing
3092282,1,f,,Single listing
3166599,1,t,,Single listing
3177452,1,f,,Single listing
3204232,1,f,,Single listing
3210028,1,f,,Single listing
3216182,1,f,,Single listing
3220070,2,t,,2-4 listings
3224699,1,f,,Single listing
3235051,2,t,,2-4 listings
3236576,1,f,,Single listing
3249425,1,f,,Single listing
3276734,1,f,,Single listing
3298560,1,f,,Single listing
3300204,1,f,,Single listing
3321107,1,t,,Single listing
3325768,1,f,,Single listing
3326652,12,f,,5-19 listings
3327784,2,f,,2-4 listings
3342791,1,f,,Single listing
3374257,2,t,,2-4 listings
3384207,1,t,,Single listing
3389258,1,f,,Single listing
3408518,1,f,,Single listing
3410651,1,f,,Single listing
3414028,32,t,,20+ listings
3455821,1,t,,Single listing
3465395,1,f,,Single listing
3467857,1,f,,Single listing
3476399,1,f,,Single listing
3476869,3,f,,2-4 listings
3487110,1,f,,Single listing
3495182,1,f,,Single listing
3497356,1,f,,Single listing
3507876,1,f,,Single listing
3508093,1,t,,Single listing
3508436,1,f,,Single listing
3509457,1,f,,Single listing
3517753,2,f,,2-4 listings
3541749,2,f,,2-4 listings
3555628,1,t,,Single listing
3576139,3,t,,2-4 listings
3642757,1,t,,Single listing
3651901,1,f,,Single listing
3653467,3,t,,2-4 listings
3673263,1,t,,Single listing
3681463,1,t,,Single listing
3699751,4,t,,2-4 listings
3704451,1,t,,Single listing
3710368,1,f,,Single listing
3722374,1,f,,Single listing
3735299,2,t,,2-4 listings
3809204,4,t,,2-4 listings
3810678,1,f,,Single listing
3812467,3,t,,2-4 listings
3833731,1,f,,Single listing
3836115,1,f,,Single listing
3886732,89,f,,20+ listings
3897359,1,f,,Single listing
3917329,6,t,,5-19 listings
3926773,1,f,,Single listing
3928548,1,f,,Single listing
3928936,1,f,,Single listing
3929808,20,f,,20+ listings
3932609,2,t,,2-4 listings
3933463,1,f,,Single listing
3956716,1,f,,Single listing
3961453,93,f,,20+ listings
3973985,1,f,,Single listing
4004504,1,f,,Single listing
4022365,2,t,,2-4 listings
4032613,1,t,,Single listing
4061967,1,f,,Single listing
4065747,1,t,,Single listing
4071855,1,t,,Single listing
4076603,2,t,,2-4 listings
4094560,3,t,,2-4 listings
4100558,1,f,,Single listing
4118643,1,t,,Single listing
4120242,1,f,,Single listing
4126076,1,f,,Single listing
4136097,1,f,,Single listing
4136812,1,t,,Single listing
4172063,1,f,,Single listing
4173981,1,f,,Single listing
4176357,2,f,,2-4 listings
4177658,1,f,,Single listing
4179666,21,f,,20+ listings
4186589,1,f,,Single listing
4190050,1,f,,Single listing
4193012,2,f,,2-4 listings
4198184,1,f,,Single listing
4203559,1,f,,Single listing
4210717,1,t,,Single listing
4211998,1,f,,Single listing
4212036,2,t,,2-4 listings
4214801,9,t,,5-19 listings
4218169,1,f,,Single listing
4224895,1,t,,Single listing
4248754,1,t,,Single listing
4260566,3,f,,2-4 listings
4267926,1,t,,Single listing
4278235,1,f,,Single listing
4278880,1,f,,Single listing
4287644,1,t,,Single listing
4294953,1,f,,Single listing
4304081,1,f,,Single listing
4304437,1,f,,Single listing
4304557,1,t,,Single listing
4305210,1,t,,Single listing
4310681,24,t,,20+ listings
4321309,1,f,,Single listing
4330210,1,t,,Single listing
4330603,2,t,,2-4 listings
4330866,1,t,,Single listing
4369217,1,f,,Single listing
4370467,2,f,,2-4 listings
4395818,1,f,,Single listing
4397998,19,t,,5-19 listings
4398596,1,f,,Single listing
4404926,1,f,,Single listing
4432195,1,t,,Single listing
4465203,1,f,,Single listing
4468502,1,t,,Single listing
4486696,1,f,,Single listing
4487038,1,f,,Single listing
4492187,1,t,,Single listing
4494169,1,f,,Single listing
4504150,1,t,,Single listing
4510340,9,f,,5-19 listings
4513779,1,t,,Single listing
4525176,1,t,,Single listing
4556748,1,f,,Single listing
4583550,1,f,,Single listing
4592974,2,f,,2-4 listings
4609285,1,f,,Single listing
4614331,1,f,,Single listing
4621127,4,t,,2-4 listings
4625439,4,f,,2-4 listings
4626789,1,f,,Single listing
4627415,1,t,,Single listing
4638856,1,f,,Single listing
4639475,2,t,,2-4 listings
4696156,5,t,,5-19 listings
4697837,1,f,,Single listing
4706626,2,f,,2-4 listings
4706907,1,f,,Single listing
4719352,1,t,,Single listing
4722404,1,f,,Single listing
4735145,1,t,,Single listing
4746788,2,t,,2-4 listings
4749338,3,t,,2-4 listings
4751521,1,f,,Single listing
4787793,3,t,,2-4 listings
4788256,1,t,,Single listing
4806391,1,t,,Single listing
4812503,2,t,,2-4 listings
4843460,3,t,,2-4 listings
4848803,1,t,,Single listing
4859218,1,f,,Single listing
4874704,1,f,,Single listing
4875527,2,f,,2-4 listings
4919203,1,f,,Single listing
4920837,1,f,,Single listing
4927301,1,t,,Single listing
4936942,1,t,,Single listing
4938409,1,f,,Single listing
4958696,1,t,,Single listing
4965123,1,f,,Single listing
4965576,1,f,,Single listing
4971203,1,f,,Single listing
4986765,2,t,,2-4 listings
4987385,1,f,,Single listing
4991632,1,f,,Single listing
4997274,1,f,,Single listing
5010335,2,f,,2-4 listings
5011034,3,f,,2-4 listings
5020746,1,f,,Single listing
5024194,1,f,,Single listing
5032712,1,f,,Single listing
5033305,1,t,,Single listing
5057848,1,t,,Single listing
5062322,1,f,,Single listing
5070651,1,f,,Single listing
5082205,1,f,,Single listing
5137483,3,f,,2-4 listings
5155091,1,f,,Single listing
5156139,1,f,,Single listing
5160372,1,f,,Single listing
5207451,1,f,,Single listing
5208111,1,t,,Single listing
5244287,1,f,,Single listing
5247707,1,f,,Single listing
5249039,2,f,,2-4 listings
5296702,1,f,,Single listing
5302348,1,t,,Single listing
5318095,2,f,,2-4 listings
5334485,1,f,,Single listing
5345205,5,f,,5-19 listings
5360971,1,t,,Single listing
5361912,1,t,,Single listing
5381110,1,f,,Single listing
5428011,1,f,,Single listing
5430947,1,f,,Single listing
5445411,3,f,,2-4 listings
5460216,1,f,,Single listing
5482320,1,f,,Single listing
5485101,1,t,,Single listing
5488887,1,f,,Single listing
5496544,1,f,,Single listing
5509428,17,f,,5-19 listings
5526406,1,t,,Single listing
5527126,15,t,,5-19 listings
5528437,1,f,,Single listing
5532415,1,f,,Single listing
5532718,2,t,,2-4 listings
5533233,9,t,,5-19 listings
5548843,1,t,,Single listing
5550834,1,t,,Single listing
5562765,1,f,,Single listing
5614181,1,f,,Single listing
5617221,1,f,,Single listing
5629456,3,t,,2-4 listings
5645795,1,t,,Single listing
5646468,2,t,,2-4 listings
5659734,1,f,,Single listing
5663170,1,f,,Single listing
5666714,1,t,,Single listing
5666758,1,f,,Single listing
5676433,2,f,,2-4 listings
5729824,1,f,,Single listing
5739572,1,f,,Single listing
5749758,2,f,,2-4 listings
5763323,1,f,,Single listing
5764071,1,f,,Single listing
5805928,6,t,,5-19 listings
5806251,1,f,,Single listing
5807357,1,t,,Single listing
5808514,3,t,,2-4 listings
5816799,1,t,,Single listing
5869425,2,f,,2-4 listings
5894080,1,f,,Single listing
5897120,6,t,,5-19 listings
5903731,2,f,,2-4 listings
5951296,1,f,,Single listing
5956617,2,t,,2-4 listings
5968143,1,f,,Single listing
5980180,1,f,,Single listing
6012181,1,t,,Single listing
6037709,1,f,,Single listing
6069595,2,f,,2-4 listings
6077036,2,t,,2-4 listings
6079626,1,f,,Single listing
6111977,33,t,,20+ listings
6112151,1,f,,Single listing
6141159,2,f,,2-4 listings
6142274,1,f,,Single listing
6143367,1,f,,Single listing
6151764,1,f,,Single listing
6158570,2,t,,2-4 listings
6166632,1,f,,Single listing
6182596,1,f,,Single listing
6190734,1,t,,Single listing
6191096,1,t,,Single listing
6193093,1,f,,Single listing
6194118,5,t,,5-19 listings
6197538,1,f,,Single listing
6208680,1,f,,Single listing
6235203,2,t,,2-4 listings
6235795,1,f,,Single listing
6247279,1,f,,Single listing
6249106,3,f,,2-4 listings
6250570,2,t,,2-4 listings
6252089,1,t,,Single listing
6263781,2,t,,2-4 listings
6268711,1,t,,Single listing
6269301,20,t,,20+ listings
6287080,1,f,,Single listing
6317281,2,f,,2-4 listings
6332635,1,t,,Single listing
6334194,2,t,,2-4 listings
6352940,1,f,,Single listing
6353206,1,f,,Single listing
6380120,1,f,,Single listing
6390482,1,t,,Single listing
6409086,1,t,,Single listing
6423561,1,f,,Single listing
6500894,1,f,,Single listing
6502541,3,t,,2-4 listings
6513551,1,f,,Single listing
6521155,2,f,,2-4 listings
6527746,2,t,,2-4 listings
6527833,1,t,,Single listing
6534318,1,f,,Single listing
6534855,1,f,,Single listing
6535353,1,f,,Single listing
6537160,2,f,,2-4 listings
6577667,1,f,,Single listing
6578055,1,t,,Single listing
6578805,1,f,,Single listing
6594564,1,f,,Single listing
6603190,1,f,,Single listing
6622330,1,f,,Single listing
6629728,1,t,,Single listing
6631496,1,f,,Single listing
6632489,80,f,,20+ listings
6640615,1,t,,Single listing
6648528,1,t,,Single listing
6660214,1,t,,Single listing
6667897,1,f,,Single listing
6685500,1,f,,Single listing
6700963,1,f,,Single listing
6714211,1,f,,Single listing
6732291,1,f,,Single listing
6748226,6,t,,5-19 listings
6750543,5,t,,5-19 listings
6759426,1,f,,Single listing
6770006,1,f,,Single listing
6774239,1,f,,Single listing
6779373,1,f,,Single listing
6785658,1,t,,Single listing
6801182,2,f,,2-4 listings
6805842,1,f,,Single listing
6816037,1,t,,Single listing
6822316,1,f,,Single listing
6827700,1,f,,Single listing
6848859,1,f,,Single listing
6849383,1,f,,Single listing
6871685,1,t,,Single listing
6889899,1,f,,Single listing
6923364,1,f,,Single listing
6978971,1,t,,Single listing
6983604,1,f,,Single listing
7017682,1,t,,Single listing
7051121,1,f,,Single listing
7059202,2,f,,2-4 listings
7066108,1,f,,Single listing
7071810,1,t,,Single listing
7079031,1,f,,Single listing
7080534,1,f,,Single listing
7084616,1,f,,Single listing
7089231,1,f,,Single listing
7122851,16,t,,5-19 listings
7150410,1,f,,Single listing
7151375,1,t,,Single listing
7153964,2,f,,2-4 listings
7223146,2,t,,2-4 listings
7231028,4,f,,2-4 listings
7244825,3,f,,2-4 listings
7246980,1,f,,Single listing
7276640,22,t,,20+ listings
7282688,5,f,,5-19 listings
7293398,1,f,,Single listing
7304467,28,t,,20+ listings
7319659,2,t,,2-4 listings
7327254,1,f,,Single listing
7335710,6,t,,5-19 listings
7348356,2,f,,2-4 listings
7370350,1,t,,Single listing
7392207,1,f,,Single listing
7411808,1,f,,Single listing
7437667,1,f,,Single listing
7460866,2,t,,2-4 listings
7482196,2,f,,2-4 listings
7492267,1,f,,Single listing
7539043,3,t,,2-4 listings
7539526,2,t,,2-4 listings
7547589,3,f,,2-4 listings
7560949,1,f,,Single listing
7566205,1,f,,Single listing
7582637,1,f,,Single listing
7596669,8,t,,5-19 listings
7603872,1,f,,Single listing
7621088,1,t,,Single listing
7654009,1,f,,Single listing
7665245,1,f,,Single listing
7689114,1,f,,Single listing
7716347,1,f,,Single listing
7731379,1,f,,Single listing
7731970,1,t,,Single listing
7761103,2,f,,2-4 listings
7768299,1,f,,Single listing
7768426,4,f,,2-4 listings
7780825,1,f,,Single listing
7793522,2,t,,2-4 listings
7848820,3,t,,2-4 listings
7864886,1,f,,Single listing
7865066,4,t,,2-4 listings
7869930,1,f,,Single listing
7888703,7,f,,5-19 listings
7892365,1,f,,Single listing
7934502,1,f,,Single listing
7935719,1,f,,Single listing
7939387,1,f,,Single listing
7950186,1,t,,Single listing
7966816,1,f,,Single listing
7971836,3,t,,2-4 listings
7980850,1,t,,Single listing
8006514,1,f,,Single listing
8045431,2,t,,2-4 listings
8076673,1,f,,Single listing
8080112,1,f,,Single listing
8084921,1,t,,Single listing
8098829,1,t,,Single listing
8101796,1,f,,Single listing
8101934,6,t,,5-19 listings
8104261,1,t,,Single listing
8104922,1,t,,Single listing
8108425,66,t,,20+ listings
8109114,1,f,,Single listing
8111734,2,t,,2-4 listings
8135771,1,t,,Single listing
8177189,1,t,,Single listing
8209470,1,f,,Single listing
8266708,1,f,,Single listing
8287234,1,t,,Single listing
8287346,2,t,,2-4 listings
8293590,1,f,,Single listing
8297457,1,t,,Single listing
8301187,1,f,,Single listing
8345207,2,f,,2-4 listings
8355528,4,f,,2-4 listings
8365702,1,f,,Single listing
8376914,1,f,,Single listing
8399592,3,f,,2-4 listings
8410637,3,t,,2-4 listings
8444489,1,f,,Single listing
8463032,1,f,,Single listing
8466978,1,f,,Single listing
8490248,1,f,,Single listing
8507045,4,t,,2-4 listings
8507093,1,t,,Single listing
8507293,2,t,,2-4 listings
8516632,1,f,,Single listing
8519097,1,t,,Single listing
8526120,1,f,,Single listing
8547867,7,f,,5-19 listings
8580898,1,f,,Single listing
8592110,3,f,,2-4 listings
8611906,16,f,,5-19 listings
8613231,3,f,,2-4 listings
8625914,1,f,,Single listing
8631476,1,t,,Single listing
8632942,1,f,,Single listing
8643899,3,f,,2-4 listings
8648406,1,t,,Single listing
8649269,1,f,,Single listing
8650940,2,f,,2-4 listings
8666382,3,t,,2-4 listings
8707895,4,t,,2-4 listings
8708423,1,f,,Single listing
8708456,1,f,,Single listing
8721135,1,f,,Single listing
8721830,17,t,,5-19 listings
8725322,1,f,,Single listing
8727158,1,f,,Single listing
8732631,1,f,,Single listing
8770031,6,f,,5-19 listings
8774137,1,f,,Single listing
8775599,3,t,,2-4 listings
8786920,1,f,,Single listing
8786972,1,f,,Single listing
8794010,16,t,,5-19 listings
8806377,1,f,,Single listing
8830921,1,f,,Single listing
8831842,4,f,,2-4 listings
8845544,2,f,,2-4 listings
8846897,1,t,,Single listing
8849576,1,t,,Single listing
8861631,1,f,,Single listing
8868541,1,f,,Single listing
8875328,1,f,,Single listing
8878944,2,t,,2-4 listings
8897824,3,f,,2-4 listings
8906630,6,t,,5-19 listings
8915738,1,f,,Single listing
8940712,1,t,,Single listing
8975353,3,f,,2-4 listings
8981382,1,t,,Single listing
8989725,2,t,,2-4 listings
8992395,1,f,,Single listing
8995499,1,f,,Single listing
9004230,6,f,,5-19 listings
9004720,1,f,,Single listing
9008122,1,f,,Single listing
9009573,1,f,,Single listing
9034479,1,t,,Single listing
9047137,1,f,,Single listing
9071495,1,f,,Single listing
9086698,1,f,,Single listing
9099113,1,f,,Single listing
9114151,1,t,,Single listing
9162616,1,f,,Single listing
9166771,2,t,,2-4 listings
9169718,4,t,,2-4 listings
9185623,2,f,,2-4 listings
9189366,8,f,,5-19 listings
9189838,1,f,,Single listing
9204385,1,t,,Single listing
9205991,1,f,,Single listing
9207263,1,t,,Single listing
9214080,2,f,,2-4 listings
9233395,5,t,,5-19 listings
9241838,1,f,,Single listing
9246582,1,f,,Single listing
9246650,1,f,,Single listing
9249174,1,f,,Single listing
9253804,1,f,,Single listing
9261843,1,t,,Single listing
9298023,1,f,,Single listing
9302849,1,t,,Single listing
9322571,3,f,,2-4 listings
9324659,2,f,,2-4 listings
9324967,1,f,,Single listing
9326267,1,f,,Single listing
9331704,1,f,,Single listing
9334724,5,t,,5-19 listings
9370310,4,t,,2-4 listings
9384179,2,t,,2-4 listings
9384682,1,t,,Single listing
9384759,1,t,,Single listing
9389211,1,f,,Single listing
9394705,1,f,,Single listing
9397041,1,f,,Single listing
9404900,1,f,,Single listing
9416174,5,t,,5-19 listings
9421088,4,t,,2-4 listings
9424060,1,t,,Single listing
9424626,1,f,,Single listing
9428254,1,f,,Single listing
9477747,6,t,,5-19 listings
9478371,1,f,,Single listing
9478902,2,f,,2-4 listings
9490995,1,f,,Single listing
9496372,2,f,,2-4 listings
9507106,2,t,,2-4 listings
9507246,1,f,,Single listing
9534747,1,f,,Single listing
9538570,1,t,,Single listing
9543306,1,f,,Single listing
9547457,1,t,,Single listing
9588616,2,f,,2-4 listings
9599348,1,f,,Single listing
9607847,1,t,,Single listing
9608176,1,f,,Single listing
9608953,3,f,,2-4 listings
9632708,1,f,,Single listing
9642783,1,f,,Single listing
9653740,1,f,,Single listing
9653933,1,t,,Single listing
9655270,1,t,,Single listing
9663241,1,f,,Single listing
9666895,1,f,,Single listing
9669737,24,t,,20+ listings
9672887,1,f,,Single listing
9673552,1,f,,Single listing
9675094,4,t,,2-4 listings
9684391,1,f,,Single listing
9689118,1,f,,Single listing
9693636,14,f,,5-19 listings
9715719,1,t,,Single listing
9718491,1,f,,Single listing
9719696,1,f,,Single listing
9742574,1,f,,Single listing
9748918,1,t,,Single listing
9749394,1,f,,Single listing
9752740,2,t,,2-4 listings
9753037,1,f,,Single listing
9761499,1,t,,Single listing
9762270,1,t,,Single listing
9771709,1,f,,Single listing
9778760,1,f,,Single listing
9837573,2,t,,2-4 listings
9864017,3,t,,2-4 listings
9872892,3,f,,2-4 listings
9874291,1,f,,Single listing
9916144,2,t,,2-4 listings
9916796,1,f,,Single listing
9920779,1,f,,Single listing
9940038,1,t,,Single listing
9960137,1,f,,Single listing
9966987,2,f,,2-4 listings
9980040,1,t,,Single listing
9982469,1,f,,Single listing
9985850,1,f,,Single listing
9987073,1,f,,Single listing
9988034,1,f,,Single listing
9988820,1,f,,Single listing
9993001,1,f,,Single listing
9994485,1,t,,Single listing
10033922,1,f,,Single listing
10051123,3,f,,2-4 listings
10052456,1,f,,Single listing
10064162,1,t,,Single listing
10070247,2,t,,2-4 listings
10074617,1,f,,Single listing
10081986,1,f,,Single listing
10106929,1,f,,Single listing
10113956,1,f,,Single listing
10116675,2,t,,2-4 listings
10145256,1,f,,Single listing
10147534,2,f,,2-4 listings
10163397,4,f,,2-4 listings
10187003,1,f,,Single listing
10190391,1,f,,Single listing
10203726,1,f,,Single listing
10206327,1,f,,Single listing
10219567,1,f,,Single listing
10247020,1,f,,Single listing
10247327,1,t,,Single listing
10250172,2,f,,2-4 listings
10274407,1,f,,Single listing
10279428,3,t,,2-4 listings
10288729,1,t,,Single listing
10308713,2,t,,2-4 listings
10328721,1,f,,Single listing
10340875,3,t,,2-4 listings
10345050,2,f,,2-4 listings
10355357,1,f,,Single listing
10361672,1,f,,Single listing
10380918,1,f,,Single listing
10400679,1,f,,Single listing
10400870,1,f,,Single listing
10404481,2,f,,2-4 listings
10406000,1,f,,Single listing
10463362,1,f,,Single listing
10471135,1,f,,Single listing
10480453,1,t,,Single listing
10484689,15,f,,5-19 listings
10496877,1,f,,Single listing
10505478,8,t,,5-19 listings
10514944,3,t,,2-4 listings
10519571,1,t,,Single listing
10521152,1,f,,Single listing
10537986,2,t,,2-4 listings
10547506,2,f,,2-4 listings
10557298,6,f,,5-19 listings
10568057,1,f,,Single listing
10582529,1,t,,Single listing
10585116,2,t,,2-4 listings
10604220,1,f,,Single listing
10610630,1,t,,Single listing
10622258,2,t,,2-4 listings
10628663,1,t,,Single listing
10677843,1,f,,Single listing
10685348,1,f,,Single listing
10689278,1,f,,Single listing
10689558,6,t,,5-19 listings
10728162,1,f,,Single listing
10746138,1,f,,Single listing
10754427,1,f,,Single listing
10755607,2,t,,2-4 listings
10777975,1,t,,Single listing
10805577,1,t,,Single listing
10816726,1,f,,Single listing
10842986,1,f,,Single listing
10905751,1,f,,Single listing
10913063,21,t,,20+ listings
10923764,1,t,,Single listing
10925620,1,f,,Single listing
10933750,1,f,,Single listing
10986187,6,f,,5-19 listings
11009366,1,f,,Single listing
11024453,1,t,,Single listing
11029549,1,f,,Single listing
11038909,1,t,,Single listing
11057102,5,t,,5-19 listings
11059859,2,t,,2-4 listings
11095155,1,f,,Single listing
11098216,1,f,,Single listing
11117948,1,f,,Single listing
11127644,1,f,,Single listing
11138780,1,f,,Single listing
11140529,1,f,,Single listing
11144628,1,t,,Single listing
11200200,1,f,,Single listing
11218264,6,f,,5-19 listings
11225276,1,t,,Single listing
11228866,2,f,,2-4 listings
11256931,1,t,,Single listing
11264123,1,t,,Single listing
11291706,1,t,,Single listing
11294341,1,f,,Single listing
11294503,1,f,,Single listing
11295823,1,f,,Single listing
11297696,1,t,,Single listing
11324137,5,t,,5-19 listings
11330652,1,f,,Single listing
11350367,1,t,,Single listing
11363335,1,f,,Single listing
11366704,1,f,,Single listing
11378199,2,t,,2-4 listings
11380192,1,t,,Single listing
11381396,1,f,,Single listing
11384184,6,f,,5-19 listings
11396032,5,f,,5-19 listings
11406020,2,f,,2-4 listings
11420844,1,f,,Single listing
11466788,1,f,,Single listing
11469972,1,f,,Single listing
11475161,1,t,,Single listing
11499935,1,f,,Single listing
11506734,2,t,,2-4 listings
11509055,1,f,,Single listing
11543872,2,t,,2-4 listings
11546978,1,f,,Single listing
11552729,1,t,,Single listing
11560323,1,f,,Single listing
11620558,1,f,,Single listing
11625734,2,f,,2-4 listings
11627597,1,f,,Single listing
11641303,2,f,,2-4 listings
11675150,5,f,,5-19 listings
11683001,3,f,,2-4 listings
11683988,2,f,,2-4 listings
11702725,2,f,,2-4 listings
11713653,1,t,,Single listing
11722522,1,t,,Single listing
11751211,1,f,,Single listing
11752037,3,t,,2-4 listings
11755032,1,f,,Single listing
11776311,1,f,,Single listing
11807673,1,f,,Single listing
11829133,1,f,,Single listing
11854978,1,f,,Single listing
11858790,14,t,,5-19 listings
11860599,1,t,,Single listing
11903986,1,f,,Single listing
11907025,1,f,,Single listing
11908729,1,f,,Single listing
11968582,1,t,,Single listing
11969067,1,f,,Single listing
11971156,2,f,,2-4 listings
11990342,2,t,,2-4 listings
11991167,2,f,,2-4 listings
11995423,2,f,,2-4 listings
12015240,1,f,,Single listing
12019798,1,f,,Single listing
12040514,3,f,,2-4 listings
12043569,1,f,,Single listing
12050437,1,t,,Single listing
12067739,2,f,,2-4 listings
12084913,1,t,,Single listing
12140195,1,t,,Single listing
12141679,1,t,,Single listing
12152659,3,t,,2-4 listings
12168195,1,f,,Single listing
12168773,5,f,,5-19 listings
12175144,1,f,,Single listing
12175433,1,f,,Single listing
12198212,6,t,,5-19 listings
12199557,1,f,,Single listing
12228483,1,f,,Single listing
12242941,1,f,,Single listing
12260572,1,f,,Single listing
12265232,1,f,,Single listing
12271347,1,f,,Single listing
12273133,1,t,,Single listing
12277461,1,f,,Single listing
12288890,1,f,,Single listing
12291462,1,f,,Single listing
12306351,5,f,,5-19 listings
12315292,1,t,,Single listing
12345980,1,f,,Single listing
12361034,2,t,,2-4 listings
12362751,3,t,,2-4 listings
12384178,3,f,,2-4 listings
12384865,2,f,,2-4 listings
12394994,1,t,,Single listing
12406973,1,t,,Single listing
12408309,5,f,,5-19 listings
12409836,2,t,,2-4 listings
12411235,2,t,,2-4 listings
12416081,1,f,,Single listing
12447030,1,f,,Single listing
12449451,2,f,,2-4 listings
12465142,1,t,,Single listing
12466404,4,f,,2-4 listings
12491277,1,f,,Single listing
12499972,1,f,,Single listing
12507655,4,t,,2-4 listings
12544529,1,f,,Single listing
12545676,17,f,,5-19 listings
12572540,1,f,,Single listing
12576978,1,t,,Single listing
12596928,1,f,,Single listing
12598218,1,f,,Single listing
12600391,1,f,,Single listing
12624820,1,f,,Single listing
12628434,1,f,,Single listing
12633536,1,f,,Single listing
12661166,1,f,,Single listing
12685681,3,f,,2-4 listings
12687350,1,f,,Single listing
12710704,1,t,,Single listing
12729704,27,t,,20+ listings
12758629,8,t,,5-19 listings
12791457,1,f,,Single listing
12825402,1,f,,Single listing
12827914,1,f,,Single listing
12837162,1,t,,Single listing
12838194,1,t,,Single listing
12857248,1,f,,Single listing
12867834,1,f,,Single listing
12914609,1,t,,Single listing
12915070,13,t,,5-19 listings
12916129,1,f,,Single listing
12922801,8,f,,5-19 listings
12929887,1,f,,Single listing
12945822,24,t,,20+ listings
12950140,1,t,,Single listing
12951456,1,f,,Single listing
12951678,3,f,,2-4 listings
12953112,2,f,,2-4 listings
12954568,2,t,,2-4 listings
12979912,1,t,,Single listing
12980138,1,t,,Single listing
12995136,1,f,,Single listing
13009911,2,f,,2-4 listings
13022709,2,t,,2-4 listings
13036775,2,t,,2-4 listings
13043690,2,t,,2-4 listings
13053305,1,f,,Single listing
13056805,2,f,,2-4 listings
13065188,3,f,,2-4 listings
13088224,1,f,,Single listing
13151726,2,t,,2-4 listings
13172053,7,f,,5-19 listings
13185814,1,f,,Single listing
13210801,1,f,,Single listing
13217735,1,f,,Single listing
13227958,1,f,,Single listing
13249491,1,f,,Single listing
13252076,2,f,,2-4 listings
13257820,5,f,,5-19 listings
13286229,12,t,,5-19 listings
13290223,5,t,,5-19 listings
13293956,1,f,,Single listing
13333178,6,f,,5-19 listings
13341470,1,f,,Single listing
13385029,1,f,,Single listing
13407637,9,t,,5-19 listings
13436658,1,f,,Single listing
13445115,1,t,,Single listing
13457233,1,f,,Single listing
13468116,1,f,,Single listing
13469069,1,f,,Single listing
13473283,1,f,,Single listing
13473670,1,f,,Single listing
13483998,5,f,,5-19 listings
13492506,1,f,,Single listing
13506601,1,f,,Single listing
13522513,1,t,,Single listing
13524875,2,t,,2-4 listings
13525004,1,f,,Single listing
13529482,1,f,,Single listing
13536634,1,t,,Single listing
13550677,4,t,,2-4 listings
13561326,2,f,,2-4 listings
13576368,1,t,,Single listing
13578829,1,t,,Single listing
13588587,1,f,,Single listing
13598579,1,f,,Single listing
13630321,2,t,,2-4 listings
13633889,3,f,,2-4 listings
13636042,1,t,,Single listing
13638287,1,f,,Single listing
13661190,1,f,,Single listing
13683972,1,f,,Single listing
13700436,1,f,,Single listing
13703635,1,t,,Single listing
13723254,1,f,,Single listing
13729241,25,f,,20+ listings
13765786,1,f,,Single listing
13798334,1,f,,Single listing
13805240,1,f,,Single listing
13821827,1,t,,Single listing
13824707,1,f,,Single listing
13831403,4,t,,2-4 listings
13838308,1,f,,Single listing
13846819,12,t,,5-19 listings
13861508,1,f,,Single listing
13882275,2,f,,2-4 listings
13909053,1,f,,Single listing
13909972,1,t,,Single listing
13945972,6,t,,5-19 listings
13948169,2,f,,2-4 listings
13982676,1,f,,Single listing
13997045,1,t,,Single listing
13997786,1,t,,Single listing
14000100,1,t,,Single listing
14000758,1,f,,Single listing
14003723,1,t,,Single listing
14006154,2,t,,2-4 listings
14028528,2,t,,2-4 listings
14035145,1,t,,Single listing
14035161,1,f,,Single listing
14041711,1,f,,Single listing
14045867,1,t,,Single listing
14052625,1,f,,Single listing
14053993,1,t,,Single listing
14074842,1,f,,Single listing
14098980,1,f,,Single listing
14105485,1,t,,Single listing
14108914,1,f,,Single listing
14120131,27,f,,20+ listings
14147342,5,t,,5-19 listings
14162914,1,t,,Single listing
14262121,4,t,,2-4 listings
14266548,1,f,,Single listing
14269202,1,t,,Single listing
14286267,1,f,,Single listing
14286346,1,f,,Single listing
14311642,1,f,,Single listing
14320075,1,t,,Single listing
14322071,5,f,,5-19 listings
14349232,1,f,,Single listing
14361932,1,f,,Single listing
14386161,1,f,,Single listing
14391746,1,t,,Single listing
14409325,1,f,,Single listing
14416712,6,t,,5-19 listings
14439315,2,f,,2-4 listings
14468795,1,f,,Single listing
14474864,2,f,,2-4 listings
14490992,1,f,,Single listing
14493823,4,t,,2-4 listings
14498466,1,f,,Single listing
14502686,1,f,,Single listing
14511477,1,f,,Single listing
14523905,3,f,,2-4 listings
14551013,1,t,,Single listing
14593820,11,t,,5-19 listings
14598046,2,t,,2-4 listings
14604429,1,f,,Single listing
14643617,4,t,,2-4 listings
14646576,1,f,,Single listing
14659352,1,f,,Single listing
14660993,1,f,,Single listing
14665896,1,f,,Single listing
14672295,2,t,,2-4 listings
14675308,2,t,,2-4 listings
14704851,1,f,,Single listing
14710886,1,f,,Single listing
14736986,20,f,,20+ listings
14740733,1,t,,Single listing
14743828,1,f,,Single listing
14746413,1,f,,Single listing
14768550,1,f,,Single listing
14815728,2,f,,2-4 listings
14837108,1,f,,Single listing
14847214,2,f,,2-4 listings
14874826,1,t,,Single listing
14884315,6,t,,5-19 listings
14888883,1,f,,Single listing
14894617,1,f,,Single listing
14895373,1,t,,Single listing
14895758,3,f,,2-4 listings
14917467,2,f,,2-4 listings
14929067,1,f,,Single listing
14956042,2,t,,2-4 listings
14998084,5,f,,5-19 listings
15003780,1,t,,Single listing
15017673,1,f,,Single listing
15033734,1,t,,Single listing
15054619,1,f,,Single listing
15057416,1,f,,Single listing
15068708,1,f,,Single listing
15069893,1,f,,Single listing
15070307,6,t,,5-19 listings
15076045,1,t,,Single listing
15076958,1,t,,Single listing
15088356,1,f,,Single listing
15096978,1,t,,Single listing
15100439,2,f,,2-4 listings
15100843,1,t,,Single listing
15114544,1,t,,Single listing
15207510,1,t,,Single listing
15211458,1,f,,Single listing
15233310,1,f,,Single listing
15250050,3,t,,2-4 listings
15254219,2,t,,2-4 listings
15257623,1,f,,Single listing
15266431,1,f,,Single listing
15290191,1,f,,Single listing
15293994,3,t,,2-4 listings
15303735,1,f,,Single listing
15316054,1,t,,Single listing
15362224,1,f,,Single listing
15386371,1,f,,Single listing
15405036,1,t,,Single listing
15414702,2,f,,2-4 listings
15503988,2,f,,2-4 listings
15524997,2,f,,2-4 listings
15525938,2,f,,2-4 listings
15529151,1,f,,Single listing
15529530,1,f,,Single listing
15552763,1,f,,Single listing
15555857,1,f,,Single listing
15570300,1,f,,Single listing
15578425,1,f,,Single listing
15581838,1,f,,Single listing
15603414,1,t,,Single listing
15667813,1,f,,Single listing
15671356,3,t,,2-4 listings
15680573,1,f,,Single listing
15685463,1,f,,Single listing
15753343,1,f,,Single listing
15772271,1,f,,Single listing
15775833,1,f,,Single listing
15776213,2,f,,2-4 listings
15784419,4,t,,2-4 listings
15813333,5,f,,5-19 listings
15818381,7,t,,5-19 listings
15841033,1,f,,Single listing
15845206,7,t,,5-19 listings
15848696,2,t,,2-4 listings
15850972,3,t,,2-4 listings
15856901,2,f,,2-4 listings
15896051,1,f,,Single listing
15913800,1,f,,Single listing
15960100,1,f,,Single listing
15962000,1,f,,Single listing
15963963,1,f,,Single listing
15989141,1,f,,Single listing
15997326,1,f,,Single listing
15997702,1,f,,Single listing
16040297,1,t,,Single listing
16044643,1,t,,Single listing
16057263,1,f,,Single listing
16100232,2,t,,2-4 listings
16162791,1,f,,Single listing
16169603,2,t,,2-4 listings
16209249,1,f,,Single listing
16211719,1,f,,Single listing
16236132,1,f,,Single listing
16253046,3,f,,2-4 listings
16257502,1,f,,Single listing
16266818,1,f,,Single listing
16268194,1,f,,Single listing
16274081,1,f,,Single listing
16274849,1,f,,Single listing
16314383,4,t,,2-4 listings
16316334,3,t,,2-4 listings
16318948,4,t,,2-4 listings
16321434,1,f,,Single listing
16336062,1,t,,Single listing
16360299,3,f,,2-4 listings
16360655,1,f,,Single listing
16360772,3,t,,2-4 listings
16369867,1,f,,Single listing
16387145,1,f,,Single listing
16435190,1,f,,Single listing
16498325,1,f,,Single listing
16498462,1,t,,Single listing
16498964,1,f,,Single listing
16514696,2,t,,2-4 listings
16517886,1,t,,Single listing
16518931,1,f,,Single listing
16526904,1,f,,Single listing
16533740,1,f,,Single listing
16536747,1,f,,Single listing
16558135,1,f,,Single listing
16577955,1,f,,Single listing
16591781,1,f,,Single listing
16604141,1,f,,Single listing
16608795,2,f,,2-4 listings
16684339,1,f,,Single listing
16703879,1,f,,Single listing
16704672,2,f,,2-4 listings
16714195,1,f,,Single listing
16729467,1,f,,Single listing
16754706,4,t,,2-4 listings
16757883,1,f,,Single listing
16781068,4,f,,2-4 listings
16813928,1,f,,Single listing
16830231,1,f,,Single listing
16866718,2,t,,2-4 listings
16866829,1,f,,Single listing
16936645,1,f,,Single listing
16938924,1,t,,Single listing
16941423,1,f,,Single listing
16943506,1,f,,Single listing
16943513,3,f,,2-4 listings
16986244,1,t,,Single listing
16991528,1,t,,Single listing
17021578,41,t,,20+ listings
17034929,1,t,,Single listing
17062145,1,f,,Single listing
17071202,1,t,,Single listing
17086090,1,f,,Single listing
17091713,1,t,,Single listing
17107047,1,f,,Single listing
17108184,1,f,,Single listing
17118264,1,t,,Single listing
17136595,1,f,,Single listing
17149731,1,t,,Single listing
17159731,1,f,,Single listing
17167110,5,t,,5-19 listings
17167828,1,f,,Single listing
17174076,1,f,,Single listing
17182950,45,t,,20+ listings
17203604,18,f,,5-19 listings
17243856,1,f,,Single listing
17245321,1,f,,Single listing
17254805,2,t,,2-4 listings
17260814,1,f,,Single listing
17272468,2,t,,2-4 listings
17314690,1,f,,Single listing
17317686,2,t,,2-4 listings
17326324,1,f,,Single listing
17356977,1,f,,Single listing
17403114,1,f,,Single listing
17404152,1,t,,Single listing
17411527,1,f,,Single listing
17439433,1,f,,Single listing
17485223,3,f,,2-4 listings
17490942,3,f,,2-4 listings
17493137,1,t,,Single listing
17500592,1,t,,Single listing
17509263,3,f,,2-4 listings
17547767,3,t,,2-4 listings
17560297,1,f,,Single listing
17612688,1,f,,Single listing
17638605,1,t,,Single listing
17659669,1,f,,Single listing
17681570,1,f,,Single listing
17682919,1,f,,Single listing
17683979,3,f,,2-4 listings
17743896,1,t,,Single listing
17774497,2,f,,2-4 listings
17800102,2,f,,2-4 listings
17800854,1,f,,Single listing
17803308,2,t,,2-4 listings
17804199,1,f,,Single listing
17820336,1,f,,Single listing
17821841,2,f,,2-4 listings
17830071,1,t,,Single listing
17865972,1,t,,Single listing
17883256,1,f,,Single listing
17920983,1,f,,Single listing
17996244,3,t,,2-4 listings
18002064,1,t,,Single listing
18007585,1,f,,Single listing
18009416,2,t,,2-4 listings
18026994,2,f,,2-4 listings
18047848,1,f,,Single listing
18054867,1,f,,Single listing
18073340,7,f,,5-19 listings
18086845,1,f,,Single listing
18124997,1,t,,Single listing
18133457,1,f,,Single listing
18175979,1,f,,Single listing
18180804,1,f,,Single listing
18210268,2,t,,2-4 listings
18235894,1,t,,Single listing
18247615,1,f,,Single listing
18252437,1,t,,Single listing
18277323,1,f,,Single listing
18280420,1,f,,Single listing
18299561,1,t,,Single listing
18304257,3,t,,2-4 listings
18315720,1,f,,Single listing
18343352,2,f,,2-4 listings
18402439,1,t,,Single listing
18472680,1,f,,Single listing
18479858,1,f,,Single listing
18612601,5,t,,5-19 listings
18616062,2,f,,2-4 listings
18633453,3,t,,2-4 listings
18639087,5,f,,5-19 listings
18646992,1,f,,Single listing
18654929,3,f,,2-4 listings
18664350,1,f,,Single listing
18708210,1,f,,Single listing
18725498,2,t,,2-4 listings
18741094,3,t,,2-4 listings
18792067,2,f,,2-4 listings
18793623,2,f,,2-4 listings
18816967,2,t,,2-4 listings
18846232,1,f,,Single listing
18850853,4,t,,2-4 listings
18852159,1,t,,Single listing
18856648,1,f,,Single listing
18928874,1,f,,Single listing
18932142,1,t,,Single listing
18937424,2,t,,2-4 listings
18957894,1,f,,Single listing
18971959,4,f,,2-4 listings
18988404,1,f,,Single listing
19093467,1,f,,Single listing
19096995,9,t,,5-19 listings
19122881,3,t,,2-4 listings
19126010,1,t,,Single listing
19151951,1,f,,Single listing
19177328,1,f,,Single listing
19216531,1,f,,Single listing
19217087,3,t,,2-4 listings
19275184,1,f,,Single listing
19315898,1,f,,Single listing
19366271,3,t,,2-4 listings
19394417,1,t,,Single listing
19399130,1,t,,Single listing
19399804,1,f,,Single listing
19406327,2,f,,2-4 listings
19406541,14,t,,5-19 listings
19448379,1,f,,Single listing
19456124,2,t,,2-4 listings
19462773,1,f,,Single listing
19486720,1,t,,Single listing
19489828,8,t,,5-19 listings
19509109,1,f,,Single listing
19514589,1,t,,Single listing
19549749,1,t,,Single listing
19566990,1,f,,Single listing
19605555,1,f,,Single listing
19606027,1,t,,Single listing
19607973,1,f,,Single listing
19643579,1,f,,Single listing
19663177,1,t,,Single listing
19674419,1,t,,Single listing
19675508,2,f,,2-4 listings
19682761,1,t,,Single listing
19719614,1,t,,Single listing
19727498,3,f,,2-4 listings
19728587,1,f,,Single listing
19745781,49,t,,20+ listings
19796479,1,f,,Single listing
19801102,1,f,,Single listing
19813792,1,f,,Single listing
19823306,2,t,,2-4 listings
19827224,1,f,,Single listing
19839586,1,f,,Single listing
19843965,24,t,,20+ listings
19859835,1,f,,Single listing
19870528,1,f,,Single listing
19886028,1,t,,Single listing
19899482,2,f,,2-4 listings
19904826,1,f,,Single listing
20011538,1,f,,Single listing
20048728,1,t,,Single listing
20052928,1,t,,Single listing
20059813,1,f,,Single listing
20079629,1,f,,Single listing
20081472,1,t,,Single listing
20081561,1,f,,Single listing
20100246,1,f,,Single listing
20147811,1,f,,Single listing
20166504,3,f,,2-4 listings
20175556,1,f,,Single listing
20192561,1,f,,Single listing
20194584,1,f,,Single listing
20197651,1,f,,Single listing
20218142,58,t,,20+ listings
20218485,1,f,,Single listing
20229714,2,t,,2-4 listings
20256074,1,f,,Single listing
20256613,1,f,,Single listing
20320808,1,f,,Single listing
20338972,1,t,,Single listing
20345815,2,f,,2-4 listings
20355974,1,f,,Single listing
20384898,1,f,,Single listing
20389323,1,f,,Single listing
20390997,1,t,,Single listing
20395336,1,f,,Single listing
20399548,3,t,,2-4 listings
20411071,1,f,,Single listing
20450987,1,f,,Single listing
20485250,1,f,,Single listing
20485489,2,f,,2-4 listings
20487901,2,t,,2-4 listings
20504329,1,f,,Single listing
20504423,1,f,,Single listing
20504472,5,f,,5-19 listings
20505638,2,t,,2-4 listings
20506245,1,f,,Single listing
20509750,1,t,,Single listing
20514190,1,t,,Single listing
20521343,1,f,,Single listing
20548341,3,f,,2-4 listings
20556205,1,t,,Single listing
20572016,1,t,,Single listing
20573182,1,t,,Single listing
20592270,1,f,,Single listing
20600678,14,f,,5-19 listings
20600730,108,t,,20+ listings
20602565,77,t,,20+ listings
20611303,1,f,,Single listing
20639217,1,t,,Single listing
20676401,1,f,,Single listing
20677750,2,f,,2-4 listings
20698551,1,f,,Single listing
20759918,2,t,,2-4 listings
20767627,1,f,,Single listing
20771653,2,f,,2-4 listings
20798536,1,f,,Single listing
20799282,1,t,,Single listing
20810899,1,t,,Single listing
20817159,1,t,,Single listing
20842969,1,f,,Single listing
20906206,1,f,,Single listing
20916372,1,f,,Single listing
20917327,1,f,,Single listing
20928878,2,t,,2-4 listings
20935673,1,t,,Single listing
20960351,1,f,,Single listing
20973792,1,f,,Single listing
20980929,1,f,,Single listing
20992063,1,f,,Single listing
20993201,1,f,,Single listing
21002274,1,t,,Single listing
21006836,1,f,,Single listing
21009118,1,t,,Single listing
21027344,1,f,,Single listing
21030759,1,t,,Single listing
21041873,1,f,,Single listing
21069153,1,t,,Single listing
21076962,2,f,,2-4 listings
21093738,1,f,,Single listing
21109435,4,t,,2-4 listings
21164247,1,t,,Single listing
21173030,2,t,,2-4 listings
21180869,9,f,,5-19 listings
21183519,1,f,,Single listing
21206477,1,f,,Single listing
21207191,1,f,,Single listing
21215454,1,t,,Single listing
21219980,3,f,,2-4 listings
21222243,2,t,,2-4 listings
21226799,1,f,,Single listing
21252919,1,f,,Single listing
21253203,1,t,,Single listing
21260745,1,t,,Single listing
21280280,1,f,,Single listing
21280644,1,f,,Single listing
21308163,3,f,,2-4 listings
21320108,1,t,,Single listing
21324762,3,t,,2-4 listings
21329771,1,f,,Single listing
21347619,3,f,,2-4 listings
21350700,1,f,,Single listing
21351740,1,f,,Single listing
21364384,1,f,,Single listing
21366474,2,f,,2-4 listings
21368463,3,f,,2-4 listings
21370188,1,t,,Single listing
21378122,1,t,,Single listing
21388914,1,f,,Single listing
21392230,1,t,,Single listing
21400342,6,t,,5-19 listings
21402366,1,f,,Single listing
21417900,1,f,,Single listing
21433550,1,f,,Single listing
21435503,1,f,,Single listing
21451077,3,f,,2-4 listings
21455119,3,f,,2-4 listings
21473329,3,t,,2-4 listings
21473703,1,f,,Single listing
21496384,4,f,,2-4 listings
21507819,1,f,,Single listing
21509519,4,f,,2-4 listings
21510703,3,f,,2-4 listings
21541382,1,f,,Single listing
21548383,1,f,,Single listing
21560983,1,f,,Single listing
21570324,1,t,,Single listing
21579137,1,f,,Single listing
21581753,1,f,,Single listing
21602509,1,f,,Single listing
21614156,1,t,,Single listing
21627480,1,f,,Single listing
21628792,2,f,,2-4 listings
21629827,1,f,,Single listing
21638929,2,f,,2-4 listings
21668254,1,f,,Single listing
21672750,2,f,,2-4 listings
21679580,1,f,,Single listing
21679809,1,t,,Single listing
21681447,1,t,,Single listing
21683588,1,f,,Single listing
21744277,1,t,,Single listing
21762089,1,f,,Single listing
21775330,2,t,,2-4 listings
21782526,1,f,,Single listing
21797389,2,t,,2-4 listings
21798782,1,f,,Single listing
21810999,1,f,,Single listing
21822603,1,f,,Single listing
21838288,3,f,,2-4 listings
21864534,1,t,,Single listing
21869193,1,f,,Single listing
21912742,1,f,,Single listing
21960977,3,f,,2-4 listings
21962027,1,f,,Single listing
21990233,3,t,,2-4 listings
22004594,1,f,,Single listing
22042566,1,t,,Single listing
22046345,1,f,,Single listing
22053267,1,f,,Single listing
22068997,2,t,,2-4 listings
22070672,4,t,,2-4 listings
22071967,1,f,,Single listing
22078451,3,t,,2-4 listings
22113238,1,f,,Single listing
22119393,1,f,,Single listing
22125049,1,f,,Single listing
22143383,6,f,,5-19 listings
22150859,1,f,,Single listing
22162026,1,f,,Single listing
22162698,1,f,,Single listing
22186566,1,t,,Single listing
22187332,2,t,,2-4 listings
22190807,1,t,,Single listing
22192932,1,t,,Single listing
22219490,3,t,,2-4 listings
22223737,1,t,,Single listing
22228264,2,t,,2-4 listings
22230645,1,f,,Single listing
22232682,2,f,,2-4 listings
22234827,1,f,,Single listing
22235033,2,t,,2-4 listings
22248424,1,f,,Single listing
22267274,1,f,,Single listing
22272088,1,f,,Single listing
22272596,1,f,,Single listing
22280414,1,f,,Single listing
22282170,3,t,,2-4 listings
22298774,2,f,,2-4 listings
22313800,2,f,,2-4 listings
22317527,1,t,,Single listing
22326954,1,t,,Single listing
22363318,1,f,,Single listing
22365330,5,f,,5-19 listings
22368321,2,t,,2-4 listings
22369544,2,t,,2-4 listings
22391943,7,f,,5-19 listings
22404007,6,t,,5-19 listings
22428389,1,f,,Single listing
22441562,1,f,,Single listing
22466188,1,f,,Single listing
22468950,1,f,,Single listing
22476569,1,f,,Single listing
22477423,2,f,,2-4 listings
22483646,1,t,,Single listing
22488966,1,f,,Single listing
22492420,1,f,,Single listing
22515099,1,f,,Single listing
22519304,1,f,,Single listing
22540871,1,t,,Single listing
22556732,1,f,,Single listing
22573193,1,t,,Single listing
22580657,1,f,,Single listing
22599599,1,t,,Single listing
22600037,4,f,,2-4 listings
22601421,1,f,,Single listing
22620001,1,f,,Single listing
22638042,1,f,,Single listing
22641487,2,f,,2-4 listings
22641655,1,f,,Single listing
22643831,3,f,,2-4 listings
22684763,1,f,,Single listing
22692693,3,t,,2-4 listings
22706992,1,t,,Single listing
22709270,2,f,,2-4 listings
22725464,1,f,,Single listing
22741028,1,t,,Single listing
22741997,1,t,,Single listing
22750089,13,f,,5-19 listings
22759353,1,t,,Single listing
22763965,2,f,,2-4 listings
22768868,1,f,,Single listing
22784805,1,f,,Single listing
22790671,1,t,,Single listing
22794428,1,f,,Single listing
22798437,1,f,,Single listing
22800942,1,f,,Single listing
22803096,1,t,,Single listing
22804596,1,f,,Single listing
22807914,5,f,,5-19 listings
22809305,1,t,,Single listing
22810098,3,f,,2-4 listings
22827368,1,f,,Single listing
22835933,1,f,,Single listing
22844202,2,f,,2-4 listings
22892374,1,f,,Single listing
22915587,1,f,,Single listing
22926368,4,t,,2-4 listings
22949668,1,f,,Single listing
22949898,3,t,,2-4 listings
22972993,1,f,,Single listing
22974052,7,t,,5-19 listings
22974529,1,f,,Single listing
23014463,6,f,,5-19 listings
23017927,3,t,,2-4 listings
23035145,2,t,,2-4 listings
23035637,1,f,,Single listing
23039934,1,f,,Single listing
23050746,2,t,,2-4 listings
23052987,2,t,,2-4 listings
23054615,1,f,,Single listing
23054883,1,t,,Single listing
23061594,1,f,,Single listing
23064334,1,f,,Single listing
23097281,3,f,,2-4 listings
23111459,1,t,,Single listing
23112870,1,f,,Single listing
23114688,2,f,,2-4 listings
23134034,2,t,,2-4 listings
23134671,1,t,,Single listing
23136424,1,f,,Single listing
23137302,1,f,,Single listing
23137924,1,f,,Single listing
23143633,1,f,,Single listing
23144876,2,f,,2-4 listings
23149148,1,f,,Single listing
23153162,1,t,,Single listing
23209539,1,t,,Single listing
23224158,1,f,,Single listing
23235140,1,t,,Single listing
23276018,27,f,,20+ listings
23277886,1,t,,Single listing
23279409,1,f,,Single listing
23279937,1,t,,Single listing
23281919,1,t,,Single listing
23282427,1,f,,Single listing
23289504,1,t,,Single listing
23295926,1,f,,Single listing
23322238,1,f,,Single listing
23326061,1,f,,Single listing
23334761,1,f,,Single listing
23342390,4,t,,2-4 listings
23363967,1,f,,Single listing
23399674,1,f,,Single listing
23408812,1,f,,Single listing
23410421,2,f,,2-4 listings
23414548,1,t,,Single listing
23416142,1,t,,Single listing
23421526,2,t,,2-4 listings
23439358,1,f,,Single listing
23444927,1,f,,Single listing
23445920,1,f,,Single listing
23446018,2,f,,2-4 listings
23470582,1,f,,Single listing
23478306,9,f,,5-19 listings
23479598,1,f,,Single listing
23489785,1,f,,Single listing
23511660,1,f,,Single listing
23511670,1,f,,Single listing
23513204,1,t,,Single listing
23528728,1,f,,Single listing
23548073,1,t,,Single listing
23549598,2,t,,2-4 listings
23555117,1,f,,Single listing
23557142,3,t,,2-4 listings
23560532,1,f,,Single listing
23561782,1,f,,Single listing
23564914,1,f,,Single listing
23566386,2,f,,2-4 listings
23566840,3,f,,2-4 listings
23572923,1,f,,Single listing
23596889,2,t,,2-4 listings
23597160,1,f,,Single listing
23599148,4,f,,2-4 listings
23625925,3,f,,2-4 listings
23639931,1,f,,Single listing
23640868,2,t,,2-4 listings
23641652,1,f,,Single listing
23644365,2,f,,2-4 listings
23645166,1,t,,Single listing
23645215,2,t,,2-4 listings
23646207,4,t,,2-4 listings
23659736,1,t,,Single listing
23680613,1,f,,Single listing
23680947,1,f,,Single listing
23686786,3,t,,2-4 listings
23702647,1,f,,Single listing
23709904,5,f,,5-19 listings
23726262,3,f,,2-4 listings
23735484,2,t,,2-4 listings
23740777,1,f,,Single listing
23760980,1,f,,Single listing
23762507,2,f,,2-4 listings
23769471,1,f,,Single listing
23770034,1,f,,Single listing
23783831,2,t,,2-4 listings
23795270,1,f,,Single listing
23801534,1,f,,Single listing
23802026,1,t,,Single listing
23802951,1,f,,Single listing
23807470,1,t,,Single listing
23813774,1,f,,Single listing
23814559,1,f,,Single listing
23839873,1,f,,Single listing
23844117,1,f,,Single listing
23846974,1,t,,Single listing
23854504,1,t,,Single listing
23861366,1,f,,Single listing
23879690,1,t,,Single listing
23880836,3,f,,2-4 listings
23887383,2,t,,2-4 listings
23898540,1,t,,Single listing
23918145,1,f,,Single listing
23922363,1,f,,Single listing
23926952,1,f,,Single listing
23929534,1,t,,Single listing
23935431,1,f,,Single listing
23939008,1,f,,Single listing
23942222,5,f,,5-19 listings
23963284,1,t,,Single listing
23972502,1,f,,Single listing
23976079,1,f,,Single listing
23977710,1,f,,Single listing
23992322,1,t,,Single listing
23995044,1,f,,Single listing
23997326,1,f,,Single listing
24055403,1,f,,Single listing
24057677,1,f,,Single listing
24062212,5,f,,5-19 listings
24108747,13,f,,5-19 listings
24112336,9,t,,5-19 listings
24135945,3,f,,2-4 listings
24142934,2,t,,2-4 listings
24152285,1,t,,Single listing
24177129,2,f,,2-4 listings
24192203,1,f,,Single listing
24194226,1,f,,Single listing
24205799,1,f,,Single listing
24211970,1,t,,Single listing
24213753,2,f,,2-4 listings
24217114,2,t,,2-4 listings
24222687,1,t,,Single listing
24225431,1,f,,Single listing
24245899,1,t,,Single listing
24252233,1,f,,Single listing
24252423,2,t,,2-4 listings
24252999,1,t,,Single listing
24253222,1,f,,Single listing
24254292,1,t,,Single listing
24278070,3,t,,2-4 listings
24286620,1,f,,Single listing
24302609,4,f,,2-4 listings
24307467,1,f,,Single listing
24309817,2,f,,2-4 listings
24315447,1,t,,Single listing
24323731,2,t,,2-4 listings
24348239,1,t,,Single listing
24350593,1,f,,Single listing
24353562,1,f,,Single listing
24355614,1,f,,Single listing
24356159,1,f,,Single listing
24358055,1,f,,Single listing
24362073,2,t,,2-4 listings
24369601,1,f,,Single listing
24374015,2,f,,2-4 listings
24391617,1,f,,Single listing
24399031,1,f,,Single listing
24404396,1,t,,Single listing
24407460,1,f,,Single listing
24409434,1,f,,Single listing
24410654,1,f,,Single listing
24415162,1,f,,Single listing
24434664,1,f,,Single listing
24439023,1,f,,Single listing
24440795,2,t,,2-4 listings
24444123,1,f,,Single listing
24471679,2,t,,2-4 listings
24488891,1,f,,Single listing
24505288,6,f,,5-19 listings
24520339,1,t,,Single listing
24532996,1,f,,Single listing
24534682,1,f,,Single listing
24535800,1,f,,Single listing
24541405,1,f,,Single listing
24545638,1,t,,Single listing
24572010,3,t,,2-4 listings
24576779,1,f,,Single listing
24576903,9,f,,5-19 listings
24582280,1,f,,Single listing
24602300,1,t,,Single listing
24603467,1,t,,Single listing
24604881,8,t,,5-19 listings
24606317,1,f,,Single listing
24608109,1,f,,Single listing
24611559,1,f,,Single listing
24613777,1,f,,Single listing
24623305,3,t,,2-4 listings
24645140,2,f,,2-4 listings
24645435,1,f,,Single listing
24647170,1,f,,Single listing
24652752,2,f,,2-4 listings
24681400,2,f,,2-4 listings
24681926,1,f,,Single listing
24686713,1,t,,Single listing
24695304,1,t,,Single listing
24724666,1,t,,Single listing
24730195,1,f,,Single listing
24731281,1,t,,Single listing
24732055,1,f,,Single listing
24743623,9,t,,5-19 listings
24750885,4,t,,2-4 listings
24752218,2,t,,2-4 listings
24763446,1,f,,Single listing
24768026,1,f,,Single listing
24789588,1,f,,Single listing
24791318,4,f,,2-4 listings
24797563,1,f,,Single listing
24809791,10,t,,5-19 listings
24810346,3,f,,2-4 listings
24810439,1,f,,Single listing
24810599,1,f,,Single listing
24816876,1,f,,Single listing
24817710,3,t,,2-4 listings
24818047,2,f,,2-4 listings
24827597,1,f,,Single listing
24832083,1,f,,Single listing
24848052,3,f,,2-4 listings
24896101,1,f,,Single listing
24896281,1,f,,Single listing
24923998,1,f,,Single listing
24927329,1,f,,Single listing
24946551,1,f,,Single listing
24959883,1,f,,Single listing
24960447,5,f,,5-19 listings
24965754,1,t,,Single listing
24971803,2,f,,2-4 listings
24977973,1,f,,Single listing
24987301,1,f,,Single listing
24988354,1,t,,Single listing
24992089,1,f,,Single listing
25016065,1,f,,Single listing
25024060,3,t,,2-4 listings
25031524,1,f,,Single listing
25046401,1,f,,Single listing
25056737,1,f,,Single listing
25062258,3,f,,2-4 listings
25073211,1,f,,Single listing
25089334,2,f,,2-4 listings
25094185,1,f,,Single listing
25098796,1,t,,Single listing
25102005,1,f,,Single listing
25115022,1,f,,Single listing
25121060,2,f,,2-4 listings
25121548,1,f,,Single listing
25122328,21,t,,20+ listings
25151656,1,t,,Single listing
25152061,2,f,,2-4 listings
25162771,1,f,,Single listing
25178182,1,f,,Single listing
25214301,1,f,,Single listing
25221397,1,f,,Single listing
25225410,1,t,,Single listing
25225644,4,t,,2-4 listings
25227082,3,t,,2-4 listings
25231533,2,f,,2-4 listings
25244132,1,f,,Single listing
25266732,1,f,,Single listing
25285352,1,f,,Single listing
25339659,1,f,,Single listing
25342821,1,f,,Single listing
25377135,1,f,,Single listing
25384389,4,f,,2-4 listings
25422449,1,f,,Single listing
25448681,1,t,,Single listing
25449802,5,t,,5-19 listings
25459166,1,t,,Single listing
25463374,1,t,,Single listing
25470454,1,f,,Single listing
25480407,1,f,,Single listing
25482959,4,t,,2-4 listings
25495882,1,f,,Single listing
25496858,1,f,,Single listing
25498643,1,f,,Single listing
25530469,1,f,,Single listing
25532983,5,t,,5-19 listings
25545818,1,f,,Single listing
25569208,1,f,,Single listing
25571324,1,f,,Single listing
25586646,1,f,,Single listing
25589903,1,t,,Single listing
25626817,2,t,,2-4 listings
25628630,6,t,,5-19 listings
25640819,3,f,,2-4 listings
25649152,5,t,,5-19 listings
25649787,1,f,,Single listing
25652226,14,f,,5-19 listings
25666258,1,t,,Single listing
25667421,2,f,,2-4 listings
25670936,1,t,,Single listing
25679101,29,f,,20+ listings
25697233,1,f,,Single listing
25730782,17,f,,5-19 listings
25735802,1,f,,Single listing
25742549,4,f,,2-4 listings
25751503,1,f,,Single listing
25789542,1,f,,Single listing
25791596,5,f,,5-19 listings
25799859,10,t,,5-19 listings
25806733,1,t,,Single listing
25819128,1,f,,Single listing
25839305,1,f,,Single listing
25872070,2,t,,2-4 listings
25886574,1,f,,Single listing
25887398,1,f,,Single listing
25888032,1,f,,Single listing
25898117,2,f,,2-4 listings
25928637,1,f,,Single listing
25929106,2,t,,2-4 listings
25988513,1,f,,Single listing
25991174,10,t,,5-19 listings
25995743,1,f,,Single listing
25997219,2,f,,2-4 listings
26000780,1,f,,Single listing
26030949,1,f,,Single listing
26036533,1,f,,Single listing
26036998,1,f,,Single listing
26049125,1,f,,Single listing
26090427,1,f,,Single listing
26097151,1,f,,Single listing
26101435,1,f,,Single listing
26140471,7,f,,5-19 listings
26154670,1,f,,Single listing
26158328,2,t,,2-4 listings
26163785,1,t,,Single listing
26171619,1,t,,Single listing
26188024,1,t,,Single listing
26212807,1,f,,Single listing
26217536,1,f,,Single listing
26245620,1,f,,Single listing
26276773,1,f,,Single listing
26286895,1,f,,Single listing
26334485,1,t,,Single listing
26342311,3,t,,2-4 listings
26364632,1,f,,Single listing
26366098,1,f,,Single listing
26392450,1,t,,Single listing
26402291,8,t,,5-19 listings
26405173,1,f,,Single listing
26448138,1,f,,Single listing
26452198,1,f,,Single listing
26481383,1,t,,Single listing
26483598,1,t,,Single listing
26484001,3,f,,2-4 listings
26512918,2,t,,2-4 listings
26516496,1,f,,Single listing
26527340,1,f,,Single listing
26529265,1,f,,Single listing
26539892,1,f,,Single listing
26565183,1,t,,Single listing
26565807,1,f,,Single listing
26582603,1,f,,Single listing
26593329,1,t,,Single listing
26616583,1,t,,Single listing
26621083,1,t,,Single listing
26629453,1,t,,Single listing
26657184,1,f,,Single listing
26668354,1,f,,Single listing
26671815,1,f,,Single listing
26672301,17,t,,5-19 listings
26707199,1,f,,Single listing
26715380,1,f,,Single listing
26720281,1,t,,Single listing
26723244,1,f,,Single listing
26727686,1,f,,Single listing
26738765,1,f,,Single listing
26770416,1,f,,Single listing
26772134,2,f,,2-4 listings
26777354,1,f,,Single listing
26783543,1,f,,Single listing
26784313,2,f,,2-4 listings
26797792,1,f,,Single listing
26828956,1,t,,Single listing
26835693,1,t,,Single listing
26841363,1,f,,Single listing
26887453,1,t,,Single listing
26887987,1,f,,Single listing
26938197,9,t,,5-19 listings
26942301,2,f,,2-4 listings
26975679,1,f,,Single listing
26984155,1,t,,Single listing
26997808,3,f,,2-4 listings
27012420,1,f,,Single listing
27022310,1,f,,Single listing
27025315,1,t,,Single listing
27029944,1,t,,Single listing
27031405,1,f,,Single listing
27038648,1,f,,Single listing
27075534,1,f,,Single listing
27079173,1,f,,Single listing
27095748,1,f,,Single listing
27101965,1,f,,Single listing
27112112,1,f,,Single listing
27113270,2,t,,2-4 listings
27138889,1,f,,Single listing
27142214,3,f,,2-4 listings
27148228,1,f,,Single listing
27171262,5,f,,5-19 listings
27192277,1,f,,Single listing
27193904,3,t,,2-4 listings
27194733,1,t,,Single listing
27197200,2,f,,2-4 listings
27202300,1,f,,Single listing
27202954,1,f,,Single listing
27206587,3,t,,2-4 listings
27208681,1,f,,Single listing
27228494,1,t,,Single listing
27248163,5,f,,5-19 listings
27250514,2,f,,2-4 listings
27258680,1,t,,Single listing
27274412,1,f,,Single listing
27287175,1,f,,Single listing
27297933,2,f,,2-4 listings
27298929,1,f,,Single listing
27301573,1,f,,Single listing
27320680,1,f,,Single listing
27320755,1,f,,Single listing
27366958,3,t,,2-4 listings
27391302,1,f,,Single listing
27391306,1,t,,Single listing
27398463,1,t,,Single listing
27421250,2,t,,2-4 listings
27424444,1,t,,Single listing
27426527,1,f,,Single listing
27445132,1,f,,Single listing
27467322,1,f,,Single listing
27513182,2,f,,2-4 listings
27513679,1,f,,Single listing
27516354,1,f,,Single listing
27537743,2,t,,2-4 listings
27573106,1,f,,Single listing
27573758,1,f,,Single listing
27580492,1,t,,Single listing
27586249,1,f,,Single listing
27594034,3,t,,2-4 listings
27604622,1,f,,Single listing
27623648,1,f,,Single listing
27632506,1,f,,Single listing
27633652,1,f,,Single listing
27649765,1,f,,Single listing
27676539,2,t,,2-4 listings
27708652,1,f,,Single listing
27731649,2,f,,2-4 listings
27736818,1,f,,Single listing
27749973,1,f,,Single listing
27761658,1,f,,Single listing
27762624,1,f,,Single listing
27765690,1,f,,Single listing
27791634,1,f,,Single listing
27818619,1,f,,Single listing
27821872,1,f,,Single listing
27824335,36,t,,20+ listings
27832654,1,f,,Single listing
27885682,3,f,,2-4 listings
27902401,1,f,,Single listing
27928499,8,f,,5-19 listings
27930100,1,f,,Single listing
27932927,3,t,,2-4 listings
27950206,2,f,,2-4 listings
27980265,2,f,,2-4 listings
27980864,64,f,,20+ listings
27983626,1,t,,Single listing
27989826,1,t,,Single listing
27990473,1,t,,Single listing
27998076,6,t,,5-19 listings
28005651,6,t,,5-19 listings
28012284,1,t,,Single listing
28040924,2,t,,2-4 listings
28045336,1,f,,Single listing
28079278,1,f,,Single listing
28098309,1,t,,Single listing
28150612,1,t,,Single listing
28166129,1,f,,Single listing
28198870,1,f,,Single listing
28199266,1,f,,Single listing
28203409,4,f,,2-4 listings
28209114,1,f,,Single listing
28210097,1,f,,Single listing
28215510,1,t,,Single listing
28217564,1,f,,Single listing
28219451,1,t,,Single listing
28230666,1,f,,Single listing
28245434,3,f,,2-4 listings
28270043,2,f,,2-4 listings
28275114,1,t,,Single listing
28294547,1,t,,Single listing
28299901,10,f,,5-19 listings
28326856,8,t,,5-19 listings
28330835,1,t,,Single listing
28343158,1,f,,Single listing
28343820,1,f,,Single listing
28353278,1,t,,Single listing
28357852,1,t,,Single listing
28382652,2,t,,2-4 listings
28383695,1,t,,Single listing
28387291,1,t,,Single listing
28396910,2,f,,2-4 listings
28405755,2,f,,2-4 listings
28459131,3,f,,2-4 listings
28487472,1,f,,Single listing
28488899,2,t,,2-4 listings
28495162,1,f,,Single listing
28504636,1,f,,Single listing
28508762,2,f,,2-4 listings
28535761,1,f,,Single listing
28541795,3,t,,2-4 listings
28551202,5,f,,5-19 listings
28563407,1,f,,Single listing
28566707,1,f,,Single listing
28575450,1,f,,Single listing
28600698,19,t,,5-19 listings
28611206,1,f,,Single listing
28631873,1,f,,Single listing
28646474,3,t,,2-4 listings
28663919,2,t,,2-4 listings
28664549,1,t,,Single listing
28667936,1,t,,Single listing
28681963,1,f,,Single listing
28684273,2,f,,2-4 listings
28684648,5,t,,5-19 listings
28699485,1,f,,Single listing
28728724,1,f,,Single listing
28729230,1,f,,Single listing
28746681,1,t,,Single listing
28772083,1,f,,Single listing
28772262,1,f,,Single listing
28787759,1,f,,Single listing
28793744,1,f,,Single listing
28795455,1,f,,Single listing
28818865,1,f,,Single listing
28847797,1,f,,Single listing
28858586,1,f,,Single listing
28860771,1,f,,Single listing
28910323,1,t,,Single listing
28917565,3,t,,2-4 listings
28949897,1,f,,Single listing
28975778,1,f,,Single listing
28979752,1,f,,Single listing
28980705,1,t,,Single listing
28983673,1,f,,Single listing
29006155,1,t,,Single listing
29016444,1,f,,Single listing
29016705,1,f,,Single listing
29026765,2,f,,2-4 listings
29028508,1,f,,Single listing
29032731,1,t,,Single listing
29047749,17,t,,5-19 listings
29078248,3,t,,2-4 listings
29081502,2,t,,2-4 listings
29083079,1,f,,Single listing
29110733,1,f,,Single listing
29140185,2,t,,2-4 listings
29149713,1,f,,Single listing
29198657,1,t,,Single listing
29200682,1,f,,Single listing
29205014,2,f,,2-4 listings
29215755,1,f,,Single listing
29225763,1,f,,Single listing
29227894,1,f,,Single listing
29228078,1,f,,Single listing
29258931,2,f,,2-4 listings
29273427,1,f,,Single listing
29300856,1,f,,Single listing
29307085,1,f,,Single listing
29315431,1,t,,Single listing
29333663,1,f,,Single listing
29333989,1,t,,Single listing
29352556,1,f,,Single listing
29353237,1,f,,Single listing
29369699,5,t,,5-19 listings
29378849,1,f,,Single listing
29391733,1,f,,Single listing
29411001,1,f,,Single listing
29432312,1,f,,Single listing
29437557,1,f,,Single listing
29448957,4,f,,2-4 listings
29454112,6,t,,5-19 listings
29498252,1,f,,Single listing
29498379,1,t,,Single listing
29516253,1,f,,Single listing
29548246,1,f,,Single listing
29554800,1,f,,Single listing
29555241,1,t,,Single listing
29564200,1,f,,Single listing
29575024,11,f,,5-19 listings
29580450,1,f,,Single listing
29623317,1,t,,Single listing
29644023,1,f,,Single listing
29651864,1,f,,Single listing
29665524,1,f,,Single listing
29672113,3,t,,2-4 listings
29674133,1,f,,Single listing
29680002,2,f,,2-4 listings
29687708,1,f,,Single listing
29689962,1,t,,Single listing
29694864,1,f,,Single listing
29715341,1,f,,Single listing
29715554,1,f,,Single listing
29722655,1,f,,Single listing
29742292,2,f,,2-4 listings
29749787,1,t,,Single listing
29773808,9,f,,5-19 listings
29777195,4,f,,2-4 listings
29778707,1,f,,Single listing
29796857,1,f,,Single listing
29800434,2,f,,2-4 listings
29800892,1,f,,Single listing
29806041,2,f,,2-4 listings
29838796,3,f,,2-4 listings
29841967,2,f,,2-4 listings
29866241,1,f,,Single listing
29914826,2,f,,2-4 listings
29937632,1,f,,Single listing
29963805,2,f,,2-4 listings
29970407,1,f,,Single listing
29999348,1,f,,Single listing
30006300,1,f,,Single listing
30033030,1,f,,Single listing
30043668,2,t,,2-4 listings
30059527,1,f,,Single listing
30089754,2,t,,2-4 listings
30092330,1,f,,Single listing
30093317,1,f,,Single listing
30119706,1,f,,Single listing
30146797,2,t,,2-4 listings
30150937,1,f,,Single listing
30183321,1,f,,Single listing
30184662,21,f,,20+ listings
30195548,2,t,,2-4 listings
30203992,1,t,,Single listing
30205853,1,t,,Single listing
30229910,1,t,,Single listing
30248864,1,f,,Single listing
30250815,1,f,,Single listing
30254795,1,t,,Single listing
30259240,1,f,,Single listing
30274440,1,f,,Single listing
30275500,3,t,,2-4 listings
30284494,1,f,,Single listing
30326342,1,f,,Single listing
30328811,1,f,,Single listing
30329142,12,f,,5-19 listings
30329548,1,t,,Single listing
30338061,1,f,,Single listing
30338163,11,t,,5-19 listings
30338335,1,f,,Single listing
30368501,9,f,,5-19 listings
30392526,1,t,,Single listing
30429962,2,t,,2-4 listings
30431146,1,f,,Single listing
30471225,30,t,,20+ listings
30492083,1,f,,Single listing
30492301,2,f,,2-4 listings
30497816,1,f,,Single listing
30508508,1,f,,Single listing
30518645,2,f,,2-4 listings
30537995,1,f,,Single listing
30570779,1,t,,Single listing
30575372,3,t,,2-4 listings
30597220,1,f,,Single listing
30620156,1,t,,Single listing
30620606,1,t,,Single listing
30621414,1,t,,Single listing
30628361,2,f,,2-4 listings
30630958,1,t,,Single listing
30657695,1,f,,Single listing
30679211,1,f,,Single listing
30695019,1,f,,Single listing
30696819,1,f,,Single listing
30697631,1,f,,Single listing
30721097,2,f,,2-4 listings
30758704,1,f,,Single listing
30786425,1,t,,Single listing
30790600,1,t,,Single listing
30791061,1,t,,Single listing
30816985,1,f,,Single listing
30820510,1,t,,Single listing
30838784,1,t,,Single listing
30839093,1,f,,Single listing
30840956,1,t,,Single listing
30846318,1,t,,Single listing
30853719,1,f,,Single listing
30853814,1,f,,Single listing
30855089,1,f,,Single listing
30860017,1,f,,Single listing
30886514,2,t,,2-4 listings
30896062,5,f,,5-19 listings
30918578,1,t,,Single listing
30922130,2,t,,2-4 listings
30944324,1,f,,Single listing
30949548,3,f,,2-4 listings
30950109,1,f,,Single listing
30960415,10,t,,5-19 listings
31018183,1,f,,Single listing
31035550,1,f,,Single listing
31036880,1,f,,Single listing
31062419,1,f,,Single listing
31071852,1,f,,Single listing
31085170,1,f,,Single listing
31088123,1,t,,Single listing
31089542,1,f,,Single listing
31136022,1,f,,Single listing
31164605,1,f,,Single listing
31168193,2,t,,2-4 listings
31197775,1,f,,Single listing
31215715,1,f,,Single listing
31218029,2,t,,2-4 listings
31228488,1,f,,Single listing
31261265,1,f,,Single listing
31264351,1,f,,Single listing
31269845,1,f,,Single listing
31279355,1,f,,Single listing
31288841,1,f,,Single listing
31291093,1,t,,Single listing
31296698,1,t,,Single listing
31322788,2,f,,2-4 listings
31327671,1,f,,Single listing
31347192,1,f,,Single listing
31353759,1,f,,Single listing
31361698,76,t,,20+ listings
31373433,1,t,,Single listing
31394626,1,f,,Single listing
31397645,4,t,,2-4 listings
31400328,3,t,,2-4 listings
31409587,4,t,,2-4 listings
31446347,1,t,,Single listing
31452767,1,t,,Single listing
31459673,1,f,,Single listing
31504260,2,t,,2-4 listings
31515512,1,t,,Single listing
31533252,1,f,,Single listing
31566686,1,t,,Single listing
31566748,1,f,,Single listing
31567087,1,f,,Single listing
31575715,2,t,,2-4 listings
31577049,1,f,,Single listing
31581518,1,f,,Single listing
31582808,1,f,,Single listing
31609230,1,f,,Single listing
31628609,1,f,,Single listing
31634577,1,f,,Single listing
31640840,1,f,,Single listing
31642377,1,t,,Single listing
31654215,1,f,,Single listing
31668878,1,f,,Single listing
31669625,2,f,,2-4 listings
31710771,1,f,,Single listing
31722828,14,t,,5-19 listings
31730359,1,t,,Single listing
31737708,1,f,,Single listing
31770118,1,t,,Single listing
31774180,1,f,,Single listing
31777512,5,t,,5-19 listings
31778404,1,t,,Single listing
31792823,1,f,,Single listing
31798865,1,t,,Single listing
31801160,1,f,,Single listing
31806711,2,f,,2-4 listings
31808524,1,f,,Single listing
31833162,2,t,,2-4 listings
31840895,2,t,,2-4 listings
31841310,1,f,,Single listing
31847417,1,t,,Single listing
31865420,1,f,,Single listing
31902894,1,f,,Single listing
31967848,8,f,,5-19 listings
32031251,1,f,,Single listing
32032268,1,f,,Single listing
32040205,1,t,,Single listing
32045535,1,f,,Single listing
32051233,1,t,,Single listing
32051768,1,f,,Single listing
32057839,5,t,,5-19 listings
32058203,2,t,,2-4 listings
32060248,1,f,,Single listing
32070754,1,f,,Single listing
32086128,1,f,,Single listing
32095109,1,f,,Single listing
32095550,1,t,,Single listing
32098435,1,f,,Single listing
32105308,1,f,,Single listing
32120757,1,f,,Single listing
32126850,1,t,,Single listing
32138049,1,f,,Single listing
32143725,1,f,,Single listing
32172741,2,f,,2-4 listings
32173653,1,f,,Single listing
32178857,1,f,,Single listing
32181191,1,f,,Single listing
32186298,6,f,,5-19 listings
32189589,8,f,,5-19 listings
32200678,1,t,,Single listing
32200748,1,t,,Single listing
32215059,3,f,,2-4 listings
32284896,1,f,,Single listing
32324307,1,f,,Single listing
32339713,2,t,,2-4 listings
32353372,3,f,,2-4 listings
32371646,1,f,,Single listing
32392773,1,t,,Single listing
32393396,3,f,,2-4 listings
32400446,3,t,,2-4 listings
32431820,1,f,,Single listing
32472834,1,f,,Single listing
32509836,2,f,,2-4 listings
32525171,1,t,,Single listing
32548663,2,f,,2-4 listings
32561520,1,f,,Single listing
32567620,1,f,,Single listing
32571375,1,f,,Single listing
32577782,1,f,,Single listing
32648572,1,f,,Single listing
32650301,1,t,,Single listing
32656686,1,t,,Single listing
32662093,2,f,,2-4 listings
32692220,1,t,,Single listing
32700041,1,f,,Single listing
32733709,1,f,,Single listing
32750125,2,t,,2-4 listings
32752431,1,f,,Single listing
32807625,1,f,,Single listing
32816379,1,f,,Single listing
32824277,17,t,,5-19 listings
32845786,1,f,,Single listing
32885792,2,t,,2-4 listings
32919152,1,t,,Single listing
32944105,1,f,,Single listing
32945791,1,t,,Single listing
32955222,1,f,,Single listing
32985912,1,f,,Single listing
33013637,1,f,,Single listing
33029954,1,f,,Single listing
33043794,1,f,,Single listing
33090116,1,f,,Single listing
33093486,1,t,,Single listing
33094075,4,f,,2-4 listings
33095424,1,f,,Single listing
33107761,2,f,,2-4 listings
33110394,8,t,,5-19 listings
33128821,2,t,,2-4 listings
33170756,1,f,,Single listing
33175421,1,f,,Single listing
33175657,2,t,,2-4 listings
33175780,1,f,,Single listing
33178388,1,t,,Single listing
33179107,1,f,,Single listing
33188999,1,f,,Single listing
33205503,1,t,,Single listing
33211864,2,f,,2-4 listings
33220136,1,f,,Single listing
33252323,1,f,,Single listing
33258471,1,f,,Single listing
33258757,1,f,,Single listing
33266897,1,f,,Single listing
33270436,1,f,,Single listing
33271219,1,f,,Single listing
33274660,1,f,,Single listing
33293979,1,f,,Single listing
33337853,1,f,,Single listing
33340072,1,f,,Single listing
33349017,1,t,,Single listing
33410024,1,t,,Single listing
33411974,1,t,,Single listing
33415752,1,f,,Single listing
33424069,1,t,,Single listing
33424473,4,t,,2-4 listings
33425904,1,f,,Single listing
33435762,1,f,,Single listing
33448177,1,f,,Single listing
33472347,1,f,,Single listing
33492573,1,f,,Single listing
33510467,1,f,,Single listing
33512265,1,f,,Single listing
33513608,1,f,,Single listing
33516815,2,f,,2-4 listings
33521131,1,t,,Single listing
33542097,1,t,,Single listing
33546282,1,f,,Single listing
33550034,3,f,,2-4 listings
33564278,1,f,,Single listing
33564650,1,f,,Single listing
33620690,1,f,,Single listing
33621539,1,f,,Single listing
33634876,1,f,,Single listing
33639808,2,t,,2-4 listings
33639893,1,f,,Single listing
33642446,1,f,,Single listing
33663200,1,f,,Single listing
33669026,3,t,,2-4 listings
33674206,1,f,,Single listing
33756339,1,f,,Single listing
33761883,1,f,,Single listing
33764327,1,f,,Single listing
33806726,1,t,,Single listing
33834547,1,t,,Single listing
33847530,1,f,,Single listing
33884516,1,f,,Single listing
33886969,1,f,,Single listing
33897154,1,f,,Single listing
33904963,1,f,,Single listing
33918373,1,f,,Single listing
33953586,5,f,,5-19 listings
33958474,1,f,,Single listing
33960605,1,f,,Single listing
33961082,2,t,,2-4 listings
33970752,1,t,,Single listing
34017954,1,f,,Single listing
34025330,1,f,,Single listing
34026036,2,f,,2-4 listings
34026915,1,t,,Single listing
34034652,1,f,,Single listing
34037136,7,f,,5-19 listings
34094946,4,t,,2-4 listings
34103897,2,t,,2-4 listings
34118144,1,t,,Single listing
34123625,2,f,,2-4 listings
34154160,1,f,,Single listing
34168271,1,f,,Single listing
34170435,1,f,,Single listing
34182605,1,f,,Single listing
34203848,1,f,,Single listing
34293171,1,f,,Single listing
34304445,1,t,,Single listing
34308269,1,f,,Single listing
34333435,7,t,,5-19 listings
34346157,1,f,,Single listing
34349328,1,t,,Single listing
34351746,1,t,,Single listing
34358578,1,f,,Single listing
34405072,1,t,,Single listing
34429640,6,f,,5-19 listings
34432200,1,f,,Single listing
34493299,1,f,,Single listing
34496325,1,f,,Single listing
34496867,13,t,,5-19 listings
34510438,1,f,,Single listing
34512990,1,t,,Single listing
34556114,1,t,,Single listing
34560275,6,t,,5-19 listings
34560633,1,t,,Single listing
34602880,1,f,,Single listing
34624190,1,t,,Single listing
34633240,1,t,,Single listing
34633652,1,f,,Single listing
34633979,2,f,,2-4 listings
34644278,1,f,,Single listing
34644552,1,t,,Single listing
34663202,1,f,,Single listing
34669708,3,f,,2-4 listings
34722502,1,t,,Single listing
34723019,1,f,,Single listing
34724831,2,f,,2-4 listings
34748727,1,f,,Single listing
34780304,1,t,,Single listing
34785641,1,f,,Single listing
34795120,1,f,,Single listing
34800899,1,f,,Single listing
34804025,1,f,,Single listing
34810472,1,f,,Single listing
34811136,4,t,,2-4 listings
34827692,1,f,,Single listing
34827983,1,f,,Single listing
34838926,1,f,,Single listing
34884824,1,f,,Single listing
34887102,1,t,,Single listing
34889264,2,t,,2-4 listings
34891125,1,t,,Single listing
34896338,1,t,,Single listing
34905702,2,f,,2-4 listings
34907444,1,f,,Single listing
34913812,1,f,,Single listing
34914107,1,t,,Single listing
34960709,1,f,,Single listing
34961141,1,f,,Single listing
34972513,1,f,,Single listing
34986489,1,f,,Single listing
35000527,1,f,,Single listing
35012187,1,f,,Single listing
35067103,1,f,,Single listing
35082377,1,f,,Single listing
35111686,1,t,,Single listing
35113001,1,f,,Single listing
35113464,2,t,,2-4 listings
35121123,1,t,,Single listing
35128300,1,t,,Single listing
35210524,3,t,,2-4 listings
35227537,2,t,,2-4 listings
35236663,3,t,,2-4 listings
35264994,1,t,,Single listing
35280861,1,f,,Single listing
35283248,1,t,,Single listing
35308129,3,t,,2-4 listings
35309411,1,f,,Single listing
35310053,1,t,,Single listing
35349907,1,t,,Single listing
35367629,1,f,,Single listing
35369510,1,f,,Single listing
35370555,2,f,,2-4 listings
35372891,4,f,,2-4 listings
35379992,1,f,,Single listing
35387859,1,f,,Single listing
35441608,1,t,,Single listing
35451968,2,f,,2-4 listings
35540370,2,f,,2-4 listings
35555398,1,f,,Single listing
35567081,1,f,,Single listing
35604695,1,f,,Single listing
35641063,2,t,,2-4 listings
35643743,1,f,,Single listing
35652183,1,t,,Single listing
35652769,2,f,,2-4 listings
35679872,2,t,,2-4 listings
35728005,2,f,,2-4 listings
35748606,4,t,,2-4 listings
35756731,1,f,,Single listing
35766377,1,f,,Single listing
35766635,3,t,,2-4 listings
35768866,1,f,,Single listing
35792196,1,f,,Single listing
35794476,1,f,,Single listing
35795561,2,t,,2-4 listings
35799947,1,t,,Single listing
35805549,1,f,,Single listing
35817436,9,f,,5-19 listings
35821438,2,f,,2-4 listings
35843151,1,f,,Single listing
35847533,1,f,,Single listing
35850715,1,f,,Single listing
35852119,1,t,,Single listing
35860004,1,f,,Single listing
35929206,1,t,,Single listing
35934337,1,f,,Single listing
35947971,6,f,,5-19 listings
35954950,1,f,,Single listing
35982367,1,f,,Single listing
36025813,1,f,,Single listing
36026040,1,f,,Single listing
36032957,1,f,,Single listing
36048012,1,t,,Single listing
36057917,1,f,,Single listing
36081757,1,f,,Single listing
36106727,1,f,,Single listing
36112175,1,f,,Single listing
36114360,1,f,,Single listing
36181407,4,t,,2-4 listings
36182883,1,f,,Single listing
36189831,1,f,,Single listing
36190349,1,f,,Single listing
36197550,1,f,,Single listing
36215713,1,t,,Single listing
36228291,1,t,,Single listing
36246277,1,f,,Single listing
36255549,1,f,,Single listing
36261922,2,t,,2-4 listings
36310997,1,f,,Single listing
36319106,1,f,,Single listing
36407020,1,t,,Single listing
36416185,1,f,,Single listing
36434348,1,f,,Single listing
36441840,1,f,,Single listing
36452244,1,f,,Single listing
36491658,1,f,,Single listing
36499817,1,f,,Single listing
36503283,1,f,,Single listing
36548161,1,f,,Single listing
36577942,1,f,,Single listing
36594435,2,t,,2-4 listings
36615120,1,f,,Single listing
36633990,1,f,,Single listing
36634836,2,t,,2-4 listings
36681604,1,f,,Single listing
36688092,2,t,,2-4 listings
36697856,1,t,,Single listing
36709360,1,f,,Single listing
36764113,1,f,,Single listing
36766545,1,f,,Single listing
36887725,1,t,,Single listing
36941219,4,t,,2-4 listings
36944377,1,f,,Single listing
36956521,1,f,,Single listing
36975376,4,f,,2-4 listings
36977517,1,f,,Single listing
37024549,2,t,,2-4 listings
37025098,2,f,,2-4 listings
37031237,1,f,,Single listing
37034052,1,t,,Single listing
37035703,1,f,,Single listing
37068677,2,f,,2-4 listings
37078461,1,f,,Single listing
37150318,2,f,,2-4 listings
37163308,1,f,,Single listing
37201592,1,f,,Single listing
37203512,5,f,,5-19 listings
37206682,1,f,,Single listing
37209482,1,f,,Single listing
37213702,1,f,,Single listing
37220070,1,f,,Single listing
37230773,1,f,,Single listing
37236124,1,t,,Single listing
37258163,1,t,,Single listing
37258293,2,t,,2-4 listings
37258742,1,f,,Single listing
37310193,7,f,,5-19 listings
37323137,2,f,,2-4 listings
37344130,2,t,,2-4 listings
37382679,1,f,,Single listing
37385605,1,f,,Single listing
37387719,1,f,,Single listing
37391290,1,f,,Single listing
37440646,2,f,,2-4 listings
37454034,1,f,,Single listing
37492390,1,f,,Single listing
37526864,1,f,,Single listing
37534404,1,f,,Single listing
37554461,1,f,,Single listing
37574035,1,f,,Single listing
37578628,1,f,,Single listing
37604436,1,f,,Single listing
37644867,2,f,,2-4 listings
37644899,1,f,,Single listing
37655193,1,f,,Single listing
37666795,1,f,,Single listing
37685572,5,f,,5-19 listings
37695109,1,f,,Single listing
37698144,1,f,,Single listing
37749837,1,f,,Single listing
37759053,2,t,,2-4 listings
37767490,1,f,,Single listing
37771912,1,t,,Single listing
37796514,1,f,,Single listing
37808762,1,t,,Single listing
37847097,1,f,,Single listing
37849347,1,f,,Single listing
37854844,1,f,,Single listing
37866148,1,f,,Single listing
37878458,1,f,,Single listing
37882911,2,f,,2-4 listings
37903410,1,f,,Single listing
37913729,1,t,,Single listing
38008918,1,f,,Single listing
38019350,1,t,,Single listing
38054962,1,t,,Single listing
38072471,1,f,,Single listing
38078782,1,f,,Single listing
38102010,1,f,,Single listing
38129775,1,f,,Single listing
38135287,3,f,,2-4 listings
38151532,1,f,,Single listing
38154355,3,t,,2-4 listings
38154998,1,t,,Single listing
38191974,2,f,,2-4 listings
38212718,2,f,,2-4 listings
38261800,1,t,,Single listing
38264815,1,t,,Single listing
38276433,1,t,,Single listing
38306491,1,t,,Single listing
38320458,1,f,,Single listing
38332733,1,f,,Single listing
38339781,1,t,,Single listing
38373308,1,f,,Single listing
38377817,1,t,,Single listing
38417885,1,f,,Single listing
38431577,4,f,,2-4 listings
38445588,1,t,,Single listing
38449579,1,f,,Single listing
38478932,1,t,,Single listing
38529703,2,t,,2-4 listings
38551690,1,f,,Single listing
38586908,1,f,,Single listing
38630910,1,t,,Single listing
38650319,3,t,,2-4 listings
38653887,1,t,,Single listing
38659899,7,t,,5-19 listings
38670064,1,f,,Single listing
38717832,2,f,,2-4 listings
38742959,4,f,,2-4 listings
38744311,1,f,,Single listing
38747949,1,f,,Single listing
38801225,1,t,,Single listing
38807929,1,f,,Single listing
38814576,2,f,,2-4 listings
38830143,1,t,,Single listing
38905904,1,f,,Single listing
38999846,1,f,,Single listing
39000467,2,f,,2-4 listings
39001809,1,f,,Single listing
39003322,1,f,,Single listing
39031195,1,f,,Single listing
39047249,1,f,,Single listing
39057849,1,f,,Single listing
39102160,7,t,,5-19 listings
39119598,1,f,,Single listing
39147783,1,f,,Single listing
39167564,1,f,,Single listing
39174880,61,t,,20+ listings
39223762,1,f,,Single listing
39266567,1,f,,Single listing
39267768,1,f,,Single listing
39298232,1,f,,Single listing
39330474,2,f,,2-4 listings
39336836,23,f,,20+ listings
39363758,1,t,,Single listing
39365952,4,f,,2-4 listings
39415699,1,f,,Single listing
39433239,1,f,,Single listing
39493696,1,f,,Single listing
39497401,1,f,,Single listing
39528424,1,f,,Single listing
39575920,1,t,,Single listing
39623596,1,t,,Single listing
39673240,1,t,,Single listing
39731241,1,f,,Single listing
39778412,1,f,,Single listing
39794135,1,f,,Single listing
39795437,1,f,,Single listing
39798621,6,t,,5-19 listings
39802870,1,f,,Single listing
39809732,1,f,,Single listing
39818728,1,t,,Single listing
39827767,1,f,,Single listing
39860090,1,f,,Single listing
39898230,1,t,,Single listing
39900444,1,t,,Single listing
39919110,2,t,,2-4 listings
39922152,1,f,,Single listing
39943712,1,f,,Single listing
39947133,1,t,,Single listing
39954789,3,f,,2-4 listings
39955189,1,f,,Single listing
39992878,1,t,,Single listing
40043414,1,f,,Single listing
40081368,1,f,,Single listing
40090199,1,f,,Single listing
40091577,1,f,,Single listing
40092134,1,f,,Single listing
40113754,3,t,,2-4 listings
40121822,2,t,,2-4 listings
40166077,1,f,,Single listing
40198848,1,f,,Single listing
40211065,2,t,,2-4 listings
40267839,1,f,,Single listing
40269328,1,f,,Single listing
40271582,3,t,,2-4 listings
40301254,2,f,,2-4 listings
40343152,4,f,,2-4 listings
40360277,1,f,,Single listing
40363765,1,f,,Single listing
40367976,1,t,,Single listing
40397035,1,f,,Single listing
40417571,2,t,,2-4 listings
40418032,1,f,,Single listing
40453592,1,f,,Single listing
40474631,2,t,,2-4 listings
40493731,1,f,,Single listing
40495489,1,t,,Single listing
40510945,1,t,,Single listing
40522728,1,f,,Single listing
40556342,5,f,,5-19 listings
40558567,1,f,,Single listing
40561175,1,f,,Single listing
40571288,1,f,,Single listing
40574222,2,t,,2-4 listings
40597871,1,f,,Single listing
40599284,1,f,,Single listing
40671436,1,f,,Single listing
40673711,1,f,,Single listing
40691341,1,f,,Single listing
40720598,1,f,,Single listing
40726090,1,t,,Single listing
40759139,1,t,,Single listing
40759811,1,t,,Single listing
40766521,3,f,,2-4 listings
40826942,3,t,,2-4 listings
40840940,1,f,,Single listing
40856372,1,f,,Single listing
40894241,1,t,,Single listing
40921478,1,t,,Single listing
40926635,2,t,,2-4 listings
40932356,1,f,,Single listing
40962316,1,f,,Single listing
40984840,1,t,,Single listing
41028085,1,f,,Single listing
41054325,1,f,,Single listing
41056057,1,f,,Single listing
41156240,3,t,,2-4 listings
41157194,1,f,,Single listing
41162189,2,t,,2-4 listings
41182833,1,f,,Single listing
41185123,1,f,,Single listing
41231701,1,f,,Single listing
41234512,1,f,,Single listing
41234984,1,f,,Single listing
41236448,1,t,,Single listing
41239971,6,t,,5-19 listings
41245660,2,f,,2-4 listings
41245735,1,f,,Single listing
41247473,1,f,,Single listing
41248228,1,f,,Single listing
41253530,2,t,,2-4 listings
41281278,6,f,,5-19 listings
41311327,1,f,,Single listing
41336889,1,f,,Single listing
41362943,1,f,,Single listing
41369717,1,f,,Single listing
41448891,1,f,,Single listing
41458077,1,f,,Single listing
41460628,3,f,,2-4 listings
41461598,1,t,,Single listing
41508469,1,f,,Single listing
41523705,1,f,,Single listing
41526572,2,f,,2-4 listings
41536823,1,t,,Single listing
41542754,4,t,,2-4 listings
41589494,1,f,,Single listing
41597675,7,f,,5-19 listings
41642623,2,t,,2-4 listings
41686911,1,f,,Single listing
41698060,1,f,,Single listing
41705437,1,f,,Single listing
41720418,1,f,,Single listing
41735942,3,t,,2-4 listings
41736362,1,f,,Single listing
41749438,1,f,,Single listing
41792890,1,t,,Single listing
41835250,1,f,,Single listing
41847138,1,f,,Single listing
41881009,2,t,,2-4 listings
41886165,2,f,,2-4 listings
41886171,3,f,,2-4 listings
41899749,1,f,,Single listing
41914676,2,f,,2-4 listings
41925545,4,t,,2-4 listings
41934179,3,t,,2-4 listings
41939611,1,f,,Single listing
42033590,1,f,,Single listing
42094769,1,f,,Single listing
42123171,1,t,,Single listing
42176481,2,t,,2-4 listings
42179158,1,t,,Single listing
42183166,4,f,,2-4 listings
42183764,1,t,,Single listing
42204511,1,t,,Single listing
42206833,1,f,,Single listing
42250743,2,t,,2-4 listings
42303542,3,t,,2-4 listings
42307105,1,f,,Single listing
42356290,1,f,,Single listing
42378439,2,f,,2-4 listings
42379742,1,f,,Single listing
42398168,1,f,,Single listing
42447299,1,f,,Single listing
42450275,4,t,,2-4 listings
42460174,1,t,,Single listing
42480377,1,t,,Single listing
42483894,1,t,,Single listing
42484284,1,t,,Single listing
42512782,1,f,,Single listing
42528522,2,t,,2-4 listings
42553245,1,f,,Single listing
42568271,2,f,,2-4 listings
42585507,2,t,,2-4 listings
42606689,1,f,,Single listing
42606697,1,f,,Single listing
42607735,1,f,,Single listing
42612703,1,f,,Single listing
42649567,1,f,,Single listing
42653752,1,f,,Single listing
42662379,1,f,,Single listing
42706721,2,f,,2-4 listings
42707985,1,f,,Single listing
42756707,2,f,,2-4 listings
42763478,1,f,,Single listing
42769683,2,t,,2-4 listings
42769912,1,t,,Single listing
42777781,1,f,,Single listing
42783917,1,t,,Single listing
42806471,1,t,,Single listing
42808460,1,f,,Single listing
42822940,3,f,,2-4 listings
42852437,1,t,,Single listing
42855396,1,f,,Single listing
42859730,1,t,,Single listing
42874545,1,t,,Single listing
42876519,3,f,,2-4 listings
42895831,2,f,,2-4 listings
42896927,1,t,,Single listing
42897204,2,f,,2-4 listings
42915491,1,f,,Single listing
42924346,1,f,,Single listing
42928930,1,f,,Single listing
42935995,2,f,,2-4 listings
42936772,1,f,,Single listing
42950885,1,f,,Single listing
42958591,1,f,,Single listing
42968393,1,t,,Single listing
43017622,1,f,,Single listing
43017700,1,t,,Single listing
43056447,1,t,,Single listing
43063631,1,f,,Single listing
43071410,1,f,,Single listing
43074709,1,f,,Single listing
43075725,2,f,,2-4 listings
43104661,2,f,,2-4 listings
43106188,1,f,,Single listing
43112196,2,f,,2-4 listings
43147364,1,t,,Single listing
43150540,1,t,,Single listing
43165399,1,t,,Single listing
43189055,1,f,,Single listing
43189164,4,f,,2-4 listings
43202102,1,f,,Single listing
43204855,1,f,,Single listing
43206012,1,f,,Single listing
43230280,2,t,,2-4 listings
43264647,1,f,,Single listing
43313318,1,f,,Single listing
43325820,4,f,,2-4 listings
43334221,1,f,,Single listing
43358205,1,f,,Single listing
43394941,3,f,,2-4 listings
43407123,1,f,,Single listing
43424974,2,t,,2-4 listings
43425630,4,t,,2-4 listings
43456668,1,t,,Single listing
43473323,1,f,,Single listing
43491204,2,t,,2-4 listings
43498779,1,f,,Single listing
43498953,1,t,,Single listing
43501262,2,f,,2-4 listings
43510472,1,f,,Single listing
43513512,3,t,,2-4 listings
43532980,1,f,,Single listing
43556687,1,f,,Single listing
43558993,2,f,,2-4 listings
43569683,4,t,,2-4 listings
43573800,1,f,,Single listing
43574350,6,t,,5-19 listings
43579161,1,f,,Single listing
43600898,2,t,,2-4 listings
43604740,1,f,,Single listing
43609355,1,f,,Single listing
43612287,1,f,,Single listing
43615140,1,f,,Single listing
43649481,1,f,,Single listing
43649901,6,t,,5-19 listings
43657326,2,t,,2-4 listings
43661544,7,t,,5-19 listings
43667593,2,t,,2-4 listings
43677989,1,t,,Single listing
43750482,1,f,,Single listing
43750555,1,f,,Single listing
43774804,1,f,,Single listing
43789825,1,f,,Single listing
43796512,2,t,,2-4 listings
43810701,1,f,,Single listing
43832001,1,f,,Single listing
43836563,1,t,,Single listing
43844621,1,f,,Single listing
43851536,1,t,,Single listing
43906753,1,t,,Single listing
43913233,2,f,,2-4 listings
43913926,1,f,,Single listing
43918474,1,f,,Single listing
43933660,1,f,,Single listing
43936200,1,f,,Single listing
43936245,2,f,,2-4 listings
44006099,3,f,,2-4 listings
44011530,1,f,,Single listing
44015147,5,f,,5-19 listings
44022411,1,t,,Single listing
44024725,1,f,,Single listing
44040077,1,f,,Single listing
44062987,1,t,,Single listing
44064653,1,f,,Single listing
44089883,1,f,,Single listing
44100267,1,f,,Single listing
44101287,1,t,,Single listing
44108894,1,t,,Single listing
44134454,2,t,,2-4 listings
44140520,1,t,,Single listing
44141402,1,t,,Single listing
44147976,1,f,,Single listing
44148123,1,t,,Single listing
44154977,1,f,,Single listing
44159323,3,f,,2-4 listings
44168587,1,f,,Single listing
44222109,5,t,,5-19 listings
44230793,1,t,,Single listing
44230899,1,f,,Single listing
44234204,1,f,,Single listing
44242641,1,f,,Single listing
44243236,2,f,,2-4 listings
44250904,3,f,,2-4 listings
44256728,1,f,,Single listing
44257611,1,f,,Single listing
44276149,2,f,,2-4 listings
44278515,1,f,,Single listing
44284133,1,f,,Single listing
44307648,1,f,,Single listing
44326168,1,f,,Single listing
44336449,1,f,,Single listing
44342708,6,t,,5-19 listings
44351056,4,f,,2-4 listings
44355843,1,t,,Single listing
44367087,1,f,,Single listing
44375513,1,f,,Single listing
44386878,1,f,,Single listing
44397487,2,f,,2-4 listings
44404532,1,t,,Single listing
44408118,1,f,,Single listing
44442650,1,t,,Single listing
44458755,1,f,,Single listing
44471852,1,f,,Single listing
44526139,4,t,,2-4 listings
44556311,1,f,,Single listing
44630527,1,f,,Single listing
44639460,1,t,,Single listing
44640076,1,f,,Single listing
44642372,2,t,,2-4 listings
44659688,2,f,,2-4 listings
44663213,1,t,,Single listing
44666185,1,t,,Single listing
44683246,1,f,,Single listing
44738511,1,f,,Single listing
44743360,1,f,,Single listing
44774737,4,t,,2-4 listings
44811744,1,t,,Single listing
44820654,2,t,,2-4 listings
44822248,1,t,,Single listing
44825969,2,t,,2-4 listings
44847648,1,f,,Single listing
44887708,8,t,,5-19 listings
44889437,3,t,,2-4 listings
44898040,1,f,,Single listing
44902937,1,f,,Single listing
44916200,1,f,,Single listing
44916316,1,f,,Single listing
44929325,1,f,,Single listing
44941424,1,f,,Single listing
44981358,1,f,,Single listing
44988932,1,f,,Single listing
44991079,1,t,,Single listing
45054988,4,f,,2-4 listings
45067740,2,t,,2-4 listings
45081048,1,f,,Single listing
45125062,1,f,,Single listing
45131966,1,t,,Single listing
45132262,1,t,,Single listing
45184580,1,f,,Single listing
45187068,1,f,,Single listing
45197993,1,f,,Single listing
45214198,1,f,,Single listing
45215766,1,t,,Single listing
45253190,6,t,,5-19 listings
45265830,1,t,,Single listing
45282622,1,f,,Single listing
45312840,1,t,,Single listing
45365687,1,f,,Single listing
45369729,1,t,,Single listing
45374087,1,t,,Single listing
45420575,1,f,,Single listing
45425074,3,f,,2-4 listings
45435791,2,f,,2-4 listings
45439878,1,t,,Single listing
45454586,1,f,,Single listing
45498469,1,f,,Single listing
45506260,1,t,,Single listing
45510799,1,f,,Single listing
45512047,12,t,,5-19 listings
45523251,1,f,,Single listing
45524841,1,f,,Single listing
45540167,3,t,,2-4 listings
45568181,1,t,,Single listing
45577453,1,f,,Single listing
45595866,1,f,,Single listing
45603509,1,f,,Single listing
45635922,1,f,,Single listing
45647356,1,t,,Single listing
45658010,3,t,,2-4 listings
45730290,9,f,,5-19 listings
45781736,2,t,,2-4 listings
45790621,2,t,,2-4 listings
45814092,4,t,,2-4 listings
45814433,1,f,,Single listing
45840715,1,t,,Single listing
45843042,1,f,,Single listing
45852992,1,f,,Single listing
45864964,1,f,,Single listing
45876453,4,t,,2-4 listings
45882286,1,f,,Single listing
45894001,1,f,,Single listing
45915437,1,f,,Single listing
45930074,3,f,,2-4 listings
45964503,1,f,,Single listing
46015028,1,f,,Single listing
46027299,1,f,,Single listing
46049462,1,f,,Single listing
46056097,1,f,,Single listing
46057262,1,t,,Single listing
46060007,1,f,,Single listing
46061241,1,f,,Single listing
46064469,1,t,,Single listing
46075196,1,f,,Single listing
46089990,1,f,,Single listing
46097410,1,f,,Single listing
46106658,1,f,,Single listing
46108366,1,f,,Single listing
46121163,1,f,,Single listing
46127058,1,f,,Single listing
46143177,1,f,,Single listing
46146353,1,f,,Single listing
46152750,6,f,,5-19 listings
46189962,1,f,,Single listing
46194724,1,f,,Single listing
46196063,1,f,,Single listing
46210004,1,f,,Single listing
46216706,1,f,,Single listing
46218130,1,t,,Single listing
46223451,2,f,,2-4 listings
46238715,3,t,,2-4 listings
46258787,3,t,,2-4 listings
46263345,6,t,,5-19 listings
46280667,4,t,,2-4 listings
46290903,1,f,,Single listing
46301748,1,f,,Single listing
46326509,1,f,,Single listing
46357557,1,f,,Single listing
46369098,2,f,,2-4 listings
46394624,2,f,,2-4 listings
46395035,1,f,,Single listing
46439695,2,f,,2-4 listings
46442275,1,f,,Single listing
46444944,2,t,,2-4 listings
46449241,1,f,,Single listing
46477797,2,f,,2-4 listings
46479737,1,f,,Single listing
46516891,2,f,,2-4 listings
46521648,1,t,,Single listing
46528073,2,f,,2-4 listings
46529683,2,f,,2-4 listings
46531849,1,f,,Single listing
46535810,1,t,,Single listing
46536259,1,t,,Single listing
46549008,2,f,,2-4 listings
46552043,1,f,,Single listing
46566707,1,t,,Single listing
46604145,1,f,,Single listing
46611346,3,f,,2-4 listings
46618448,1,f,,Single listing
46625756,4,t,,2-4 listings
46632767,1,f,,Single listing
46643143,1,f,,Single listing
46646507,1,f,,Single listing
46652493,1,f,,Single listing
46694396,1,f,,Single listing
46694530,1,f,,Single listing
46710848,1,t,,Single listing
46752857,1,f,,Single listing
46757370,1,f,,Single listing
46757706,1,f,,Single listing
46787922,1,f,,Single listing
46825759,1,f,,Single listing
46836067,1,t,,Single listing
46842006,1,f,,Single listing
46847683,1,f,,Single listing
46850416,1,f,,Single listing
46858514,1,t,,Single listing
46865103,1,f,,Single listing
46872757,1,f,,Single listing
46873627,1,f,,Single listing
46917083,1,t,,Single listing
46921258,1,f,,Single listing
46923738,1,t,,Single listing
46937399,1,f,,Single listing
46991986,2,t,,2-4 listings
46992557,1,f,,Single listing
46994605,1,t,,Single listing
46995172,2,t,,2-4 listings
47005189,1,t,,Single listing
47007654,1,f,,Single listing
47022915,1,f,,Single listing
47042255,1,f,,Single listing
47055754,1,f,,Single listing
47070078,2,t,,2-4 listings
47086103,2,t,,2-4 listings
47088908,1,t,,Single listing
47091177,2,t,,2-4 listings
47117330,1,f,,Single listing
47127959,1,f,,Single listing
47134825,1,f,,Single listing
47156509,1,f,,Single listing
47159914,2,f,,2-4 listings
47164758,1,t,,Single listing
47165330,1,f,,Single listing
47179157,2,t,,2-4 listings
47189049,3,t,,2-4 listings
47195011,2,t,,2-4 listings
47200658,1,t,,Single listing
47201951,1,t,,Single listing
47246877,1,f,,Single listing
47260142,1,t,,Single listing
47298981,8,t,,5-19 listings
47305438,1,f,,Single listing
47358752,2,f,,2-4 listings
47365597,1,f,,Single listing
47379515,1,f,,Single listing
47393254,1,f,,Single listing
47399890,3,t,,2-4 listings
47405177,1,f,,Single listing
47435679,2,f,,2-4 listings
47438570,2,t,,2-4 listings
47456524,1,f,,Single listing
47483135,1,f,,Single listing
47491632,2,t,,2-4 listings
47521609,1,f,,Single listing
47522821,1,f,,Single listing
47527473,1,f,,Single listing
47545825,1,f,,Single listing
47564985,8,t,,5-19 listings
47567098,1,f,,Single listing
47598535,2,f,,2-4 listings
47621286,1,t,,Single listing
47627872,7,t,,5-19 listings
47629470,1,t,,Single listing
47651994,1,f,,Single listing
47679628,1,f,,Single listing
47680819,2,f,,2-4 listings
47685918,1,f,,Single listing
47687043,1,f,,Single listing
47688274,1,t,,Single listing
47723923,1,t,,Single listing
47778327,1,f,,Single listing
47809117,1,t,,Single listing
47810573,1,f,,Single listing
47821135,1,t,,Single listing
47831159,1,t,,Single listing
47832096,2,t,,2-4 listings
47833028,1,t,,Single listing
47838212,1,f,,Single listing
47862715,1,f,,Single listing
47883637,1,f,,Single listing
47887996,1,f,,Single listing
47895336,1,t,,Single listing
47910676,1,t,,Single listing
47948387,1,f,,Single listing
47948403,5,t,,5-19 listings
47951571,1,f,,Single listing
47952452,1,f,,Single listing
47963831,1,f,,Single listing
47964814,1,f,,Single listing
47984057,4,t,,2-4 listings
47989795,1,t,,Single listing
47996243,1,f,,Single listing
48009795,2,f,,2-4 listings
48035444,1,f,,Single listing
48036481,1,f,,Single listing
48041609,1,t,,Single listing
48043426,3,t,,2-4 listings
48066211,1,f,,Single listing
48076704,1,f,,Single listing
48087654,1,f,,Single listing
48118705,44,t,,20+ listings
48122007,1,f,,Single listing
48125941,1,f,,Single listing
48129491,1,t,,Single listing
48134664,1,f,,Single listing
48142100,2,t,,2-4 listings
48147117,1,f,,Single listing
48175909,1,f,,Single listing
48176846,1,f,,Single listing
48213881,1,f,,Single listing
48221865,1,f,,Single listing
48223718,1,f,,Single listing
48251583,1,f,,Single listing
48294892,1,f,,Single listing
48303994,50,t,,20+ listings
48306952,1,t,,Single listing
48312551,4,t,,2-4 listings
48325224,1,f,,Single listing
48325952,4,t,,2-4 listings
48372411,1,f,,Single listing
48388216,1,f,,Single listing
48389274,3,t,,2-4 listings
48396861,1,t,,Single listing
48399776,1,f,,Single listing
48410636,1,t,,Single listing
48461013,1,t,,Single listing
48462928,1,f,,Single listing
48466675,7,t,,5-19 listings
48469030,1,f,,Single listing
48475827,1,f,,Single listing
48508455,1,f,,Single listing
48513241,1,f,,Single listing
48541239,2,f,,2-4 listings
48549157,1,f,,Single listing
48553882,7,f,,5-19 listings
48571041,1,f,,Single listing
48575062,1,f,,Single listing
48597554,1,f,,Single listing
48599230,1,t,,Single listing
48601385,1,f,,Single listing
48602350,4,f,,2-4 listings
48606583,1,f,,Single listing
48639918,1,f,,Single listing
48640453,2,f,,2-4 listings
48640754,1,f,,Single listing
48644330,1,f,,Single listing
48656805,1,f,,Single listing
48674748,1,t,,Single listing
48682954,2,t,,2-4 listings
48693829,1,f,,Single listing
48697850,1,f,,Single listing
48734646,1,f,,Single listing
48738908,1,f,,Single listing
48739809,1,f,,Single listing
48743604,1,f,,Single listing
48747939,2,t,,2-4 listings
48757128,2,f,,2-4 listings
48781307,2,f,,2-4 listings
48786459,2,t,,2-4 listings
48799284,1,t,,Single listing
48826921,3,t,,2-4 listings
48828281,1,f,,Single listing
48836468,1,f,,Single listing
48854485,1,t,,Single listing
48854556,1,f,,Single listing
48870100,1,t,,Single listing
48871109,1,t,,Single listing
48875521,1,f,,Single listing
48880203,1,f,,Single listing
48881672,1,f,,Single listing
48882846,1,f,,Single listing
48915113,1,t,,Single listing
48917716,1,f,,Single listing
48918192,1,f,,Single listing
48924330,2,f,,2-4 listings
48925819,1,f,,Single listing
48938910,2,f,,2-4 listings
48955633,1,f,,Single listing
48958295,1,f,,Single listing
48989342,1,f,,Single listing
48997982,1,t,,Single listing
48999827,1,t,,Single listing
49010285,1,f,,Single listing
49025087,1,f,,Single listing
49056936,1,t,,Single listing
49062337,1,f,,Single listing
49063985,1,f,,Single listing
49064729,1,f,,Single listing
49068019,3,f,,2-4 listings
49072032,1,f,,Single listing
49095426,1,f,,Single listing
49098378,1,f,,Single listing
49100151,1,f,,Single listing
49101722,5,t,,5-19 listings
49144711,2,f,,2-4 listings
49150715,1,t,,Single listing
49153208,1,t,,Single listing
49190523,1,t,,Single listing
49193536,1,f,,Single listing
49227701,1,f,,Single listing
49247711,1,f,,Single listing
49258234,1,f,,Single listing
49272640,2,f,,2-4 listings
49273070,1,f,,Single listing
49276009,1,f,,Single listing
49317318,2,t,,2-4 listings
49317467,1,t,,Single listing
49335187,5,t,,5-19 listings
49347760,1,f,,Single listing
49348010,1,f,,Single listing
49393412,1,f,,Single listing
49411288,1,f,,Single listing
49417072,1,t,,Single listing
49435966,3,f,,2-4 listings
49471563,1,f,,Single listing
49472487,1,t,,Single listing
49474354,1,t,,Single listing
49479294,1,f,,Single listing
49481305,1,t,,Single listing
49489502,1,t,,Single listing
49526226,4,f,,2-4 listings
49526894,1,f,,Single listing
49532968,1,f,,Single listing
49535379,1,f,,Single listing
49539582,8,f,,5-19 listings
49551116,1,t,,Single listing
49568347,1,f,,Single listing
49590569,1,f,,Single listing
49601419,1,f,,Single listing
49606471,1,f,,Single listing
49614868,1,f,,Single listing
49626631,2,f,,2-4 listings
49674033,2,t,,2-4 listings
49674641,3,f,,2-4 listings
49682576,1,f,,Single listing
49685229,1,t,,Single listing
49691309,1,f,,Single listing
49691387,3,f,,2-4 listings
49701373,1,f,,Single listing
49706415,1,t,,Single listing
49708805,1,f,,Single listing
49745909,2,f,,2-4 listings
49763678,1,f,,Single listing
49767863,3,f,,2-4 listings
49771993,1,f,,Single listing
49778844,1,f,,Single listing
49783603,3,t,,2-4 listings
49806570,11,f,,5-19 listings
49832252,1,f,,Single listing
49840890,3,t,,2-4 listings
49844845,1,f,,Single listing
49845726,2,t,,2-4 listings
49858632,5,t,,5-19 listings
49860510,1,f,,Single listing
49862721,3,f,,2-4 listings
49874726,1,t,,Single listing
49878037,2,t,,2-4 listings
49878106,1,f,,Single listing
49889494,1,t,,Single listing
49905900,1,t,,Single listing
49918359,1,t,,Single listing
49921860,1,t,,Single listing
49925061,1,f,,Single listing
49943800,1,f,,Single listing
49945027,1,t,,Single listing
49950005,1,f,,Single listing
49969412,1,f,,Single listing
49978043,1,f,,Single listing
49996449,1,f,,Single listing
49996481,1,f,,Single listing
49996574,4,f,,2-4 listings
50007311,2,t,,2-4 listings
50009142,1,f,,Single listing
50052524,3,t,,2-4 listings
50055164,1,f,,Single listing
50060778,1,t,,Single listing
50088871,2,f,,2-4 listings
50092339,1,f,,Single listing
50098321,1,f,,Single listing
50102836,1,t,,Single listing
50103901,1,f,,Single listing
50108451,1,f,,Single listing
50110117,1,t,,Single listing
50113473,2,f,,2-4 listings
50164327,1,f,,Single listing
50167822,1,f,,Single listing
50169486,1,f,,Single listing
50170130,1,f,,Single listing
50179515,1,f,,Single listing
50182758,2,t,,2-4 listings
50185066,2,f,,2-4 listings
50190211,1,f,,Single listing
50193321,1,f,,Single listing
50205880,1,f,,Single listing
50209522,1,f,,Single listing
50248370,1,f,,Single listing
50258320,1,f,,Single listing
50259587,1,t,,Single listing
50263237,1,f,,Single listing
50265230,1,f,,Single listing
50265636,1,f,,Single listing
50267040,1,f,,Single listing
50269939,2,f,,2-4 listings
50270299,2,f,,2-4 listings
50270588,1,f,,Single listing
50274114,2,f,,2-4 listings
50276096,1,f,,Single listing
50279094,3,t,,2-4 listings
50292415,3,f,,2-4 listings
50324668,1,f,,Single listing
50335764,2,t,,2-4 listings
50340061,1,f,,Single listing
50340629,1,f,,Single listing
50345034,1,t,,Single listing
50349077,1,f,,Single listing
50355304,2,t,,2-4 listings
50358182,3,t,,2-4 listings
50370469,1,f,,Single listing
50379976,1,f,,Single listing
50383676,2,f,,2-4 listings
50385449,1,t,,Single listing
50389977,1,f,,Single listing
50394479,1,t,,Single listing
50417311,1,f,,Single listing
50417417,1,f,,Single listing
50419138,1,f,,Single listing
50425206,2,f,,2-4 listings
50431715,1,f,,Single listing
50432231,1,f,,Single listing
50456003,2,f,,2-4 listings
50461227,1,f,,Single listing
50465422,6,t,,5-19 listings
50471625,1,t,,Single listing
50491924,2,f,,2-4 listings
50501185,7,f,,5-19 listings
50503781,2,f,,2-4 listings
50511592,1,f,,Single listing
50513610,2,f,,2-4 listings
50514238,1,t,,Single listing
50515076,1,f,,Single listing
50528655,1,f,,Single listing
50557542,1,t,,Single listing
50565489,3,t,,2-4 listings
50572853,1,f,,Single listing
50579037,1,f,,Single listing
50621189,2,t,,2-4 listings
50622017,1,t,,Single listing
50626183,1,f,,Single listing
50627461,1,f,,Single listing
50638913,1,f,,Single listing
50654583,1,t,,Single listing
50666938,1,t,,Single listing
50696703,1,f,,Single listing
50712403,1,f,,Single listing
50717752,1,f,,Single listing
50722620,1,f,,Single listing
50733033,1,t,,Single listing
50734594,1,f,,Single listing
50735401,1,f,,Single listing
50749759,1,t,,Single listing
50751221,2,f,,2-4 listings
50777371,3,t,,2-4 listings
50783472,1,t,,Single listing
50786916,4,t,,2-4 listings
50788552,1,f,,Single listing
50804150,1,f,,Single listing
50804768,1,f,,Single listing
50847161,1,t,,Single listing
50868338,2,t,,2-4 listings
50872852,1,f,,Single listing
50877884,2,f,,2-4 listings
50892400,1,f,,Single listing
50899778,1,f,,Single listing
50900951,1,f,,Single listing
50904051,5,t,,5-19 listings
50933515,1,t,,Single listing
50960649,2,t,,2-4 listings
50987999,2,f,,2-4 listings
50996273,3,t,,2-4 listings
51008025,1,f,,Single listing
51038686,1,f,,Single listing
51050101,5,f,,5-19 listings
51084716,2,t,,2-4 listings
51128269,2,f,,2-4 listings
51136197,2,f,,2-4 listings
51141328,2,t,,2-4 listings
51141330,1,f,,Single listing
51160748,1,t,,Single listing
51193265,5,f,,5-19 listings
51201039,1,t,,Single listing
51203290,1,f,,Single listing
51221231,2,f,,2-4 listings
51286589,1,f,,Single listing
51291508,2,f,,2-4 listings
51293298,14,t,,5-19 listings
51318657,1,t,,Single listing
51324200,1,f,,Single listing
51354819,3,t,,2-4 listings
51398858,2,t,,2-4 listings
51401641,1,f,,Single listing
51406009,1,f,,Single listing
51410520,1,t,,Single listing
51431910,1,f,,Single listing
51482058,1,t,,Single listing
51485947,32,t,,20+ listings
51488418,1,f,,Single listing
51489747,1,f,,Single listing
51491165,2,t,,2-4 listings
51518899,1,f,,Single listing
51522079,1,t,,Single listing
51549326,2,f,,2-4 listings
51573026,5,f,,5-19 listings
51573487,1,f,,Single listing
51586895,4,f,,2-4 listings
51593929,8,f,,5-19 listings
51602202,1,f,,Single listing
51625780,15,f,,5-19 listings
51630294,1,t,,Single listing
51640190,1,t,,Single listing
51644054,1,f,,Single listing
51646851,1,f,,Single listing
51655344,1,f,,Single listing
51711995,1,t,,Single listing
51768281,2,t,,2-4 listings
51784272,2,t,,2-4 listings
51784962,3,t,,2-4 listings
51785730,1,t,,Single listing
51787904,1,f,,Single listing
51806524,1,f,,Single listing
51828074,1,t,,Single listing
51832262,1,f,,Single listing
51843771,1,t,,Single listing
51876397,1,f,,Single listing
51878458,1,f,,Single listing
51893254,1,t,,Single listing
51913232,1,f,,Single listing
51924969,1,f,,Single listing
51970843,2,f,,2-4 listings
51971527,1,f,,Single listing
51973953,1,f,,Single listing
51990874,3,t,,2-4 listings
51995593,1,f,,Single listing
52016455,3,t,,2-4 listings
52059726,1,f,,Single listing
52062008,1,f,,Single listing
52064839,1,f,,Single listing
52068225,1,t,,Single listing
52071941,1,f,,Single listing
52156035,1,f,,Single listing
52181192,1,f,,Single listing
52199009,1,t,,Single listing
52199421,1,t,,Single listing
52232442,1,f,,Single listing
52232895,10,f,,5-19 listings
52237491,2,f,,2-4 listings
52280658,1,f,,Single listing
52285094,1,f,,Single listing
52301423,1,f,,Single listing
52311391,2,t,,2-4 listings
52311852,1,f,,Single listing
52331990,1,t,,Single listing
52370205,1,f,,Single listing
52485665,1,t,,Single listing
52495787,1,f,,Single listing
52496777,1,t,,Single listing
52525810,1,t,,Single listing
52527425,3,f,,2-4 listings
52544581,1,f,,Single listing
52552146,1,f,,Single listing
52553575,1,f,,Single listing
52567106,1,f,,Single listing
52595107,2,t,,2-4 listings
52605667,1,f,,Single listing
52606773,1,f,,Single listing
52618746,1,f,,Single listing
52629162,1,f,,Single listing
52632625,7,t,,5-19 listings
52635085,1,f,,Single listing
52643360,1,f,,Single listing
52659700,1,f,,Single listing
52679539,1,f,,Single listing
52683503,1,f,,Single listing
52693524,2,f,,2-4 listings
52726541,1,f,,Single listing
52730499,3,f,,2-4 listings
52743928,1,f,,Single listing
52747711,1,f,,Single listing
52749031,2,f,,2-4 listings
52770784,1,t,,Single listing
52838617,2,f,,2-4 listings
52838738,3,f,,2-4 listings
52841334,1,t,,Single listing
52841990,1,f,,Single listing
52842786,1,f,,Single listing
52842942,1,t,,Single listing
52845909,1,f,,Single listing
52856494,1,f,,Single listing
52904249,4,t,,2-4 listings
52926067,1,f,,Single listing
52936137,2,f,,2-4 listings
52961789,1,f,,Single listing
53016771,2,t,,2-4 listings
53025131,2,f,,2-4 listings
53063776,1,f,,Single listing
53071297,1,f,,Single listing
53103384,1,f,,Single listing
53166318,1,f,,Single listing
53247926,1,f,,Single listing
53248493,2,t,,2-4 listings
53252545,1,f,,Single listing
53253739,1,t,,Single listing
53257929,13,t,,5-19 listings
53282234,1,t,,Single listing
53294520,1,f,,Single listing
53370998,1,f,,Single listing
53377634,1,f,,Single listing
53378443,2,t,,2-4 listings
53390421,1,t,,Single listing
53392800,1,f,,Single listing
53395374,1,f,,Single listing
53409851,1,t,,Single listing
53419956,32,t,,20+ listings
53425254,1,f,,Single listing
53434622,1,f,,Single listing
53446862,1,f,,Single listing
53452179,1,f,,Single listing
53461809,3,f,,2-4 listings
53520076,1,f,,Single listing
53527508,2,t,,2-4 listings
53535215,1,f,,Single listing
53539772,1,f,,Single listing
53548098,1,t,,Single listing
53597717,1,f,,Single listing
53602230,3,t,,2-4 listings
53658189,1,t,,Single listing
53659823,1,t,,Single listing
53663645,1,t,,Single listing
53667495,1,f,,Single listing
53671107,2,f,,2-4 listings
53682818,1,f,,Single listing
53779477,1,t,,Single listing
53788081,1,f,,Single listing
53798637,1,t,,Single listing
53822179,2,f,,2-4 listings
53824329,1,f,,Single listing
53844080,1,f,,Single listing
53853184,2,f,,2-4 listings
53854726,1,f,,Single listing
53895267,2,f,,2-4 listings
54001310,1,f,,Single listing
54022331,1,f,,Single listing
54051607,1,f,,Single listing
54063414,1,t,,Single listing
54109036,1,f,,Single listing
54177262,1,f,,Single listing
54182179,1,f,,Single listing
54187277,1,t,,Single listing
54235830,1,f,,Single listing
54286554,8,f,,5-19 listings
54311530,1,f,,Single listing
54311923,1,f,,Single listing
54312476,1,f,,Single listing
54325357,2,t,,2-4 listings
54331173,1,f,,Single listing
54332505,1,f,,Single listing
54350424,1,f,,Single listing
54352239,1,f,,Single listing
54367268,1,f,,Single listing
54368657,1,f,,Single listing
54370763,1,f,,Single listing
54390165,1,f,,Single listing
54429870,1,t,,Single listing
54438166,3,t,,2-4 listings
54440849,1,f,,Single listing
54446199,1,f,,Single listing
54454787,1,t,,Single listing
54456182,2,f,,2-4 listings
54468137,2,f,,2-4 listings
54489701,1,f,,Single listing
54567229,1,f,,Single listing
54574462,1,f,,Single listing
54575074,9,f,,5-19 listings
54577723,1,t,,Single listing
54582334,1,f,,Single listing
54602892,1,f,,Single listing
54627693,1,f,,Single listing
54628961,1,f,,Single listing
54636349,1,f,,Single listing
54696096,1,f,,Single listing
54700488,1,t,,Single listing
54704135,1,f,,Single listing
54707516,1,f,,Single listing
54716301,4,f,,2-4 listings
54748195,2,f,,2-4 listings
54811522,1,f,,Single listing
54825364,5,t,,5-19 listings
54844340,2,t,,2-4 listings
54852127,1,f,,Single listing
54858646,1,t,,Single listing
54925947,1,f,,Single listing
54928155,1,f,,Single listing
54928786,1,f,,Single listing
54935056,2,t,,2-4 listings
54940803,1,f,,Single listing
54953627,1,f,,Single listing
54959216,1,t,,Single listing
54995309,1,f,,Single listing
55017654,1,t,,Single listing
55072091,1,t,,Single listing
55089422,1,f,,Single listing
55093545,1,f,,Single listing
55096899,1,f,,Single listing
55105352,1,t,,Single listing
55117078,1,f,,Single listing
55153022,10,f,,5-19 listings
55162665,1,f,,Single listing
55162767,1,f,,Single listing
55234734,1,t,,Single listing
55236683,4,t,,2-4 listings
55346686,1,f,,Single listing
55352369,1,f,,Single listing
55357384,1,f,,Single listing
55363564,1,f,,Single listing
55369061,3,f,,2-4 listings
55378667,1,f,,Single listing
55413962,1,f,,Single listing
55418842,1,f,,Single listing
55440439,1,t,,Single listing
55447132,1,f,,Single listing
55476134,2,t,,2-4 listings
55479635,1,f,,Single listing
55489038,1,f,,Single listing
55490884,1,f,,Single listing
55498178,2,f,,2-4 listings
55498677,2,t,,2-4 listings
55504960,1,f,,Single listing
55511570,1,f,,Single listing
55514373,1,f,,Single listing
55517697,1,f,,Single listing
55519013,2,t,,2-4 listings
55578268,1,f,,Single listing
55620246,1,f,,Single listing
55626636,1,t,,Single listing
55631221,2,t,,2-4 listings
55636390,1,t,,Single listing
55655958,1,f,,Single listing
55656003,3,f,,2-4 listings
55701774,1,f,,Single listing
55731838,1,f,,Single listing
55747594,1,f,,Single listing
55758053,1,f,,Single listing
55761706,9,f,,5-19 listings
55794373,1,t,,Single listing
55854370,1,f,,Single listing
55874949,1,f,,Single listing
55875158,2,f,,2-4 listings
55875467,2,f,,2-4 listings
55882281,1,t,,Single listing
55882591,1,f,,Single listing
55888228,1,f,,Single listing
55891631,1,f,,Single listing
55914583,2,t,,2-4 listings
55933604,1,f,,Single listing
55937654,4,t,,2-4 listings
55939550,1,t,,Single listing
55968673,1,f,,Single listing
55994975,1,f,,Single listing
56001373,1,f,,Single listing
56019514,1,f,,Single listing
56021647,1,f,,Single listing
56046139,2,t,,2-4 listings
56145422,4,t,,2-4 listings
56145686,2,f,,2-4 listings
56166636,1,f,,Single listing
56174862,1,f,,Single listing
56186159,1,f,,Single listing
56211688,1,f,,Single listing
56246501,1,t,,Single listing
56284540,1,f,,Single listing
56288914,11,t,,5-19 listings
56289336,1,t,,Single listing
56297321,2,t,,2-4 listings
56299497,1,f,,Single listing
56300727,1,f,,Single listing
56308742,1,f,,Single listing
56310258,2,f,,2-4 listings
56345721,1,f,,Single listing
56351703,1,f,,Single listing
56365162,1,f,,Single listing
56365952,2,f,,2-4 listings
56380297,1,f,,Single listing
56402067,3,f,,2-4 listings
56414758,1,f,,Single listing
56471217,2,t,,2-4 listings
56518028,2,t,,2-4 listings
56555959,1,f,,Single listing
56563365,1,f,,Single listing
56674981,1,t,,Single listing
56700654,1,f,,Single listing
56701403,1,f,,Single listing
56732887,1,f,,Single listing
56778525,1,f,,Single listing
56802642,1,f,,Single listing
56811673,1,f,,Single listing
56850175,1,f,,Single listing
56866940,2,t,,2-4 listings
56868851,1,t,,Single listing
56869449,1,t,,Single listing
56875096,1,t,,Single listing
56886486,1,f,,Single listing
56937980,1,t,,Single listing
56974371,2,f,,2-4 listings
56992055,1,t,,Single listing
57005131,1,t,,Single listing
57026407,1,f,,Single listing
57060902,1,f,,Single listing
57077474,1,f,,Single listing
57094561,1,f,,Single listing
57100349,2,f,,2-4 listings
57157226,1,f,,Single listing
57157973,2,f,,2-4 listings
57170814,1,t,,Single listing
57211161,4,f,,2-4 listings
57218252,136,f,,20+ listings
57218942,1,f,,Single listing
57225284,1,t,,Single listing
57231671,1,f,,Single listing
57239228,1,f,,Single listing
57243773,1,t,,Single listing
57255319,1,t,,Single listing
57273241,2,t,,2-4 listings
57285598,1,f,,Single listing
57352140,1,f,,Single listing
57358578,1,f,,Single listing
57358937,1,t,,Single listing
57370485,2,f,,2-4 listings
57384986,1,t,,Single listing
57409815,1,f,,Single listing
57412165,3,t,,2-4 listings
57474866,1,f,,Single listing
57476794,1,f,,Single listing
57477594,1,f,,Single listing
57480530,1,f,,Single listing
57490415,1,f,,Single listing
57491535,1,t,,Single listing
57500414,1,f,,Single listing
57506482,3,t,,2-4 listings
57552233,1,f,,Single listing
57584747,1,f,,Single listing
57593382,1,f,,Single listing
57598771,1,f,,Single listing
57610406,1,f,,Single listing
57610682,2,f,,2-4 listings
57611780,1,f,,Single listing
57628497,1,f,,Single listing
57644755,1,t,,Single listing
57649935,1,f,,Single listing
57700190,3,f,,2-4 listings
57701594,1,f,,Single listing
57706874,1,f,,Single listing
57710249,1,f,,Single listing
57714275,3,t,,2-4 listings
57716421,2,t,,2-4 listings
57720048,1,f,,Single listing
57731807,1,f,,Single listing
57762183,4,t,,2-4 listings
57765739,1,t,,Single listing
57770755,1,f,,Single listing
57772794,2,t,,2-4 listings
57797271,2,f,,2-4 listings
57824617,84,t,,20+ listings
57827875,1,f,,Single listing
57832332,1,f,,Single listing
57838702,1,f,,Single listing
57841415,1,f,,Single listing
57849948,1,f,,Single listing
57863837,2,f,,2-4 listings
57868408,1,f,,Single listing
57869598,1,t,,Single listing
57873422,1,f,,Single listing
57878375,5,f,,5-19 listings
57883214,2,f,,2-4 listings
57888670,1,f,,Single listing
57892233,1,f,,Single listing
57897662,2,t,,2-4 listings
57917011,1,f,,Single listing
57926170,1,f,,Single listing
57974043,1,f,,Single listing
57977774,2,t,,2-4 listings
57980218,1,t,,Single listing
57992156,1,t,,Single listing
57992813,1,f,,Single listing
57995123,1,f,,Single listing
58000889,1,f,,Single listing
58034713,1,f,,Single listing
58058061,1,f,,Single listing
58059637,1,f,,Single listing
58129048,1,t,,Single listing
58140437,1,f,,Single listing
58144425,1,f,,Single listing
58145768,1,t,,Single listing
58148296,1,f,,Single listing
58151439,1,t,,Single listing
58169939,1,f,,Single listing
58206629,1,t,,Single listing
58214006,1,t,,Single listing
58275719,1,f,,Single listing
58286219,1,f,,Single listing
58290595,1,f,,Single listing
58293314,1,f,,Single listing
58297873,1,t,,Single listing
58300338,1,f,,Single listing
58407223,1,f,,Single listing
58417359,1,t,,Single listing
58459559,1,f,,Single listing
58533648,1,f,,Single listing
58543754,1,f,,Single listing
58545117,1,f,,Single listing
58563874,1,t,,Single listing
58613119,1,t,,Single listing
58652862,2,f,,2-4 listings
58669351,1,f,,Single listing
58675889,1,f,,Single listing
58689574,3,f,,2-4 listings
58699863,2,t,,2-4 listings
58705804,1,f,,Single listing
58790716,1,f,,Single listing
58791226,1,f,,Single listing
58813592,2,f,,2-4 listings
58821095,1,t,,Single listing
58904393,1,t,,Single listing
58973255,1,f,,Single listing
58979213,1,f,,Single listing
58980598,1,f,,Single listing
58982951,1,f,,Single listing
58990858,2,t,,2-4 listings
59028534,1,f,,Single listing
59038613,1,f,,Single listing
59054095,2,t,,2-4 listings
59081151,1,f,,Single listing
59108572,2,f,,2-4 listings
59131271,1,f,,Single listing
59131680,1,f,,Single listing
59152061,1,f,,Single listing
59164691,3,f,,2-4 listings
59174563,1,f,,Single listing
59184571,1,t,,Single listing
59201955,1,f,,Single listing
59285630,2,f,,2-4 listings
59287721,1,f,,Single listing
59293000,1,f,,Single listing
59298831,1,t,,Single listing
59312810,1,f,,Single listing
59314018,1,f,,Single listing
59321786,1,t,,Single listing
59323714,6,f,,5-19 listings
59351974,1,f,,Single listing
59412126,1,f,,Single listing
59420503,2,t,,2-4 listings
59435530,1,f,,Single listing
59435755,1,t,,Single listing
59445998,1,f,,Single listing
59452555,1,f,,Single listing
59477331,1,f,,Single listing
59547296,1,f,,Single listing
59557431,4,f,,2-4 listings
59561385,1,f,,Single listing
59582044,2,f,,2-4 listings
59678151,1,f,,Single listing
59691157,6,t,,5-19 listings
59703833,5,t,,5-19 listings
59741298,1,t,,Single listing
59760739,2,t,,2-4 listings
59765774,4,t,,2-4 listings
59772074,1,t,,Single listing
59842438,4,t,,2-4 listings
59860199,1,f,,Single listing
59874115,2,f,,2-4 listings
59907364,2,t,,2-4 listings
59947636,1,f,,Single listing
60007672,1,f,,Single listing
60008907,2,f,,2-4 listings
60014080,1,f,,Single listing
60015427,2,t,,2-4 listings
60019210,1,f,,Single listing
60021440,1,f,,Single listing
60032257,1,f,,Single listing
60041763,1,f,,Single listing
60065444,1,f,,Single listing
60088343,1,f,,Single listing
60102073,1,f,,Single listing
60102284,1,t,,Single listing
60155515,1,f,,Single listing
60176241,1,f,,Single listing
60177810,2,t,,2-4 listings
60213235,1,f,,Single listing
60237447,1,f,,Single listing
60330586,2,t,,2-4 listings
60337904,1,f,,Single listing
60350429,1,t,,Single listing
60357586,5,t,,5-19 listings
60383426,1,f,,Single listing
60390614,1,f,,Single listing
60454523,1,f,,Single listing
60463535,8,f,,5-19 listings
60468630,1,t,,Single listing
60516642,1,t,,Single listing
60527712,1,f,,Single listing
60574269,1,f,,Single listing
60576973,1,f,,Single listing
60578399,1,t,,Single listing
60639042,1,t,,Single listing
60647921,1,f,,Single listing
60650671,1,f,,Single listing
60655945,2,f,,2-4 listings
60665333,1,f,,Single listing
60691301,3,t,,2-4 listings
60695265,2,f,,2-4 listings
60697785,1,t,,Single listing
60730574,3,t,,2-4 listings
60740228,3,t,,2-4 listings
60741997,2,t,,2-4 listings
60753987,1,f,,Single listing
60761251,1,f,,Single listing
60777617,1,f,,Single listing
60783599,1,f,,Single listing
60791481,1,f,,Single listing
60853592,1,t,,Single listing
60856830,4,f,,2-4 listings
60863413,1,t,,Single listing
60870665,1,t,,Single listing
60873212,1,f,,Single listing
60875263,3,t,,2-4 listings
60880541,2,f,,2-4 listings
60882031,1,f,,Single listing
60882776,1,f,,Single listing
60893804,1,f,,Single listing
60898577,3,t,,2-4 listings
61021297,1,t,,Single listing
61036591,3,f,,2-4 listings
61048724,1,f,,Single listing
61049027,1,f,,Single listing
61078499,7,f,,5-19 listings
61090709,1,t,,Single listing
61178921,2,t,,2-4 listings
61181699,5,f,,5-19 listings
61205776,1,t,,Single listing
61213938,1,t,,Single listing
61264176,1,f,,Single listing
61266782,1,f,,Single listing
61270838,1,f,,Single listing
61277821,1,t,,Single listing
61369437,4,f,,2-4 listings
61373262,1,f,,Single listing
61412628,1,f,,Single listing
61473859,1,t,,Single listing
61480491,1,t,,Single listing
61520705,2,t,,2-4 listings
61542438,2,t,,2-4 listings
61598708,1,t,,Single listing
61609851,1,t,,Single listing
61634830,1,t,,Single listing
61639414,1,f,,Single listing
61646593,1,f,,Single listing
61671378,1,f,,Single listing
61689284,1,t,,Single listing
61721471,1,f,,Single listing
61736454,1,f,,Single listing
61741596,2,t,,2-4 listings
61745860,1,f,,Single listing
61752224,1,f,,Single listing
61752503,1,f,,Single listing
61768961,20,f,,20+ listings
61804063,2,f,,2-4 listings
61812189,1,f,,Single listing
61837337,1,t,,Single listing
61906732,2,t,,2-4 listings
61913127,1,f,,Single listing
61936639,1,t,,Single listing
61962534,1,f,,Single listing
61976703,1,t,,Single listing
62071591,1,f,,Single listing
62077156,3,t,,2-4 listings
62081824,1,t,,Single listing
62093209,25,t,,20+ listings
62098013,1,t,,Single listing
62120819,1,f,,Single listing
62134898,1,f,,Single listing
62160294,1,f,,Single listing
62207696,1,t,,Single listing
62209730,5,f,,5-19 listings
62215475,1,f,,Single listing
62233665,1,f,,Single listing
62236114,1,t,,Single listing
62237094,1,f,,Single listing
62274692,1,f,,Single listing
62278054,1,f,,Single listing
62290534,1,t,,Single listing
62373940,1,f,,Single listing
62377763,1,f,,Single listing
62390063,1,t,,Single listing
62421139,1,f,,Single listing
62427352,1,f,,Single listing
62481952,1,f,,Single listing
62488736,1,t,,Single listing
62520479,1,f,,Single listing
62606640,1,f,,Single listing
62608068,1,t,,Single listing
62622985,1,f,,Single listing
62673355,2,t,,2-4 listings
62714883,1,f,,Single listing
62737212,1,f,,Single listing
62774067,1,f,,Single listing
62787778,1,t,,Single listing
62789746,1,t,,Single listing
62794861,1,f,,Single listing
62886073,3,t,,2-4 listings
62887298,1,f,,Single listing
62894497,1,f,,Single listing
62896371,2,t,,2-4 listings
62919688,1,f,,Single listing
62968136,1,t,,Single listing
63035688,1,f,,Single listing
63041358,2,t,,2-4 listings
63047539,1,f,,Single listing
63069960,1,f,,Single listing
63071627,1,t,,Single listing
63094540,3,t,,2-4 listings
63101051,1,f,,Single listing
63108523,1,f,,Single listing
63115399,1,f,,Single listing
63117758,5,t,,5-19 listings
63128575,1,t,,Single listing
63171259,2,f,,2-4 listings
63180250,6,t,,5-19 listings
63180301,2,f,,2-4 listings
63183462,1,f,,Single listing
63190140,2,f,,2-4 listings
63202371,14,f,,5-19 listings
63207427,2,f,,2-4 listings
63233688,1,t,,Single listing
63316259,2,t,,2-4 listings
63330888,1,f,,Single listing
63339950,1,f,,Single listing
63347078,1,f,,Single listing
63367270,1,f,,Single listing
63380887,1,t,,Single listing
63403205,2,f,,2-4 listings
63458069,1,f,,Single listing
63491595,1,f,,Single listing
63543250,1,f,,Single listing
63566694,1,f,,Single listing
63568739,1,f,,Single listing
63612517,1,f,,Single listing
63633959,1,t,,Single listing
63688669,1,f,,Single listing
63701400,1,f,,Single listing
63735681,1,f,,Single listing
63755339,2,f,,2-4 listings
63759618,4,t,,2-4 listings
63838092,3,f,,2-4 listings
63848518,18,f,,5-19 listings
63856540,1,f,,Single listing
63861422,1,t,,Single listing
63875106,1,t,,Single listing
63913723,1,f,,Single listing
63914841,1,f,,Single listing
63916388,2,t,,2-4 listings
63916526,1,f,,Single listing
63921504,1,t,,Single listing
63926722,5,t,,5-19 listings
63940913,1,f,,Single listing
63945162,1,t,,Single listing
63986933,1,f,,Single listing
64031126,2,f,,2-4 listings
64063980,1,f,,Single listing
64069294,1,f,,Single listing
64072373,4,f,,2-4 listings
64077738,1,f,,Single listing
64139531,2,f,,2-4 listings
64149165,1,f,,Single listing
64165652,6,f,,5-19 listings
64204781,1,t,,Single listing
64254542,2,t,,2-4 listings
64260046,1,f,,Single listing
64281958,1,t,,Single listing
64291502,1,t,,Single listing
64311627,1,f,,Single listing
64386119,1,f,,Single listing
64402021,1,f,,Single listing
64418910,1,f,,Single listing
64426060,1,t,,Single listing
64436332,1,t,,Single listing
64459726,1,f,,Single listing
64488048,1,f,,Single listing
64488542,1,t,,Single listing
64492873,1,f,,Single listing
64504075,1,f,,Single listing
64504880,1,f,,Single listing
64508317,1,f,,Single listing
64551925,1,f,,Single listing
64649266,1,f,,Single listing
64657045,1,f,,Single listing
64719718,1,f,,Single listing
64720477,5,f,,5-19 listings
64757749,1,f,,Single listing
64762696,1,f,,Single listing
64879131,1,f,,Single listing
64882580,6,f,,5-19 listings
64920468,1,f,,Single listing
64942842,1,t,,Single listing
65016970,1,f,,Single listing
65035849,2,f,,2-4 listings
65043092,1,t,,Single listing
65062340,2,f,,2-4 listings
65098802,1,t,,Single listing
65163342,1,f,,Single listing
65172704,1,f,,Single listing
65175850,1,f,,Single listing
65194341,1,f,,Single listing
65232792,1,f,,Single listing
65306788,1,f,,Single listing
65309266,1,t,,Single listing
65324224,1,f,,Single listing
65330141,1,f,,Single listing
65347889,1,f,,Single listing
65381134,3,f,,2-4 listings
65386982,1,f,,Single listing
65454482,1,f,,Single listing
65460185,1,f,,Single listing
65484726,1,f,,Single listing
65550598,1,f,,Single listing
65550954,1,f,,Single listing
65590123,1,t,,Single listing
65691085,1,f,,Single listing
65706762,1,f,,Single listing
65714835,1,f,,Single listing
65716515,1,f,,Single listing
65747649,6,f,,5-19 listings
65792314,1,t,,Single listing
65833543,1,t,,Single listing
65879499,1,f,,Single listing
65914343,1,t,,Single listing
65935743,1,t,,Single listing
66008469,1,f,,Single listing
66023253,1,f,,Single listing
66029045,1,t,,Single listing
66030766,1,f,,Single listing
66034024,1,f,,Single listing
66045555,1,t,,Single listing
66085098,1,t,,Single listing
66099338,1,t,,Single listing
66143174,1,f,,Single listing
66171193,1,f,,Single listing
66173531,1,t,,Single listing
66191392,1,f,,Single listing
66197834,1,f,,Single listing
66223305,1,t,,Single listing
66226443,1,f,,Single listing
66229300,1,t,,Single listing
66293064,1,f,,Single listing
66300462,1,f,,Single listing
66308559,1,f,,Single listing
66314247,2,f,,2-4 listings
66314636,1,f,,Single listing
66318165,1,f,,Single listing
66321535,2,f,,2-4 listings
66365659,1,f,,Single listing
66368682,1,f,,Single listing
66434806,1,f,,Single listing
66505515,2,f,,2-4 listings
66550487,1,f,,Single listing
66602081,1,f,,Single listing
66701383,3,f,,2-4 listings
66705743,1,f,,Single listing
66710417,1,f,,Single listing
66716024,2,t,,2-4 listings
66718885,2,t,,2-4 listings
66776335,2,f,,2-4 listings
66830378,1,t,,Single listing
66834778,1,f,,Single listing
66851286,2,t,,2-4 listings
66852664,1,f,,Single listing
66866815,1,f,,Single listing
66870335,1,t,,Single listing
66895789,3,t,,2-4 listings
66939792,1,t,,Single listing
67002637,1,f,,Single listing
67006435,1,f,,Single listing
67011456,2,f,,2-4 listings
67013506,13,t,,5-19 listings
67037162,2,f,,2-4 listings
67048969,1,t,,Single listing
67071593,4,t,,2-4 listings
67137846,1,f,,Single listing
67140153,1,f,,Single listing
67151277,1,t,,Single listing
67155718,1,f,,Single listing
67172871,1,f,,Single listing
67175103,3,f,,2-4 listings
67180548,1,f,,Single listing
67272596,1,f,,Single listing
67283531,1,f,,Single listing
67288500,1,f,,Single listing
67291765,2,t,,2-4 listings
67308601,1,t,,Single listing
67340210,1,t,,Single listing
67360629,1,f,,Single listing
67407273,1,f,,Single listing
67456021,1,t,,Single listing
67526997,1,f,,Single listing
67556673,1,t,,Single listing
67593015,1,t,,Single listing
67624490,2,t,,2-4 listings
67672675,1,f,,Single listing
67682070,1,f,,Single listing
67686774,4,t,,2-4 listings
67690518,1,f,,Single listing
67705313,1,f,,Single listing
67724695,3,f,,2-4 listings
67725789,3,f,,2-4 listings
67745800,1,t,,Single listing
67754444,12,f,,5-19 listings
67785014,1,f,,Single listing
67790446,1,f,,Single listing
67800421,1,f,,Single listing
67820108,1,f,,Single listing
67856622,1,f,,Single listing
67862819,1,f,,Single listing
67869921,1,f,,Single listing
67921300,1,t,,Single listing
67934696,1,f,,Single listing
68019804,1,f,,Single listing
68049349,1,f,,Single listing
68058647,2,f,,2-4 listings
68181540,1,f,,Single listing
68190862,2,f,,2-4 listings
68208089,2,t,,2-4 listings
68227927,1,f,,Single listing
68247649,1,t,,Single listing
68261685,1,f,,Single listing
68269028,1,f,,Single listing
68270330,1,f,,Single listing
68347811,2,t,,2-4 listings
68348857,2,t,,2-4 listings
68414785,4,t,,2-4 listings
68488314,2,f,,2-4 listings
68502795,1,t,,Single listing
68515904,2,t,,2-4 listings
68566000,2,f,,2-4 listings
68601955,2,f,,2-4 listings
68624066,1,f,,Single listing
68639422,1,t,,Single listing
68644862,1,f,,Single listing
68672406,1,f,,Single listing
68777309,1,f,,Single listing
68787907,2,t,,2-4 listings
68814456,1,f,,Single listing
68827370,1,f,,Single listing
68841091,1,f,,Single listing
68949500,3,f,,2-4 listings
68990287,2,f,,2-4 listings
69014295,1,f,,Single listing
69087043,1,f,,Single listing
69139868,1,t,,Single listing
69181312,1,f,,Single listing
69188227,1,f,,Single listing
69201740,1,t,,Single listing
69213910,3,f,,2-4 listings
69222417,1,t,,Single listing
69235473,1,f,,Single listing
69243476,1,f,,Single listing
69302926,2,t,,2-4 listings
69314113,1,t,,Single listing
69314984,2,t,,2-4 listings
69328761,1,f,,Single listing
69330877,1,f,,Single listing
69337933,2,t,,2-4 listings
69465200,1,f,,Single listing
69502724,4,t,,2-4 listings
69510321,1,f,,Single listing
69553299,1,f,,Single listing
69597921,1,f,,Single listing
69600977,4,f,,2-4 listings
69644117,1,f,,Single listing
69652800,1,f,,Single listing
69679483,1,f,,Single listing
69723378,1,f,,Single listing
69764531,1,t,,Single listing
69772643,2,t,,2-4 listings
69819928,1,f,,Single listing
69821891,1,f,,Single listing
69907006,1,f,,Single listing
69914924,1,f,,Single listing
69938433,9,t,,5-19 listings
69950962,1,f,,Single listing
69973974,1,f,,Single listing
70008327,1,f,,Single listing
70113743,1,f,,Single listing
70151821,1,t,,Single listing
70154634,1,f,,Single listing
70173990,3,f,,2-4 listings
70187180,1,f,,Single listing
70270522,1,f,,Single listing
70279262,1,t,,Single listing
70283986,1,t,,Single listing
70291746,1,t,,Single listing
70306531,1,f,,Single listing
70308537,1,f,,Single listing
70316585,3,t,,2-4 listings
70335084,1,t,,Single listing
70338006,1,f,,Single listing
70364563,1,f,,Single listing
70366157,1,f,,Single listing
70379432,2,t,,2-4 listings
70382443,1,f,,Single listing
70439448,1,f,,Single listing
70442724,1,f,,Single listing
70448632,1,t,,Single listing
70454081,2,t,,2-4 listings
70456552,1,f,,Single listing
70467927,1,t,,Single listing
70478184,1,t,,Single listing
70486926,2,t,,2-4 listings
70524100,1,f,,Single listing
70529374,1,f,,Single listing
70535431,1,f,,Single listing
70597028,1,t,,Single listing
70665619,1,f,,Single listing
70755984,3,t,,2-4 listings
70792184,1,t,,Single listing
70869334,4,t,,2-4 listings
70931249,3,f,,2-4 listings
70949967,3,t,,2-4 listings
70959037,4,t,,2-4 listings
70965501,1,f,,Single listing
70988929,1,f,,Single listing
71055478,1,f,,Single listing
71096766,1,f,,Single listing
71099488,1,f,,Single listing
71115737,1,f,,Single listing
71116652,1,f,,Single listing
71145249,1,f,,Single listing
71238251,1,f,,Single listing
71249498,2,f,,2-4 listings
71254553,1,f,,Single listing
71268864,2,f,,2-4 listings
71287263,1,f,,Single listing
71307547,1,f,,Single listing
71329067,1,f,,Single listing
71329104,1,f,,Single listing
71339689,3,f,,2-4 listings
71432416,1,f,,Single listing
71432841,1,t,,Single listing
71468987,1,t,,Single listing
71480488,1,f,,Single listing
71539974,1,f,,Single listing
71585140,1,t,,Single listing
71608851,3,t,,2-4 listings
71614323,3,t,,2-4 listings
71620857,1,f,,Single listing
71628918,1,f,,Single listing
71651158,1,f,,Single listing
71680756,1,f,,Single listing
71690445,2,f,,2-4 listings
71693314,1,f,,Single listing
71762085,4,f,,2-4 listings
71768334,1,f,,Single listing
71775324,1,f,,Single listing
71862364,1,t,,Single listing
71948480,1,f,,Single listing
71969588,1,t,,Single listing
71975805,1,f,,Single listing
71979564,1,f,,Single listing
72056833,1,f,,Single listing
72145918,1,t,,Single listing
72257003,2,f,,2-4 listings
72304042,7,t,,5-19 listings
72322611,1,f,,Single listing
72360199,10,f,,5-19 listings
72386909,1,f,,Single listing
72451760,1,f,,Single listing
72456485,1,f,,Single listing
72459979,1,f,,Single listing
72642695,1,f,,Single listing
72645596,2,t,,2-4 listings
72650431,1,f,,Single listing
72658809,1,t,,Single listing
72704121,1,t,,Single listing
72707544,1,f,,Single listing
72711459,1,f,,Single listing
72716906,2,f,,2-4 listings
72812606,2,t,,2-4 listings
72885422,2,f,,2-4 listings
72900530,2,f,,2-4 listings
72918188,1,f,,Single listing
72976858,1,t,,Single listing
72977869,1,f,,Single listing
72985369,1,t,,Single listing
73020335,1,t,,Single listing
73051437,5,t,,5-19 listings
73061620,1,f,,Single listing
73065938,1,f,,Single listing
73134170,1,f,,Single listing
73146380,1,f,,Single listing
73154027,1,f,,Single listing
73159028,2,t,,2-4 listings
73188459,1,t,,Single listing
73205905,1,f,,Single listing
73308068,1,t,,Single listing
73384167,1,f,,Single listing
73476316,1,t,,Single listing
73492693,3,f,,2-4 listings
73498068,1,f,,Single listing
73502042,1,f,,Single listing
73534027,2,f,,2-4 listings
73541924,1,f,,Single listing
73548286,1,f,,Single listing
73685154,3,t,,2-4 listings
73741488,2,t,,2-4 listings
73821108,1,t,,Single listing
73887467,1,f,,Single listing
73899691,1,f,,Single listing
73900238,1,f,,Single listing
73929118,1,f,,Single listing
73956405,1,f,,Single listing
73989521,1,f,,Single listing
74082146,1,f,,Single listing
74084659,1,f,,Single listing
74086042,1,f,,Single listing
74093209,1,f,,Single listing
74100629,1,t,,Single listing
74111711,2,f,,2-4 listings
74126244,1,f,,Single listing
74140354,1,f,,Single listing
74279658,1,t,,Single listing
74281833,1,f,,Single listing
74293896,1,f,,Single listing
74298513,1,f,,Single listing
74311573,1,f,,Single listing
74335023,1,f,,Single listing
74363851,1,f,,Single listing
74383357,1,f,,Single listing
74394267,2,t,,2-4 listings
74433433,1,f,,Single listing
74574517,1,f,,Single listing
74580641,1,t,,Single listing
74629741,1,f,,Single listing
74646340,2,f,,2-4 listings
74649602,1,f,,Single listing
74666046,2,t,,2-4 listings
74740360,1,t,,Single listing
74758823,1,t,,Single listing
74790664,1,f,,Single listing
74803059,1,t,,Single listing
74835838,1,f,,Single listing
74940832,1,f,,Single listing
74949249,1,f,,Single listing
74980163,1,f,,Single listing
75048777,1,t,,Single listing
75101530,1,f,,Single listing
75166583,1,f,,Single listing
75167394,1,f,,Single listing
75182087,1,f,,Single listing
75195354,1,f,,Single listing
75338301,7,f,,5-19 listings
75341168,2,f,,2-4 listings
75349763,1,t,,Single listing
75407036,2,t,,2-4 listings
75428111,8,t,,5-19 listings
75538006,1,t,,Single listing
75547571,1,f,,Single listing
75556115,1,t,,Single listing
75628060,2,f,,2-4 listings
75685422,1,f,,Single listing
75691467,1,f,,Single listing
75719249,2,t,,2-4 listings
75724544,1,t,,Single listing
75743511,1,f,,Single listing
75764692,1,f,,Single listing
75862850,3,t,,2-4 listings
75867155,4,f,,2-4 listings
75934369,2,f,,2-4 listings
75954416,2,f,,2-4 listings
75968015,1,f,,Single listing
76083725,3,t,,2-4 listings
76101578,1,f,,Single listing
76103277,1,f,,Single listing
76147215,1,t,,Single listing
76150183,1,t,,Single listing
76151674,1,f,,Single listing
76169597,2,t,,2-4 listings
76195364,1,f,,Single listing
76294683,1,f,,Single listing
76303315,1,f,,Single listing
76360216,1,f,,Single listing
76384411,1,f,,Single listing
76512437,6,t,,5-19 listings
76525185,1,f,,Single listing
76537734,2,t,,2-4 listings
76553673,1,t,,Single listing
76574144,12,f,,5-19 listings
76575650,2,t,,2-4 listings
76605371,1,t,,Single listing
76623338,1,f,,Single listing
76748966,2,t,,2-4 listings
76753675,1,t,,Single listing
76830737,3,t,,2-4 listings
76864783,1,f,,Single listing
76887121,2,f,,2-4 listings
76912147,1,f,,Single listing
76913099,1,t,,Single listing
76914322,1,f,,Single listing
76930986,1,f,,Single listing
76931424,1,f,,Single listing
77016426,1,f,,Single listing
77295733,1,t,,Single listing
77323658,4,t,,2-4 listings
77379138,2,f,,2-4 listings
77460101,1,f,,Single listing
77513634,4,t,,2-4 listings
77519364,4,f,,2-4 listings
77628821,1,t,,Single listing
77734994,1,t,,Single listing
77852602,2,t,,2-4 listings
77874802,1,f,,Single listing
77896130,1,t,,Single listing
77939142,1,t,,Single listing
78037063,2,t,,2-4 listings
78077090,1,f,,Single listing
78082164,4,t,,2-4 listings
78089169,1,t,,Single listing
78208350,1,f,,Single listing
78222676,1,f,,Single listing
78235075,1,t,,Single listing
78273127,1,f,,Single listing
78287659,7,t,,5-19 listings
78300241,1,f,,Single listing
78314397,1,f,,Single listing
78379292,2,t,,2-4 listings
78400441,1,t,,Single listing
78429486,1,t,,Single listing
78460961,1,f,,Single listing
78473632,1,f,,Single listing
78481503,3,f,,2-4 listings
78481922,1,f,,Single listing
78543735,1,f,,Single listing
78554669,1,t,,Single listing
78576126,1,f,,Single listing
78620215,1,t,,Single listing
78650105,1,f,,Single listing
78757643,1,f,,Single listing
78761546,1,f,,Single listing
78791066,1,f,,Single listing
78803562,2,t,,2-4 listings
78885731,1,f,,Single listing
78900592,1,f,,Single listing
78997058,1,t,,Single listing
79001270,1,f,,Single listing
79066870,1,f,,Single listing
79079309,1,t,,Single listing
79192350,1,f,,Single listing
79209158,1,f,,Single listing
79216013,5,f,,5-19 listings
79218210,1,f,,Single listing
79221256,1,f,,Single listing
79232883,2,f,,2-4 listings
79243765,1,f,,Single listing
79253719,1,t,,Single listing
79263750,1,t,,Single listing
79304856,1,f,,Single listing
79313688,1,f,,Single listing
79428816,1,f,,Single listing
79430695,1,t,,Single listing
79479679,1,f,,Single listing
79536428,1,f,,Single listing
79603615,1,f,,Single listing
79615765,1,t,,Single listing
79623131,1,t,,Single listing
79650082,1,f,,Single listing
79670800,1,f,,Single listing
79672220,1,f,,Single listing
79746831,2,f,,2-4 listings
79794817,1,f,,Single listing
79801129,2,f,,2-4 listings
79958531,1,f,,Single listing
79988009,1,f,,Single listing
80019807,1,t,,Single listing
80026480,1,f,,Single listing
80038573,3,f,,2-4 listings
80048578,1,f,,Single listing
80051811,3,t,,2-4 listings
80071570,2,f,,2-4 listings
80077007,1,t,,Single listing
80184614,1,t,,Single listing
80209900,4,t,,2-4 listings
80236107,1,f,,Single listing
80241944,1,t,,Single listing
80292347,1,f,,Single listing
80294306,1,f,,Single listing
80298191,1,f,,Single listing
80308855,2,t,,2-4 listings
80312762,4,f,,2-4 listings
80337252,1,f,,Single listing
80408199,1,t,,Single listing
80426297,1,t,,Single listing
80449744,6,f,,5-19 listings
80459160,2,f,,2-4 listings
80528462,2,f,,2-4 listings
80634211,1,t,,Single listing
80694459,1,t,,Single listing
80702118,1,f,,Single listing
80714065,1,f,,Single listing
80725275,1,f,,Single listing
80847296,1,f,,Single listing
80877115,1,f,,Single listing
80914002,1,f,,Single listing
80927937,1,f,,Single listing
81038384,2,f,,2-4 listings
81051420,1,f,,Single listing
81062267,1,f,,Single listing
81149513,1,t,,Single listing
81239574,1,f,,Single listing
81325009,1,f,,Single listing
81376500,1,f,,Single listing
81486111,1,f,,Single listing
81486315,1,f,,Single listing
81490447,1,f,,Single listing
81510026,2,f,,2-4 listings
81548594,1,f,,Single listing
81572721,2,f,,2-4 listings
81587639,1,f,,Single listing
81595141,1,t,,Single listing
81614863,1,f,,Single listing
81790075,1,f,,Single listing
81803353,1,f,,Single listing
81808411,3,f,,2-4 listings
81828073,1,f,,Single listing
81842811,1,t,,Single listing
81861634,1,f,,Single listing
81883234,1,f,,Single listing
81910902,1,f,,Single listing
81915170,1,f,,Single listing
81917846,1,f,,Single listing
81919234,1,f,,Single listing
81928655,1,f,,Single listing
81932102,1,t,,Single listing
81961040,1,t,,Single listing
81979359,1,f,,Single listing
82007503,2,f,,2-4 listings
82009614,1,f,,Single listing
82026431,10,f,,5-19 listings
82039931,1,f,,Single listing
82088705,1,f,,Single listing
82098734,1,f,,Single listing
82128293,1,f,,Single listing
82186935,1,t,,Single listing
82197610,1,f,,Single listing
82234925,1,t,,Single listing
82235888,1,f,,Single listing
82238364,2,t,,2-4 listings
82258519,1,f,,Single listing
82273525,1,f,,Single listing
82281108,1,f,,Single listing
82323878,1,f,,Single listing
82339395,1,f,,Single listing
82469672,2,f,,2-4 listings
82480368,1,t,,Single listing
82527065,1,f,,Single listing
82591875,1,t,,Single listing
82614506,1,f,,Single listing
82618530,1,f,,Single listing
82652504,1,f,,Single listing
82670084,1,f,,Single listing
82678378,1,f,,Single listing
82709387,2,t,,2-4 listings
82822566,1,t,,Single listing
82826095,6,f,,5-19 listings
82857905,1,f,,Single listing
82871064,1,f,,Single listing
82975146,1,f,,Single listing
83006992,1,f,,Single listing
83031827,1,t,,Single listing
83067459,2,t,,2-4 listings
83116578,1,f,,Single listing
83119317,2,t,,2-4 listings
83124630,1,t,,Single listing
83159975,2,t,,2-4 listings
83166950,1,f,,Single listing
83225852,1,t,,Single listing
83226016,1,f,,Single listing
83231965,1,f,,Single listing
83239403,3,f,,2-4 listings
83268418,1,f,,Single listing
83305467,1,f,,Single listing
83331550,2,t,,2-4 listings
83333812,1,f,,Single listing
83366768,2,t,,2-4 listings
83452158,1,t,,Single listing
83470739,1,f,,Single listing
83478486,1,t,,Single listing
83550288,1,f,,Single listing
83576221,1,t,,Single listing
83590484,1,f,,Single listing
83647087,1,f,,Single listing
83689376,1,f,,Single listing
83704696,1,t,,Single listing
83766728,1,f,,Single listing
83849655,1,f,,Single listing
83862845,1,f,,Single listing
83876810,1,f,,Single listing
83907822,2,t,,2-4 listings
84050407,1,f,,Single listing
84093652,1,f,,Single listing
84127556,1,f,,Single listing
84211920,1,f,,Single listing
84217350,1,f,,Single listing
84237624,1,t,,Single listing
84263583,1,t,,Single listing
84304791,1,f,,Single listing
84402925,3,t,,2-4 listings
84437065,1,f,,Single listing
84476550,7,f,,5-19 listings
84492978,1,t,,Single listing
84643017,2,f,,2-4 listings
84705605,1,f,,Single listing
84708100,1,f,,Single listing
84746422,1,t,,Single listing
84833193,2,t,,2-4 listings
84863922,3,f,,2-4 listings
84872203,1,f,,Single listing
84888179,1,t,,Single listing
84913642,1,f,,Single listing
85054110,1,t,,Single listing
85065558,4,t,,2-4 listings
85067831,2,f,,2-4 listings
85091019,1,f,,Single listing
85150773,1,f,,Single listing
85236716,2,f,,2-4 listings
85276487,1,f,,Single listing
85398783,1,f,,Single listing
85434090,3,t,,2-4 listings
85440064,1,f,,Single listing
85569176,1,t,,Single listing
85575457,1,f,,Single listing
85577840,1,f,,Single listing
85591102,3,f,,2-4 listings
85602318,10,f,,5-19 listings
85784485,3,t,,2-4 listings
85806199,2,t,,2-4 listings
85808883,4,f,,2-4 listings
85809327,1,f,,Single listing
85826035,1,f,,Single listing
85875153,1,f,,Single listing
85880108,1,f,,Single listing
85881079,1,t,,Single listing
86014601,1,f,,Single listing
86025018,1,f,,Single listing
86025575,1,f,,Single listing
86030109,1,f,,Single listing
86052304,1,f,,Single listing
86062123,1,f,,Single listing
86070198,2,f,,2-4 listings
86088036,3,f,,2-4 listings
86089027,1,t,,Single listing
86243595,1,f,,Single listing
86297993,3,f,,2-4 listings
86324299,1,t,,Single listing
86327578,1,t,,Single listing
86452407,1,f,,Single listing
86459488,30,t,,20+ listings
86492889,1,f,,Single listing
86528103,1,f,,Single listing
86538758,2,t,,2-4 listings
86545952,1,f,,Single listing
86570783,2,f,,2-4 listings
86632806,1,f,,Single listing
86654924,3,f,,2-4 listings
86672559,1,f,,Single listing
86811778,1,t,,Single listing
86854501,1,t,,Single listing
86867430,1,t,,Single listing
86974626,2,f,,2-4 listings
86979492,1,f,,Single listing
86981436,1,t,,Single listing
86982531,1,f,,Single listing
87007180,1,f,,Single listing
87062668,1,t,,Single listing
87076219,1,f,,Single listing
87077007,1,f,,Single listing
87078828,1,f,,Single listing
87079789,1,f,,Single listing
87081973,5,t,,5-19 listings
87082664,1,t,,Single listing
87128038,4,f,,2-4 listings
87209531,1,f,,Single listing
87234125,10,f,,5-19 listings
87240020,1,t,,Single listing
87296241,1,t,,Single listing
87299967,1,f,,Single listing
87309073,1,f,,Single listing
87310499,1,f,,Single listing
87317918,1,f,,Single listing
87332549,1,f,,Single listing
87393635,2,t,,2-4 listings
87414667,1,f,,Single listing
87425363,1,t,,Single listing
87569487,6,t,,5-19 listings
87576896,1,f,,Single listing
87587223,1,f,,Single listing
87661242,4,t,,2-4 listings
87736282,1,f,,Single listing
87736967,1,f,,Single listing
87746061,3,f,,2-4 listings
87755622,1,f,,Single listing
87775911,1,f,,Single listing
87787063,1,f,,Single listing
87870300,1,f,,Single listing
87886165,12,t,,5-19 listings
87914996,2,f,,2-4 listings
88059997,2,t,,2-4 listings
88093974,1,t,,Single listing
88111106,1,f,,Single listing
88160370,2,f,,2-4 listings
88248735,3,f,,2-4 listings
88275864,2,f,,2-4 listings
88304486,2,f,,2-4 listings
88315277,1,f,,Single listing
88326649,1,f,,Single listing
88329510,2,t,,2-4 listings
88363780,1,t,,Single listing
88478689,1,f,,Single listing
88527011,1,f,,Single listing
88553744,1,t,,Single listing
88639386,1,f,,Single listing
88647379,17,f,,5-19 listings
88674532,1,t,,Single listing
88712866,1,f,,Single listing
88847403,3,t,,2-4 listings
88856552,2,f,,2-4 listings
88877749,1,f,,Single listing
88939252,4,f,,2-4 listings
88957593,3,t,,2-4 listings
88969490,1,f,,Single listing
89023559,1,f,,Single listing
89054743,4,t,,2-4 listings
89058352,1,f,,Single listing
89064421,1,f,,Single listing
89075512,1,t,,Single listing
89083164,4,t,,2-4 listings
89092732,1,t,,Single listing
89135071,1,t,,Single listing
89178637,1,f,,Single listing
89251882,3,t,,2-4 listings
89274986,2,t,,2-4 listings
89335786,1,t,,Single listing
89453286,1,t,,Single listing
89457928,1,f,,Single listing
89462340,1,f,,Single listing
89548605,2,t,,2-4 listings
89616666,1,f,,Single listing
89623545,1,f,,Single listing
89685073,1,t,,Single listing
89805509,1,f,,Single listing
89839228,1,f,,Single listing
89867843,1,f,,Single listing
89938391,2,f,,2-4 listings
89981333,2,f,,2-4 listings
89988629,1,f,,Single listing
90002219,1,f,,Single listing
90152052,1,f,,Single listing
90163325,1,f,,Single listing
90191399,1,f,,Single listing
90191653,1,t,,Single listing
90205347,2,f,,2-4 listings
90235881,1,f,,Single listing
90264622,1,f,,Single listing
90274786,17,f,,5-19 listings
90359006,3,f,,2-4 listings
90368136,1,f,,Single listing
90383886,2,f,,2-4 listings
90386330,2,f,,2-4 listings
90400928,1,f,,Single listing
90463477,1,t,,Single listing
90470497,1,f,,Single listing
90560262,1,f,,Single listing
90615196,1,f,,Single listing
90645772,1,f,,Single listing
90664964,1,f,,Single listing
90768840,5,t,,5-19 listings
90798683,61,t,,20+ listings
90838001,1,f,,Single listing
90886942,1,t,,Single listing
90921930,1,t,,Single listing
90929571,2,t,,2-4 listings
91037169,1,t,,Single listing
91046672,1,f,,Single listing
91055807,2,f,,2-4 listings
91072208,1,f,,Single listing
91088784,1,f,,Single listing
91097677,1,f,,Single listing
91101082,2,t,,2-4 listings
91103115,1,f,,Single listing
91141609,1,f,,Single listing
91145068,2,f,,2-4 listings
91153719,1,f,,Single listing
91178170,1,f,,Single listing
91225043,1,f,,Single listing
91237191,2,t,,2-4 listings
91290398,1,t,,Single listing
91295967,1,f,,Single listing
91312761,1,f,,Single listing
91343856,1,f,,Single listing
91346868,1,f,,Single listing
91413003,1,f,,Single listing
91419906,1,t,,Single listing
91428883,24,t,,20+ listings
91448767,1,f,,Single listing
91501844,1,f,,Single listing
91503162,1,t,,Single listing
91525365,1,f,,Single listing
91583953,1,t,,Single listing
91623903,1,f,,Single listing
91626788,1,t,,Single listing
91626796,2,f,,2-4 listings
91633235,2,t,,2-4 listings
91639524,1,f,,Single listing
91685081,1,f,,Single listing
91768845,1,f,,Single listing
91781378,1,f,,Single listing
91792117,3,t,,2-4 listings
91798093,1,f,,Single listing
91947728,1,f,,Single listing
91952884,1,f,,Single listing
91957724,2,t,,2-4 listings
91966506,1,f,,Single listing
91974565,1,t,,Single listing
92020023,1,f,,Single listing
92038151,5,t,,5-19 listings
92095401,1,t,,Single listing
92106905,1,f,,Single listing
92124163,1,f,,Single listing
92157881,7,t,,5-19 listings
92206490,1,f,,Single listing
92213497,1,f,,Single listing
92217356,1,f,,Single listing
92230925,2,f,,2-4 listings
92267177,1,t,,Single listing
92276994,1,f,,Single listing
92291784,1,t,,Single listing
92390053,1,f,,Single listing
92423748,1,f,,Single listing
92482160,4,f,,2-4 listings
92567266,1,f,,Single listing
92584443,1,f,,Single listing
92664156,1,f,,Single listing
92665782,1,f,,Single listing
92779573,1,f,,Single listing
92814643,3,f,,2-4 listings
92824519,1,f,,Single listing
92833834,1,f,,Single listing
92846593,2,f,,2-4 listings
92849651,2,t,,2-4 listings
92861227,2,t,,2-4 listings
92875523,1,t,,Single listing
92916345,1,f,,Single listing
92927537,1,f,,Single listing
93024452,1,f,,Single listing
93102735,1,f,,Single listing
93132617,1,f,,Single listing
93152509,5,f,,5-19 listings
93186258,2,f,,2-4 listings
93260812,2,f,,2-4 listings
93300209,2,t,,2-4 listings
93306936,3,f,,2-4 listings
93316358,1,f,,Single listing
93427134,1,f,,Single listing
93480339,1,f,,Single listing
93537536,1,f,,Single listing
93582052,1,f,,Single listing
93583128,1,f,,Single listing
93599290,19,t,,5-19 listings
93603431,1,t,,Single listing
93637112,1,f,,Single listing
93650529,1,f,,Single listing
93677696,1,f,,Single listing
93680064,1,t,,Single listing
93681737,1,t,,Single listing
93685554,1,t,,Single listing
93690807,1,f,,Single listing
93700302,1,t,,Single listing
93739532,2,f,,2-4 listings
93779024,1,f,,Single listing
93800761,2,t,,2-4 listings
93825823,1,t,,Single listing
93831022,1,f,,Single listing
93835166,2,t,,2-4 listings
93842950,1,t,,Single listing
93875192,1,t,,Single listing
93892021,1,f,,Single listing
93977698,1,t,,Single listing
93984793,1,f,,Single listing
94006772,1,f,,Single listing
94009286,1,f,,Single listing
94024017,1,t,,Single listing
94056069,1,f,,Single listing
94148068,2,f,,2-4 listings
94155314,1,f,,Single listing
94156676,1,t,,Single listing
94174950,1,t,,Single listing
94175904,1,f,,Single listing
94184137,1,f,,Single listing
94201481,2,t,,2-4 listings
94256359,1,f,,Single listing
94301945,1,f,,Single listing
94317206,1,f,,Single listing
94335744,3,f,,2-4 listings
94355320,1,f,,Single listing
94425781,1,f,,Single listing
94510071,1,f,,Single listing
94569108,1,f,,Single listing
94586238,1,f,,Single listing
94604013,1,f,,Single listing
94699268,1,f,,Single listing
94728714,1,f,,Single listing
94730864,2,f,,2-4 listings
94737877,1,f,,Single listing
94764825,1,t,,Single listing
94777378,1,f,,Single listing
94819031,1,f,,Single listing
94903417,1,f,,Single listing
94954800,1,f,,Single listing
95067048,7,f,,5-19 listings
95074576,1,f,,Single listing
95086084,1,t,,Single listing
95099832,1,f,,Single listing
95235593,1,f,,Single listing
95277640,3,f,,2-4 listings
95286411,1,f,,Single listing
95315590,1,f,,Single listing
95387900,1,f,,Single listing
95429665,1,f,,Single listing
95435182,2,f,,2-4 listings
95520251,1,f,,Single listing
95629692,1,f,,Single listing
95638404,1,f,,Single listing
95656884,1,t,,Single listing
95672547,1,f,,Single listing
95710448,1,f,,Single listing
95717807,1,t,,Single listing
95722948,1,f,,Single listing
95725089,2,t,,2-4 listings
95738778,7,t,,5-19 listings
95813147,1,f,,Single listing
95818103,16,t,,5-19 listings
95846311,3,f,,2-4 listings
95979460,1,t,,Single listing
95997655,1,f,,Single listing
96005020,3,t,,2-4 listings
96055184,1,f,,Single listing
96067924,4,f,,2-4 listings
96119164,3,f,,2-4 listings
96145078,1,t,,Single listing
96157135,1,t,,Single listing
96250728,1,f,,Single listing
96256810,1,t,,Single listing
96260095,1,t,,Single listing
96325835,1,f,,Single listing
96389778,1,f,,Single listing
96391659,1,f,,Single listing
96403154,2,f,,2-4 listings
96427058,1,t,,Single listing
96523990,1,f,,Single listing
96549913,1,f,,Single listing
96556115,1,f,,Single listing
96578681,1,f,,Single listing
96684829,1,f,,Single listing
96691392,1,f,,Single listing
96755464,1,f,,Single listing
96808110,1,f,,Single listing
96830330,4,t,,2-4 listings
96847275,1,f,,Single listing
96955407,1,f,,Single listing
96962708,1,f,,Single listing
96968969,1,f,,Single listing
97000772,2,f,,2-4 listings
97042335,1,f,,Single listing
97100259,2,t,,2-4 listings
97101465,1,f,,Single listing
97123974,2,f,,2-4 listings
97192635,2,f,,2-4 listings
97203522,1,f,,Single listing
97213711,1,f,,Single listing
97217436,1,f,,Single listing
97221779,2,t,,2-4 listings
97222814,1,f,,Single listing
97272710,1,f,,Single listing
97294659,1,f,,Single listing
97352238,1,f,,Single listing
97376355,2,f,,2-4 listings
97380937,2,f,,2-4 listings
97386261,3,t,,2-4 listings
97409432,2,t,,2-4 listings
97418247,1,f,,Single listing
97480954,2,f,,2-4 listings
97570915,1,f,,Single listing
97578205,1,f,,Single listing
97622720,1,f,,Single listing
97711020,1,f,,Single listing
97732197,1,t,,Single listing
97740123,1,f,,Single listing
97869041,1,f,,Single listing
97875138,2,f,,2-4 listings
97893017,1,f,,Single listing
97912630,2,t,,2-4 listings
97917301,1,f,,Single listing
97926606,1,f,,Single listing
97938463,9,f,,5-19 listings
97944282,1,f,,Single listing
97984537,1,f,,Single listing
98025396,1,f,,Single listing
98030737,1,f,,Single listing
98083591,4,f,,2-4 listings
98138131,5,t,,5-19 listings
98159158,3,f,,2-4 listings
98159912,19,t,,5-19 listings
98165357,1,f,,Single listing
98181589,6,t,,5-19 listings
98220577,1,f,,Single listing
98343901,1,f,,Single listing
98352506,2,f,,2-4 listings
98384540,1,t,,Single listing
98385394,1,f,,Single listing
98462037,5,f,,5-19 listings
98542984,1,f,,Single listing
98574309,1,f,,Single listing
98741962,1,t,,Single listing
98745524,3,f,,2-4 listings
98771963,1,f,,Single listing
98773804,1,f,,Single listing
98788385,2,f,,2-4 listings
98798070,1,f,,Single listing
98841563,1,f,,Single listing
98864071,1,f,,Single listing
98926650,1,t,,Single listing
98934682,2,f,,2-4 listings
98944272,1,t,,Single listing
98951923,1,t,,Single listing
99009533,1,f,,Single listing
99032876,1,f,,Single listing
99035979,1,f,,Single listing
99089362,1,f,,Single listing
99146075,1,t,,Single listing
99165802,2,t,,2-4 listings
99184739,2,t,,2-4 listings
99187862,1,f,,Single listing
99194770,2,t,,2-4 listings
99204755,1,f,,Single listing
99212364,1,f,,Single listing
99239533,3,f,,2-4 listings
99308482,3,f,,2-4 listings
99311209,1,f,,Single listing
99351303,1,f,,Single listing
99361019,1,f,,Single listing
99401956,1,f,,Single listing
99479790,1,f,,Single listing
99583629,6,f,,5-19 listings
99585978,1,f,,Single listing
99599446,1,f,,Single listing
99626861,1,f,,Single listing
99642726,1,f,,Single listing
99643668,1,f,,Single listing
99716867,1,t,,Single listing
99724264,5,f,,5-19 listings
99856551,1,f,,Single listing
99882014,1,f,,Single listing
99897289,1,f,,Single listing
99980016,3,f,,2-4 listings
99992436,2,t,,2-4 listings
100015228,1,f,,Single listing
100027244,2,t,,2-4 listings
100028954,1,f,,Single listing
100036055,1,t,,Single listing
100051151,1,f,,Single listing
100065460,1,f,,Single listing
100084575,1,f,,Single listing
100128814,1,f,,Single listing
100142728,1,f,,Single listing
100162235,1,t,,Single listing
100171921,2,f,,2-4 listings
100195571,1,f,,Single listing
100217254,1,f,,Single listing
100226772,3,f,,2-4 listings
100303678,2,t,,2-4 listings
100375622,1,f,,Single listing
100413710,3,f,,2-4 listings
100517701,1,f,,Single listing
100563927,1,t,,Single listing
100622675,1,t,,Single listing
100626271,1,t,,Single listing
100648732,5,t,,5-19 listings
100650615,1,f,,Single listing
100670987,1,f,,Single listing
100677805,2,f,,2-4 listings
100691106,1,f,,Single listing
100716894,2,f,,2-4 listings
100720165,1,t,,Single listing
100751100,1,t,,Single listing
100751532,1,f,,Single listing
100751766,2,f,,2-4 listings
100763965,1,t,,Single listing
100770747,1,f,,Single listing
100777852,1,f,,Single listing
100786205,1,f,,Single listing
100862886,1,t,,Single listing
100878350,1,f,,Single listing
100906595,1,f,,Single listing
100925431,1,f,,Single listing
101021635,1,t,,Single listing
101060614,3,t,,2-4 listings
101083229,1,f,,Single listing
101208928,1,t,,Single listing
101233452,1,f,,Single listing
101244503,1,t,,Single listing
101247573,1,f,,Single listing
101306343,1,f,,Single listing
101312660,2,f,,2-4 listings
101314045,1,f,,Single listing
101336103,4,t,,2-4 listings
101358087,1,f,,Single listing
101421301,2,f,,2-4 listings
101455437,1,f,,Single listing
101469477,1,f,,Single listing
101480741,1,t,,Single listing
101497249,2,f,,2-4 listings
101505166,1,f,,Single listing
101579472,1,f,,Single listing
101609386,12,f,,5-19 listings
101610097,1,f,,Single listing
101684028,1,t,,Single listing
101699691,1,t,,Single listing
101710697,8,t,,5-19 listings
101732830,1,f,,Single listing
101775614,1,f,,Single listing
101784439,1,t,,Single listing
101797233,2,t,,2-4 listings
101819327,1,f,,Single listing
101835954,1,f,,Single listing
101906507,1,f,,Single listing
101912838,2,t,,2-4 listings
101942916,1,f,,Single listing
101943945,1,f,,Single listing
101948760,1,f,,Single listing
101968743,1,f,,Single listing
101970922,1,f,,Single listing
102025892,4,f,,2-4 listings
102043577,1,f,,Single listing
102089569,1,f,,Single listing
102195751,1,t,,Single listing
102199399,1,f,,Single listing
102200042,1,f,,Single listing
102244643,1,f,,Single listing
102316618,2,f,,2-4 listings
102334915,1,f,,Single listing
102479213,1,f,,Single listing
102581787,1,t,,Single listing
102593228,1,t,,Single listing
102595515,1,f,,Single listing
102598191,1,f,,Single listing
102605831,4,t,,2-4 listings
102691202,1,f,,Single listing
102692402,1,t,,Single listing
102708851,1,f,,Single listing
102717997,1,f,,Single listing
102737010,2,f,,2-4 listings
102742087,1,f,,Single listing
102815743,2,f,,2-4 listings
102823623,1,f,,Single listing
102845821,1,f,,Single listing
102873574,3,t,,2-4 listings
102877810,1,t,,Single listing
102941106,1,t,,Single listing
102945269,1,f,,Single listing
102977259,1,f,,Single listing
103009855,5,f,,5-19 listings
103075541,2,f,,2-4 listings
103075578,1,f,,Single listing
103090136,1,t,,Single listing
103092861,3,f,,2-4 listings
103093628,1,f,,Single listing
103112479,1,t,,Single listing
103176167,3,f,,2-4 listings
103178190,2,f,,2-4 listings
103189713,1,f,,Single listing
103220357,4,t,,2-4 listings
103221244,1,t,,Single listing
103227679,1,f,,Single listing
103263683,5,f,,5-19 listings
103292512,2,f,,2-4 listings
103296441,1,t,,Single listing
103298141,1,t,,Single listing
103303132,2,f,,2-4 listings
103305307,1,f,,Single listing
103307335,1,f,,Single listing
103318847,2,t,,2-4 listings
103351691,1,f,,Single listing
103408164,1,f,,Single listing
103494126,1,t,,Single listing
103523065,1,f,,Single listing
103644285,1,f,,Single listing
103652523,1,f,,Single listing
103666620,1,t,,Single listing
103674770,1,f,,Single listing
103787917,3,f,,2-4 listings
103790863,1,f,,Single listing
103792869,4,f,,2-4 listings
103807385,1,f,,Single listing
103808270,1,f,,Single listing
103815750,1,t,,Single listing
103824886,2,f,,2-4 listings
103852657,1,t,,Single listing
103984924,1,t,,Single listing
103987640,3,t,,2-4 listings
104053309,2,f,,2-4 listings
104070053,1,f,,Single listing
104098684,1,f,,Single listing
104114535,1,f,,Single listing
104131614,1,f,,Single listing
104225055,1,f,,Single listing
104257381,2,t,,2-4 listings
104337396,1,f,,Single listing
104339295,1,f,,Single listing
104344023,2,f,,2-4 listings
104390483,1,f,,Single listing
104444246,1,t,,Single listing
104465901,1,f,,Single listing
104475451,1,t,,Single listing
104493543,1,f,,Single listing
104512690,1,t,,Single listing
104517059,1,t,,Single listing
104530505,6,f,,5-19 listings
104564650,1,t,,Single listing
104571004,1,f,,Single listing
104581084,1,f,,Single listing
104586365,1,f,,Single listing
104594260,1,f,,Single listing
104619780,1,f,,Single listing
104626520,1,f,,Single listing
104651579,1,t,,Single listing
104727149,1,f,,Single listing
104727318,1,t,,Single listing
104749994,1,f,,Single listing
104779010,1,t,,Single listing
104783163,10,f,,5-19 listings
104878415,1,f,,Single listing
104880410,1,f,,Single listing
104882179,1,f,,Single listing
104888992,1,f,,Single listing
104890445,1,t,,Single listing
104936668,1,f,,Single listing
104995082,1,f,,Single listing
105000234,1,f,,Single listing
105000419,1,f,,Single listing
105016117,2,t,,2-4 listings
105023235,1,f,,Single listing
105029432,1,t,,Single listing
105071804,2,f,,2-4 listings
105090213,2,f,,2-4 listings
105095793,2,f,,2-4 listings
105126080,2,f,,2-4 listings
105199237,1,t,,Single listing
105231595,1,f,,Single listing
105273138,1,f,,Single listing
105287059,1,f,,Single listing
105289020,1,f,,Single listing
105318182,1,f,,Single listing
105414893,2,f,,2-4 listings
105423690,1,t,,Single listing
105424258,1,f,,Single listing
105427934,1,t,,Single listing
105435759,7,t,,5-19 listings
105443762,1,f,,Single listing
105452848,1,f,,Single listing
105470965,2,t,,2-4 listings
105524469,2,f,,2-4 listings
105536416,1,t,,Single listing
105538025,1,t,,Single listing
105559373,1,f,,Single listing
105563326,1,t,,Single listing
105565852,1,f,,Single listing
105594515,1,f,,Single listing
105664555,1,f,,Single listing
105665540,1,t,,Single listing
105677552,1,t,,Single listing
105680371,1,f,,Single listing
105680507,1,f,,Single listing
105703182,1,f,,Single listing
105708757,1,f,,Single listing
105717675,1,t,,Single listing
105719269,1,f,,Single listing
105738000,2,f,,2-4 listings
105766360,1,f,,Single listing
105778193,1,t,,Single listing
105793202,2,t,,2-4 listings
105796571,1,f,,Single listing
105810341,2,f,,2-4 listings
105824370,1,f,,Single listing
105889541,1,f,,Single listing
105988029,1,f,,Single listing
105996964,3,f,,2-4 listings
106004061,1,f,,Single listing
106018508,2,f,,2-4 listings
106057709,1,f,,Single listing
106101376,3,t,,2-4 listings
106123756,1,f,,Single listing
106135009,2,t,,2-4 listings
106148748,1,f,,Single listing
106155831,1,f,,Single listing
106246657,1,f,,Single listing
106271010,1,f,,Single listing
106339468,1,f,,Single listing
106349224,1,t,,Single listing
106358866,1,f,,Single listing
106377007,1,f,,Single listing
106398074,1,f,,Single listing
106423455,1,f,,Single listing
106458713,1,t,,Single listing
106474149,3,t,,2-4 listings
106483270,1,t,,Single listing
106519183,1,t,,Single listing
106584024,1,f,,Single listing
106584308,8,t,,5-19 listings
106588150,3,f,,2-4 listings
106616156,1,t,,Single listing
106630952,2,t,,2-4 listings
106671211,1,f,,Single listing
106682925,3,f,,2-4 listings
106701901,1,f,,Single listing
106705114,1,f,,Single listing
106710744,1,t,,Single listing
106771172,1,f,,Single listing
106788339,4,t,,2-4 listings
106862132,1,f,,Single listing
106864637,1,f,,Single listing
106894504,1,f,,Single listing
106905178,1,f,,Single listing
106913900,1,t,,Single listing
106958037,2,f,,2-4 listings
106978142,1,f,,Single listing
107001240,1,f,,Single listing
107003840,1,f,,Single listing
107019513,1,t,,Single listing
107046549,1,f,,Single listing
107114038,1,t,,Single listing
107130527,1,f,,Single listing
107155568,1,f,,Single listing
107165233,1,f,,Single listing
107213126,1,f,,Single listing
107237466,1,t,,Single listing
107273065,1,f,,Single listing
107293729,1,f,,Single listing
107331624,1,t,,Single listing
107377483,9,t,,5-19 listings
107435172,1,t,,Single listing
107457066,1,t,,Single listing
107575425,15,f,,5-19 listings
107614805,2,f,,2-4 listings
107614824,3,f,,2-4 listings
107653617,1,f,,Single listing
107676069,2,t,,2-4 listings
107681397,27,t,,20+ listings
107722334,1,f,,Single listing
107724083,1,f,,Single listing
107750668,2,f,,2-4 listings
107761095,1,f,,Single listing
107852638,3,f,,2-4 listings
107870708,1,f,,Single listing
107892288,1,t,,Single listing
107908362,1,f,,Single listing
107918203,1,f,,Single listing
107920663,1,f,,Single listing
107921942,1,f,,Single listing
107939670,1,f,,Single listing
107958750,1,f,,Single listing
107961212,1,f,,Single listing
107980805,1,f,,Single listing
108017990,2,t,,2-4 listings
108022382,1,f,,Single listing
108110077,1,t,,Single listing
108207611,1,f,,Single listing
108225666,1,f,,Single listing
108273757,1,t,,Single listing
108276411,1,f,,Single listing
108313819,1,f,,Single listing
108320541,2,f,,2-4 listings
108325268,2,t,,2-4 listings
108352353,1,f,,Single listing
108397462,1,t,,Single listing
108408367,3,f,,2-4 listings
108447973,1,f,,Single listing
108451076,2,f,,2-4 listings
108455242,1,f,,Single listing
108523695,1,f,,Single listing
108536923,4,t,,2-4 listings
108583627,2,f,,2-4 listings
108600486,1,f,,Single listing
108654394,1,f,,Single listing
108655296,1,f,,Single listing
108676350,1,f,,Single listing
108687755,1,f,,Single listing
108723090,1,t,,Single listing
108793425,1,f,,Single listing
108798799,1,t,,Single listing
108825029,1,t,,Single listing
108834570,1,f,,Single listing
108873211,1,f,,Single listing
108944782,1,t,,Single listing
108952931,1,t,,Single listing
108968441,1,f,,Single listing
109000542,2,f,,2-4 listings
109018013,2,t,,2-4 listings
109041519,1,t,,Single listing
109071862,4,f,,2-4 listings
109072808,1,f,,Single listing
109074410,1,t,,Single listing
109103113,15,t,,5-19 listings
109188927,1,f,,Single listing
109198773,1,f,,Single listing
109226283,1,f,,Single listing
109284574,13,f,,5-19 listings
109302765,1,f,,Single listing
109313936,3,f,,2-4 listings
109414439,1,t,,Single listing
109423767,1,f,,Single listing
109426201,1,f,,Single listing
109437802,1,f,,Single listing
109484047,6,t,,5-19 listings
109510977,1,f,,Single listing
109614728,1,t,,Single listing
109640222,1,t,,Single listing
109640786,1,f,,Single listing
109766104,1,f,,Single listing
109801535,1,f,,Single listing
109816711,1,f,,Single listing
109843063,1,f,,Single listing
109874365,1,f,,Single listing
109924435,9,t,,5-19 listings
109933164,1,f,,Single listing
109934718,1,t,,Single listing
109945557,3,t,,2-4 listings
109953897,1,t,,Single listing
109968177,2,f,,2-4 listings
109976440,1,t,,Single listing
110028668,1,f,,Single listing
110094950,3,t,,2-4 listings
110097352,1,f,,Single listing
110121914,1,t,,Single listing
110125984,1,f,,Single listing
110133853,2,f,,2-4 listings
110144023,2,t,,2-4 listings
110186779,2,f,,2-4 listings
110238101,1,t,,Single listing
110260704,1,f,,Single listing
110265695,1,f,,Single listing
110267088,1,f,,Single listing
110286416,1,f,,Single listing
110314553,1,t,,Single listing
110396910,2,f,,2-4 listings
110417899,1,f,,Single listing
110423143,1,f,,Single listing
110434181,1,t,,Single listing
110439038,1,f,,Single listing
110487773,1,f,,Single listing
110489871,1,f,,Single listing
110552332,1,f,,Single listing
110584864,1,f,,Single listing
110585930,1,f,,Single listing
110592028,1,f,,Single listing
110608511,1,t,,Single listing
110633011,1,f,,Single listing
110768085,1,f,,Single listing
110777641,1,f,,Single listing
110781027,1,t,,Single listing
110787930,1,f,,Single listing
110793499,1,f,,Single listing
110800842,1,t,,Single listing
110821803,2,t,,2-4 listings
110917662,1,f,,Single listing
110958280,1,f,,Single listing
110978135,1,t,,Single listing
111088796,1,f,,Single listing
111089511,1,f,,Single listing
111125212,1,f,,Single listing
111150494,2,t,,2-4 listings
111162402,1,f,,Single listing
111242276,1,f,,Single listing
111263247,1,t,,Single listing
111276478,1,f,,Single listing
111280254,1,f,,Single listing
111284214,1,f,,Single listing
111286407,1,f,,Single listing
111370522,1,f,,Single listing
111395540,1,f,,Single listing
111527535,2,f,,2-4 listings
111549002,2,f,,2-4 listings
111579490,1,f,,Single listing
111638539,7,t,,5-19 listings
111671859,1,f,,Single listing
111682088,1,t,,Single listing
111691573,1,f,,Single listing
111693200,1,t,,Single listing
111707151,1,f,,Single listing
111709609,1,f,,Single listing
111714681,1,f,,Single listing
111743765,1,f,,Single listing
111766755,2,f,,2-4 listings
111807591,1,f,,Single listing
111861965,1,t,,Single listing
111875709,6,t,,5-19 listings
111875858,1,f,,Single listing
111916258,7,t,,5-19 listings
111934314,1,f,,Single listing
112042083,1,t,,Single listing
112058373,1,f,,Single listing
112087401,1,f,,Single listing
112098405,1,f,,Single listing
112112021,2,t,,2-4 listings
112191297,20,f,,20+ listings
112265077,1,f,,Single listing
112281010,3,t,,2-4 listings
112360433,1,t,,Single listing
112375270,1,f,,Single listing
112451100,1,f,,Single listing
112508958,1,t,,Single listing
112562038,1,t,,Single listing
112695401,1,t,,Single listing
112701623,2,t,,2-4 listings
112746054,1,f,,Single listing
112786312,2,f,,2-4 listings
112805732,2,f,,2-4 listings
112811007,1,f,,Single listing
112811124,1,f,,Single listing
112828875,2,t,,2-4 listings
112839046,1,t,,Single listing
112844540,2,t,,2-4 listings
112847365,1,f,,Single listing
112913419,1,t,,Single listing
112922535,11,t,,5-19 listings
112991732,1,f,,Single listing
113000931,2,f,,2-4 listings
113027510,1,t,,Single listing
113057644,1,t,,Single listing
113064110,1,f,,Single listing
113066484,1,t,,Single listing
113135844,6,t,,5-19 listings
113174750,1,f,,Single listing
113266769,1,f,,Single listing
113329029,1,f,,Single listing
113333747,1,f,,Single listing
113356263,1,f,,Single listing
113409803,1,t,,Single listing
113413308,1,f,,Single listing
113436573,2,t,,2-4 listings
113444878,3,f,,2-4 listings
113483265,3,f,,2-4 listings
113526958,1,f,,Single listing
113530139,3,t,,2-4 listings
113530674,1,f,,Single listing
113632584,1,f,,Single listing
113739443,1,f,,Single listing
113771069,1,f,,Single listing
113777427,2,t,,2-4 listings
113777586,1,f,,Single listing
113806772,1,f,,Single listing
113818689,1,t,,Single listing
113833128,1,t,,Single listing
113835104,3,f,,2-4 listings
113853384,1,f,,Single listing
113942242,1,t,,Single listing
113955099,1,f,,Single listing
113961413,1,f,,Single listing
113962558,23,f,,20+ listings
113973903,1,f,,Single listing
114019351,1,f,,Single listing
114040163,1,f,,Single listing
114136174,1,f,,Single listing
114197756,3,t,,2-4 listings
114277309,1,t,,Single listing
114302423,1,f,,Single listing
114396410,1,t,,Single listing
114512078,1,f,,Single listing
114520633,1,f,,Single listing
114592163,1,t,,Single listing
114602816,1,f,,Single listing
114610056,2,t,,2-4 listings
114671282,1,f,,Single listing
114771263,1,t,,Single listing
114772802,1,f,,Single listing
114776832,1,f,,Single listing
114791759,1,f,,Single listing
114941984,1,f,,Single listing
114978930,1,f,,Single listing
115002458,1,f,,Single listing
115010205,1,f,,Single listing
115112618,1,f,,Single listing
115151850,1,f,,Single listing
115164803,3,t,,2-4 listings
115172852,1,f,,Single listing
115278784,2,t,,2-4 listings
115282538,1,t,,Single listing
115284817,1,f,,Single listing
115291130,1,f,,Single listing
115303784,1,t,,Single listing
115307911,1,t,,Single listing
115308800,1,f,,Single listing
115432885,1,t,,Single listing
115446510,1,f,,Single listing
115448783,1,f,,Single listing
115450614,1,t,,Single listing
115506585,1,f,,Single listing
115520064,1,f,,Single listing
115521118,1,t,,Single listing
115602210,1,f,,Single listing
115604142,1,f,,Single listing
115608172,1,f,,Single listing
115643576,5,t,,5-19 listings
115646520,2,f,,2-4 listings
115647120,1,f,,Single listing
115663505,1,t,,Single listing
115696634,2,f,,2-4 listings
115771642,1,f,,Single listing
115808287,1,f,,Single listing
115812453,1,f,,Single listing
115824643,1,f,,Single listing
115841820,1,f,,Single listing
115912816,1,t,,Single listing
115942047,1,f,,Single listing
115943340,3,t,,2-4 listings
115976397,1,f,,Single listing
115994244,1,f,,Single listing
116007753,1,t,,Single listing
116018589,6,t,,5-19 listings
116021380,5,f,,5-19 listings
116068787,1,t,,Single listing
116095139,1,f,,Single listing
116108849,1,t,,Single listing
116182151,1,f,,Single listing
116279323,1,f,,Single listing
116352792,3,t,,2-4 listings
116400101,3,f,,2-4 listings
116410052,1,f,,Single listing
116410958,1,f,,Single listing
116480584,3,t,,2-4 listings
116484308,1,t,,Single listing
116552358,1,f,,Single listing
116553176,4,t,,2-4 listings
116561036,6,f,,5-19 listings
116565912,1,f,,Single listing
116638311,1,f,,Single listing
116667747,1,f,,Single listing
116972560,2,t,,2-4 listings
117006803,1,f,,Single listing
117058401,1,f,,Single listing
117074679,1,t,,Single listing
117101177,1,t,,Single listing
117129672,1,t,,Single listing
117237530,3,f,,2-4 listings
117273548,1,f,,Single listing
117276366,1,f,,Single listing
117295480,1,t,,Single listing
117474231,1,f,,Single listing
117474954,1,f,,Single listing
117479234,2,f,,2-4 listings
117558070,1,t,,Single listing
117575774,2,f,,2-4 listings
117578853,1,f,,Single listing
117613028,1,t,,Single listing
117660032,1,f,,Single listing
117672018,2,f,,2-4 listings
117722531,1,t,,Single listing
117723647,2,t,,2-4 listings
117777954,1,f,,Single listing
117872325,1,f,,Single listing
117879465,1,f,,Single listing
117913329,1,t,,Single listing
117915073,1,f,,Single listing
117953186,1,f,,Single listing
118046056,1,f,,Single listing
118088698,1,t,,Single listing
118090407,1,f,,Single listing
118146561,1,f,,Single listing
118149148,1,f,,Single listing
118156267,1,f,,Single listing
118176729,2,f,,2-4 listings
118218491,1,f,,Single listing
118312293,1,f,,Single listing
118331678,1,t,,Single listing
118383505,1,f,,Single listing
118432131,1,f,,Single listing
118478591,2,f,,2-4 listings
118478971,1,f,,Single listing
118504198,1,f,,Single listing
118609224,2,f,,2-4 listings
118628792,1,f,,Single listing
118651282,1,f,,Single listing
118660803,2,t,,2-4 listings
118666947,1,t,,Single listing
118679930,1,f,,Single listing
118711047,1,f,,Single listing
118735743,1,t,,Single listing
118778651,1,f,,Single listing
118941423,1,f,,Single listing
118968550,1,f,,Single listing
118995155,10,f,,5-19 listings
119031819,2,f,,2-4 listings
119121005,1,f,,Single listing
119126421,13,f,,5-19 listings
119141117,2,f,,2-4 listings
119148302,2,t,,2-4 listings
119205958,3,f,,2-4 listings
119207536,1,f,,Single listing
119219761,3,f,,2-4 listings
119229522,1,t,,Single listing
119259030,1,f,,Single listing
119321459,1,f,,Single listing
119340228,3,t,,2-4 listings
119388540,1,t,,Single listing
119400713,2,f,,2-4 listings
119424242,5,t,,5-19 listings
119441761,3,t,,2-4 listings
119466440,1,f,,Single listing
119594561,1,f,,Single listing
119597455,1,t,,Single listing
119597935,1,t,,Single listing
119600111,1,f,,Single listing
119645199,2,t,,2-4 listings
119653203,1,f,,Single listing
119722833,1,t,,Single listing
119724202,6,f,,5-19 listings
119763594,5,f,,5-19 listings
119770441,1,f,,Single listing
119793034,1,f,,Single listing
119860177,1,t,,Single listing
119880833,1,f,,Single listing
119887693,1,t,,Single listing
119890359,1,f,,Single listing
119925864,1,f,,Single listing
119937586,1,f,,Single listing
119959979,3,t,,2-4 listings
120031211,2,t,,2-4 listings
120048749,1,f,,Single listing
120049251,1,t,,Single listing
120060377,2,t,,2-4 listings
120181610,1,t,,Single listing
120184520,1,f,,Single listing
120186988,1,t,,Single listing
120204518,1,t,,Single listing
120208951,1,f,,Single listing
120327694,1,f,,Single listing
120332307,1,f,,Single listing
120345535,2,f,,2-4 listings
120477201,1,t,,Single listing
120485340,6,t,,5-19 listings
120486276,1,f,,Single listing
120493349,1,f,,Single listing
120529940,5,t,,5-19 listings
120584491,1,f,,Single listing
120670048,1,t,,Single listing
120700802,1,f,,Single listing
120706662,1,f,,Single listing
120715120,1,f,,Single listing
120835222,1,f,,Single listing
120867206,1,t,,Single listing
120869223,1,t,,Single listing
121003514,1,f,,Single listing
121022007,1,f,,Single listing
121109694,1,t,,Single listing
121129259,1,f,,Single listing
121165325,1,f,,Single listing
121195442,1,f,,Single listing
121346826,2,f,,2-4 listings
121414306,1,f,,Single listing
121431160,1,f,,Single listing
121442603,1,f,,Single listing
121449077,2,t,,2-4 listings
121493644,1,f,,Single listing
121513931,1,t,,Single listing
121528558,1,f,,Single listing
121606384,1,f,,Single listing
121637619,1,f,,Single listing
121642180,1,t,,Single listing
121683810,1,f,,Single listing
121708494,3,t,,2-4 listings
121808749,1,f,,Single listing
121822353,1,t,,Single listing
121849729,1,f,,Single listing
121883602,5,f,,5-19 listings
121959961,5,t,,5-19 listings
121972355,1,f,,Single listing
121982243,1,t,,Single listing
121999558,1,f,,Single listing
122000157,1,t,,Single listing
122008320,1,f,,Single listing
122032196,1,t,,Single listing
122053222,1,f,,Single listing
122081915,1,f,,Single listing
122143472,1,t,,Single listing
122151156,1,f,,Single listing
122153522,1,t,,Single listing
122209952,1,f,,Single listing
122210798,1,f,,Single listing
122216779,2,f,,2-4 listings
122241438,2,f,,2-4 listings
122389301,1,t,,Single listing
122395964,1,f,,Single listing
122398932,2,f,,2-4 listings
122458658,1,t,,Single listing
122461235,5,t,,5-19 listings
122479619,1,f,,Single listing
122499920,2,f,,2-4 listings
122624255,1,f,,Single listing
122629817,1,f,,Single listing
122671296,1,f,,Single listing
122705417,2,t,,2-4 listings
122768170,1,f,,Single listing
122790011,10,f,,5-19 listings
122805464,1,f,,Single listing
122826184,1,f,,Single listing
122828629,1,t,,Single listing
122882084,1,f,,Single listing
122960942,1,f,,Single listing
122965718,1,f,,Single listing
123002666,9,f,,5-19 listings
123064315,1,t,,Single listing
123156750,2,t,,2-4 listings
123161316,1,t,,Single listing
123194123,7,f,,5-19 listings
123210773,4,t,,2-4 listings
123238595,1,f,,Single listing
123373814,1,f,,Single listing
123405481,1,t,,Single listing
123548919,1,f,,Single listing
123563179,1,f,,Single listing
123584615,1,f,,Single listing
123598311,4,f,,2-4 listings
123610572,1,t,,Single listing
123624324,2,f,,2-4 listings
123718154,2,t,,2-4 listings
123723694,2,t,,2-4 listings
123732851,1,f,,Single listing
123754370,1,f,,Single listing
123853586,1,t,,Single listing
123863217,1,f,,Single listing
123870861,1,f,,Single listing
123893321,2,f,,2-4 listings
123922063,1,f,,Single listing
124005640,2,t,,2-4 listings
124007067,1,f,,Single listing
124041659,1,f,,Single listing
124048320,1,f,,Single listing
124065918,1,t,,Single listing
124096327,3,t,,2-4 listings
124100960,1,f,,Single listing
124107106,9,t,,5-19 listings
124144652,1,f,,Single listing
124211511,2,f,,2-4 listings
124245882,1,t,,Single listing
124271560,1,f,,Single listing
124349001,1,f,,Single listing
124350787,2,f,,2-4 listings
124366961,1,f,,Single listing
124400378,1,f,,Single listing
124421055,1,f,,Single listing
124515404,1,f,,Single listing
124572692,1,f,,Single listing
124709630,1,f,,Single listing
124711892,1,f,,Single listing
124810186,2,t,,2-4 listings
124861006,1,f,,Single listing
124898533,1,t,,Single listing
124919945,2,f,,2-4 listings
124951130,1,t,,Single listing
124952374,1,f,,Single listing
125004985,1,t,,Single listing
125047664,1,f,,Single listing
125053609,5,f,,5-19 listings
125094438,1,t,,Single listing
125101249,1,f,,Single listing
125120333,1,f,,Single listing
125155051,1,f,,Single listing
125157859,2,f,,2-4 listings
125161702,1,t,,Single listing
125303570,1,f,,Single listing
125417212,1,f,,Single listing
125443606,1,f,,Single listing
125473214,1,f,,Single listing
125478240,1,f,,Single listing
125503589,1,f,,Single listing
125516674,1,t,,Single listing
125521628,1,t,,Single listing
125537039,1,f,,Single listing
125552176,1,f,,Single listing
125566622,1,t,,Single listing
125573291,3,f,,2-4 listings
125584155,1,t,,Single listing
125645866,1,t,,Single listing
125663772,1,f,,Single listing
125665718,1,f,,Single listing
125697138,6,f,,5-19 listings
125721324,1,f,,Single listing
125735080,3,t,,2-4 listings
125777310,1,f,,Single listing
125885794,1,f,,Single listing
126012319,2,t,,2-4 listings
126049259,1,f,,Single listing
126058380,3,t,,2-4 listings
126118757,1,f,,Single listing
126121770,1,t,,Single listing
126200256,1,f,,Single listing
126220890,1,f,,Single listing
126262163,9,f,,5-19 listings
126282047,1,f,,Single listing
126291536,5,t,,5-19 listings
126300119,1,t,,Single listing
126394390,1,f,,Single listing
126404121,1,f,,Single listing
126428938,1,f,,Single listing
126442305,1,f,,Single listing
126457098,2,f,,2-4 listings
126480997,1,f,,Single listing
126543989,1,f,,Single listing
126562367,1,f,,Single listing
126626452,1,f,,Single listing
126633655,1,f,,Single listing
126690847,1,f,,Single listing
126735373,1,f,,Single listing
126767704,1,f,,Single listing
126787743,1,f,,Single listing
126847685,1,f,,Single listing
126847795,1,f,,Single listing
126934822,1,f,,Single listing
126991277,2,t,,2-4 listings
126998597,1,f,,Single listing
127028272,1,f,,Single listing
127058392,1,f,,Single listing
127077359,1,f,,Single listing
127127760,1,f,,Single listing
127163572,1,f,,Single listing
127163920,1,f,,Single listing
127172700,1,f,,Single listing
127212962,1,f,,Single listing
127226033,1,t,,Single listing
127304448,20,t,,20+ listings
127370507,1,f,,Single listing
127396887,1,f,,Single listing
127512049,4,t,,2-4 listings
127519067,1,t,,Single listing
127523646,2,f,,2-4 listings
127528797,3,f,,2-4 listings
127538052,1,t,,Single listing
127634901,1,t,,Single listing
127685560,1,f,,Single listing
127726254,2,t,,2-4 listings
127782342,4,f,,2-4 listings
127790424,1,t,,Single listing
127971397,1,f,,Single listing
127981919,1,f,,Single listing
127995185,3,f,,2-4 listings
128018136,1,f,,Single listing
128021568,1,f,,Single listing
128203114,2,t,,2-4 listings
128204186,1,f,,Single listing
128235353,1,f,,Single listing
128242585,1,f,,Single listing
128323575,1,f,,Single listing
128485518,1,f,,Single listing
128498943,6,f,,5-19 listings
128502274,1,t,,Single listing
128508412,1,f,,Single listing
128570746,1,f,,Single listing
128578029,1,f,,Single listing
128649849,1,f,,Single listing
128716976,1,f,,Single listing
128820940,1,f,,Single listing
128829263,3,t,,2-4 listings
128880100,1,f,,Single listing
128880751,1,t,,Single listing
128974665,1,f,,Single listing
128977560,1,t,,Single listing
128993624,1,f,,Single listing
129012432,1,t,,Single listing
129037843,1,f,,Single listing
129082553,1,f,,Single listing
129112930,1,f,,Single listing
129210399,1,f,,Single listing
129280157,1,f,,Single listing
129295674,1,f,,Single listing
129346549,1,f,,Single listing
129372476,3,t,,2-4 listings
129393145,1,f,,Single listing
129461006,1,f,,Single listing
129576837,1,f,,Single listing
129696944,3,f,,2-4 listings
129723973,6,f,,5-19 listings
129842094,1,f,,Single listing
129845511,1,f,,Single listing
129951575,1,f,,Single listing
129976976,1,f,,Single listing
130083868,3,f,,2-4 listings
130111478,1,f,,Single listing
130114044,3,f,,2-4 listings
130195793,1,t,,Single listing
130204028,1,f,,Single listing
130231654,1,f,,Single listing
130232013,2,f,,2-4 listings
130370344,1,f,,Single listing
130386906,1,t,,Single listing
130395868,2,f,,2-4 listings
130403842,1,t,,Single listing
130412782,1,f,,Single listing
130449671,1,f,,Single listing
130533246,1,f,,Single listing
130541669,1,f,,Single listing
130575706,1,f,,Single listing
130691759,1,f,,Single listing
130733817,1,f,,Single listing
130767931,1,f,,Single listing
130788785,1,f,,Single listing
130849879,2,f,,2-4 listings
130904680,1,f,,Single listing
130936842,1,f,,Single listing
131026260,1,f,,Single listing
131129443,1,f,,Single listing
131276316,1,f,,Single listing
131283187,1,f,,Single listing
131296412,1,f,,Single listing
131308163,1,f,,Single listing
131339701,1,f,,Single listing
131403598,1,f,,Single listing
131410412,2,t,,2-4 listings
131420128,2,t,,2-4 listings
131421577,1,f,,Single listing
131423743,1,t,,Single listing
131435589,1,t,,Single listing
131447598,1,t,,Single listing
131470349,2,f,,2-4 listings
131473941,1,t,,Single listing
131715908,1,f,,Single listing
131733501,1,t,,Single listing
131742049,1,t,,Single listing
131765214,1,f,,Single listing
131774257,1,f,,Single listing
131860158,1,f,,Single listing
131887275,1,f,,Single listing
131901932,3,t,,2-4 listings
131919949,1,f,,Single listing
132012117,1,f,,Single listing
132261300,4,t,,2-4 listings
132265629,1,t,,Single listing
132318487,2,t,,2-4 listings
132417012,2,f,,2-4 listings
132425309,1,t,,Single listing
132427546,15,t,,5-19 listings
132431173,1,f,,Single listing
132458317,1,t,,Single listing
132581534,1,t,,Single listing
132583499,1,f,,Single listing
132603532,1,f,,Single listing
132651457,3,t,,2-4 listings
132750553,1,f,,Single listing
132755819,3,f,,2-4 listings
132782531,1,f,,Single listing
132821433,1,f,,Single listing
132911344,1,f,,Single listing
132974760,1,f,,Single listing
133056573,1,f,,Single listing
133217259,1,f,,Single listing
133321173,1,f,,Single listing
133367851,1,f,,Single listing
133439039,2,f,,2-4 listings
133538812,1,t,,Single listing
133548968,1,t,,Single listing
133564585,1,t,,Single listing
133597595,2,f,,2-4 listings
133693653,1,f,,Single listing
133699467,1,f,,Single listing
133715605,1,t,,Single listing
133732513,1,f,,Single listing
133905949,1,f,,Single listing
133917584,1,f,,Single listing
133956680,2,f,,2-4 listings
134214918,3,t,,2-4 listings
134259008,1,t,,Single listing
134262092,2,t,,2-4 listings
134266916,2,t,,2-4 listings
134472994,2,t,,2-4 listings
134557701,2,f,,2-4 listings
134559799,1,f,,Single listing
134670232,1,f,,Single listing
134682742,1,f,,Single listing
134694532,1,f,,Single listing
134818530,2,f,,2-4 listings
134859329,1,t,,Single listing
134868355,1,t,,Single listing
135008669,1,f,,Single listing
135039785,1,t,,Single listing
135062722,1,f,,Single listing
135080793,5,f,,5-19 listings
135087219,4,t,,2-4 listings
135100876,1,f,,Single listing
135119317,6,f,,5-19 listings
135183716,14,t,,5-19 listings
135193474,1,f,,Single listing
135251074,1,f,,Single listing
135259886,11,t,,5-19 listings
135333601,1,t,,Single listing
135347967,4,t,,2-4 listings
135370456,1,f,,Single listing
135377156,1,t,,Single listing
135392551,1,f,,Single listing
135400801,3,f,,2-4 listings
135463492,1,t,,Single listing
135472767,1,f,,Single listing
135529973,1,t,,Single listing
135537321,1,f,,Single listing
135669801,1,f,,Single listing
135671659,1,f,,Single listing
135687477,1,f,,Single listing
135782502,1,t,,Single listing
135831659,1,f,,Single listing
135855220,1,f,,Single listing
136000097,1,f,,Single listing
136019767,2,f,,2-4 listings
136021438,2,f,,2-4 listings
136053938,1,f,,Single listing
136220643,1,f,,Single listing
136330133,1,f,,Single listing
136623942,1,t,,Single listing
136923199,1,t,,Single listing
137067272,1,f,,Single listing
137095555,1,f,,Single listing
137179624,1,f,,Single listing
137199249,1,t,,Single listing
137224220,1,f,,Single listing
137267060,1,t,,Single listing
137297403,1,t,,Single listing
137353758,1,f,,Single listing
137359617,1,f,,Single listing
137525327,1,t,,Single listing
137538683,1,f,,Single listing
137540001,3,t,,2-4 listings
137628911,1,t,,Single listing
137638119,1,f,,Single listing
137696930,1,t,,Single listing
137841575,1,f,,Single listing
138116085,1,t,,Single listing
138154596,5,t,,5-19 listings
138351765,1,f,,Single listing
138475557,2,f,,2-4 listings
138571164,1,f,,Single listing
138676687,1,t,,Single listing
138700323,1,t,,Single listing
138868985,1,f,,Single listing
138875241,3,f,,2-4 listings
138882072,1,t,,Single listing
138944394,1,f,,Single listing
138954647,2,f,,2-4 listings
139015442,1,t,,Single listing
139018937,1,f,,Single listing
139024036,1,f,,Single listing
139259081,1,f,,Single listing
139273657,2,t,,2-4 listings
139292687,8,t,,5-19 listings
139443998,1,t,,Single listing
139589017,1,t,,Single listing
139596742,1,f,,Single listing
139616459,1,t,,Single listing
139629297,1,f,,Single listing
139695537,1,f,,Single listing
139706945,1,t,,Single listing
139820260,1,f,,Single listing
139890571,1,f,,Single listing
139946143,1,f,,Single listing
140007860,1,f,,Single listing
140022613,1,f,,Single listing
140031321,1,f,,Single listing
140069243,1,f,,Single listing
140079056,1,f,,Single listing
140404599,2,f,,2-4 listings
140529345,1,t,,Single listing
140693451,1,f,,Single listing
140921842,1,f,,Single listing
140978232,1,f,,Single listing
141086422,1,f,,Single listing
141103435,1,f,,Single listing
141165484,1,f,,Single listing
141186105,1,f,,Single listing
141201206,1,t,,Single listing
141284613,10,f,,5-19 listings
141287168,1,f,,Single listing
141300748,1,f,,Single listing
141475170,1,f,,Single listing
141482096,1,f,,Single listing
141504592,1,f,,Single listing
141565262,1,f,,Single listing
141577842,2,f,,2-4 listings
141642570,1,f,,Single listing
141668866,1,f,,Single listing
141717217,2,f,,2-4 listings
141776357,1,f,,Single listing
141865585,1,f,,Single listing
141976431,1,f,,Single listing
141995252,2,f,,2-4 listings
142186584,1,f,,Single listing
142235857,1,f,,Single listing
142236241,1,t,,Single listing
142353795,1,t,,Single listing
142372961,1,f,,Single listing
142377495,1,f,,Single listing
142395911,1,f,,Single listing
142553654,1,f,,Single listing
142565006,1,f,,Single listing
142588736,1,f,,Single listing
142638394,1,t,,Single listing
142782686,1,f,,Single listing
142843243,4,t,,2-4 listings
142930850,1,f,,Single listing
142949459,1,f,,Single listing
143128916,1,f,,Single listing
143168509,1,f,,Single listing
143265051,1,f,,Single listing
143313962,1,f,,Single listing
143327569,1,f,,Single listing
143331872,1,f,,Single listing
143396595,1,f,,Single listing
143453029,1,f,,Single listing
143489933,2,f,,2-4 listings
143624025,5,f,,5-19 listings
143708055,2,f,,2-4 listings
143837963,1,f,,Single listing
143847237,2,f,,2-4 listings
143849126,1,f,,Single listing
143858691,1,t,,Single listing
143896171,1,t,,Single listing
144038606,1,f,,Single listing
144044864,1,f,,Single listing
144223971,1,t,,Single listing
144255911,1,f,,Single listing
144393891,1,f,,Single listing
144414243,1,f,,Single listing
144532258,1,f,,Single listing
144749542,1,f,,Single listing
144752414,1,f,,Single listing
144791365,1,t,,Single listing
145097617,1,f,,Single listing
145105981,1,t,,Single listing
145119732,1,t,,Single listing
145188930,2,f,,2-4 listings
145233690,1,t,,Single listing
145287826,1,t,,Single listing
145293690,1,f,,Single listing
145364460,2,f,,2-4 listings
145369412,1,t,,Single listing
145453274,1,f,,Single listing
145510047,1,f,,Single listing
145605235,1,f,,Single listing
145636685,1,f,,Single listing
145682156,1,f,,Single listing
145793632,1,f,,Single listing
145798637,1,f,,Single listing
145835319,1,f,,Single listing
145850654,5,t,,5-19 listings
145908956,1,f,,Single listing
145920492,3,t,,2-4 listings
145926736,1,f,,Single listing
146006573,1,f,,Single listing
146021828,1,t,,Single listing
146082766,1,f,,Single listing
146096783,1,f,,Single listing
146166892,1,f,,Single listing
146265264,1,t,,Single listing
146275392,1,f,,Single listing
146290161,1,f,,Single listing
146301719,1,f,,Single listing
146463552,1,f,,Single listing
146480259,1,f,,Single listing
146514076,1,f,,Single listing
146612832,1,f,,Single listing
146736177,2,f,,2-4 listings
146766990,1,f,,Single listing
146796246,1,t,,Single listing
146920963,1,f,,Single listing
147028056,2,f,,2-4 listings
147070987,1,t,,Single listing
147155812,7,t,,5-19 listings
147166948,1,t,,Single listing
147173769,6,f,,5-19 listings
147192718,1,t,,Single listing
147310474,1,f,,Single listing
147347258,1,f,,Single listing
147378365,1,f,,Single listing
147466889,2,f,,2-4 listings
147505911,4,t,,2-4 listings
147754621,1,t,,Single listing
147881955,7,f,,5-19 listings
148022639,1,t,,Single listing
148075949,1,t,,Single listing
148080745,2,f,,2-4 listings
148164884,1,f,,Single listing
148166130,1,f,,Single listing
148184569,1,f,,Single listing
148187369,3,f,,2-4 listings
148255332,1,f,,Single listing
148384515,5,f,,5-19 listings
148417932,1,f,,Single listing
148487860,1,f,,Single listing
148539528,1,t,,Single listing
148637295,1,f,,Single listing
148641256,1,t,,Single listing
148808140,1,f,,Single listing
148876782,1,f,,Single listing
148963852,1,f,,Single listing
149030215,2,t,,2-4 listings
149046209,1,f,,Single listing
149191536,3,f,,2-4 listings
149224458,1,t,,Single listing
149243472,1,f,,Single listing
149282500,3,f,,2-4 listings
149286878,1,t,,Single listing
149358085,6,t,,5-19 listings
149367096,1,f,,Single listing
149404859,1,f,,Single listing
149412762,1,f,,Single listing
149510927,1,f,,Single listing
149518462,1,f,,Single listing
149522419,1,f,,Single listing
149539491,1,f,,Single listing
149653343,1,t,,Single listing
149668270,1,f,,Single listing
149726178,2,f,,2-4 listings
149818971,1,f,,Single listing
149837593,1,f,,Single listing
149914852,1,f,,Single listing
149947981,3,t,,2-4 listings
149948126,1,f,,Single listing
149984203,1,t,,Single listing
150002609,1,f,,Single listing
150125608,1,f,,Single listing
150236881,1,f,,Single listing
150239603,1,f,,Single listing
150239981,1,f,,Single listing
150275917,1,f,,Single listing
150314569,1,t,,Single listing
150392161,2,f,,2-4 listings
150405626,1,f,,Single listing
150409406,1,t,,Single listing
150439511,3,t,,2-4 listings
150489576,5,t,,5-19 listings
150536086,2,f,,2-4 listings
150581912,1,f,,Single listing
150666368,3,f,,2-4 listings
150820355,1,f,,Single listing
150969310,1,t,,Single listing
150970341,1,f,,Single listing
150978552,1,f,,Single listing
151040312,1,f,,Single listing
151096927,2,f,,2-4 listings
151105063,10,t,,5-19 listings
151107494,1,f,,Single listing
151209095,6,f,,5-19 listings
151223114,2,t,,2-4 listings
151257498,3,t,,2-4 listings
151379345,1,f,,Single listing
151413330,1,f,,Single listing
151417798,1,f,,Single listing
151478148,1,f,,Single listing
151481152,1,f,,Single listing
151488441,2,f,,2-4 listings
151560701,2,f,,2-4 listings
151621894,1,f,,Single listing
151844076,1,f,,Single listing
151850948,1,f,,Single listing
151855213,1,f,,Single listing
151874830,1,f,,Single listing
151884591,1,f,,Single listing
151927784,1,f,,Single listing
152040986,1,f,,Single listing
152046108,7,f,,5-19 listings
152192019,1,f,,Single listing
152201548,1,f,,Single listing
152204584,1,f,,Single listing
152299635,1,f,,Single listing
152312379,1,f,,Single listing
152341421,1,t,,Single listing
152341955,1,t,,Single listing
152359341,1,t,,Single listing
152428552,1,f,,Single listing
152433813,1,f,,Single listing
152569614,3,t,,2-4 listings
152584185,1,f,,Single listing
152608673,1,f,,Single listing
152617284,2,t,,2-4 listings
152685927,1,f,,Single listing
152687743,1,f,,Single listing
152702448,1,f,,Single listing
152727894,2,f,,2-4 listings
152777692,1,f,,Single listing
152795554,2,t,,2-4 listings
152802604,1,f,,Single listing
152818093,1,f,,Single listing
152825475,1,f,,Single listing
152923185,1,f,,Single listing
152928603,1,t,,Single listing
152943988,1,t,,Single listing
152995435,1,f,,Single listing
153053405,1,f,,Single listing
153072047,1,f,,Single listing
153074709,1,f,,Single listing
153079928,2,f,,2-4 listings
153086055,3,t,,2-4 listings
153147449,1,f,,Single listing
153283820,1,f,,Single listing
153294933,1,f,,Single listing
153338580,5,f,,5-19 listings
153350768,1,f,,Single listing
153369926,2,f,,2-4 listings
153410423,1,f,,Single listing
153472499,2,t,,2-4 listings
153523987,6,f,,5-19 listings
153613332,2,t,,2-4 listings
153716898,1,f,,Single listing
153718606,1,f,,Single listing
153723989,3,t,,2-4 listings
153737933,1,t,,Single listing
153766781,1,f,,Single listing
153771506,1,f,,Single listing
153778095,1,f,,Single listing
153842253,2,f,,2-4 listings
153874942,1,f,,Single listing
153875346,1,f,,Single listing
153898145,1,t,,Single listing
153915141,1,f,,Single listing
154035341,2,t,,2-4 listings
154131623,1,f,,Single listing
154152698,1,t,,Single listing
154169226,1,f,,Single listing
154184955,2,f,,2-4 listings
154185289,1,f,,Single listing
154274794,1,f,,Single listing
154279041,17,f,,5-19 listings
154353628,1,f,,Single listing
154405105,1,f,,Single listing
154405234,4,t,,2-4 listings
154444125,1,f,,Single listing
154533118,1,t,,Single listing
154553934,1,f,,Single listing
154554775,3,f,,2-4 listings
154698914,1,t,,Single listing
154705440,1,f,,Single listing
154771675,1,f,,Single listing
154783095,6,t,,5-19 listings
154817034,1,f,,Single listing
154914429,1,f,,Single listing
154923643,1,f,,Single listing
155090075,1,f,,Single listing
155123314,3,f,,2-4 listings
155131283,1,t,,Single listing
155181027,1,t,,Single listing
155191809,1,f,,Single listing
155209383,2,f,,2-4 listings
155225702,14,f,,5-19 listings
155235018,1,f,,Single listing
155286980,2,f,,2-4 listings
155355987,1,f,,Single listing
155362410,1,f,,Single listing
155370477,1,f,,Single listing
155404806,1,f,,Single listing
155416672,5,f,,5-19 listings
155506033,1,t,,Single listing
155559583,1,f,,Single listing
155589564,1,f,,Single listing
155718603,1,f,,Single listing
155728884,6,t,,5-19 listings
155729211,3,t,,2-4 listings
155761208,2,f,,2-4 listings
155794491,1,f,,Single listing
155863048,2,f,,2-4 listings
155876963,1,t,,Single listing
156014029,1,t,,Single listing
156023739,2,f,,2-4 listings
156026619,1,f,,Single listing
156032205,1,f,,Single listing
156039195,1,f,,Single listing
156051841,3,f,,2-4 listings
156084662,1,f,,Single listing
156152317,1,t,,Single listing
156164328,1,f,,Single listing
156164872,1,f,,Single listing
156165391,1,t,,Single listing
156165751,1,f,,Single listing
156272414,1,t,,Single listing
156295646,2,f,,2-4 listings
156313967,1,f,,Single listing
156320650,1,t,,Single listing
156327233,1,f,,Single listing
156363189,1,f,,Single listing
156386273,1,f,,Single listing
156416431,1,f,,Single listing
156519525,1,t,,Single listing
156529898,1,f,,Single listing
156564376,1,t,,Single listing
156730201,1,f,,Single listing
156737693,1,f,,Single listing
156751646,1,f,,Single listing
156760715,1,f,,Single listing
156763023,1,f,,Single listing
156777271,1,f,,Single listing
156798479,1,t,,Single listing
156809178,1,f,,Single listing
156861605,1,f,,Single listing
156865008,1,f,,Single listing
156875297,1,t,,Single listing
156877564,1,f,,Single listing
156885680,1,f,,Single listing
156887566,1,t,,Single listing
156895247,4,f,,2-4 listings
157021192,2,f,,2-4 listings
157116540,1,f,,Single listing
157120105,1,f,,Single listing
157152374,1,f,,Single listing
157270120,1,f,,Single listing
157299387,2,f,,2-4 listings
157317432,1,f,,Single listing
157448733,2,f,,2-4 listings
157451758,1,t,,Single listing
157464434,1,t,,Single listing
157473698,1,t,,Single listing
157519086,2,f,,2-4 listings
157590732,4,t,,2-4 listings
157594120,1,f,,Single listing
157608150,1,f,,Single listing
157731925,1,f,,Single listing
157797209,1,t,,Single listing
157812751,1,f,,Single listing
157816764,2,f,,2-4 listings
157877596,1,f,,Single listing
157879513,1,f,,Single listing
157900434,1,f,,Single listing
157929198,1,f,,Single listing
158005003,1,t,,Single listing
158009955,1,f,,Single listing
158012560,1,t,,Single listing
158147469,1,t,,Single listing
158265274,1,t,,Single listing
158333222,1,f,,Single listing
158363404,1,f,,Single listing
158429966,1,f,,Single listing
158430595,1,f,,Single listing
158441436,1,f,,Single listing
158500230,1,f,,Single listing
158521397,16,t,,5-19 listings
158523929,1,f,,Single listing
158537999,1,f,,Single listing
158574917,1,t,,Single listing
158598183,1,f,,Single listing
158672816,1,t,,Single listing
158710101,6,f,,5-19 listings
158757768,1,f,,Single listing
158818711,4,f,,2-4 listings
158840548,1,t,,Single listing
158860540,3,f,,2-4 listings
158923242,1,f,,Single listing
158925241,4,f,,2-4 listings
159048382,2,f,,2-4 listings
159059804,1,f,,Single listing
159077346,1,f,,Single listing
159111803,1,f,,Single listing
159164018,1,t,,Single listing
159215185,1,f,,Single listing
159284347,1,f,,Single listing
159306624,1,f,,Single listing
159318351,1,t,,Single listing
159480304,1,f,,Single listing
159536666,1,f,,Single listing
159543644,1,f,,Single listing
159568759,1,f,,Single listing
159613008,1,f,,Single listing
159614098,3,t,,2-4 listings
159709771,2,f,,2-4 listings
159742332,1,f,,Single listing
159742952,1,f,,Single listing
159822242,1,f,,Single listing
159914596,1,t,,Single listing
159938648,1,f,,Single listing
159977814,1,t,,Single listing
160024976,1,f,,Single listing
160056632,4,f,,2-4 listings
160116266,1,f,,Single listing
160280911,1,t,,Single listing
160312584,1,t,,Single listing
160410418,1,f,,Single listing
160411502,1,t,,Single listing
160421635,2,t,,2-4 listings
160430270,2,f,,2-4 listings
160477299,3,f,,2-4 listings
160545400,1,f,,Single listing
160546208,1,f,,Single listing
160553170,4,t,,2-4 listings
160616770,1,f,,Single listing
160617168,1,t,,Single listing
160655979,1,t,,Single listing
160673033,2,t,,2-4 listings
160700148,2,f,,2-4 listings
160711215,1,f,,Single listing
160812226,1,f,,Single listing
160851452,1,f,,Single listing
160977785,2,f,,2-4 listings
161064390,2,t,,2-4 listings
161064514,1,f,,Single listing
161068167,1,f,,Single listing
161087746,3,t,,2-4 listings
161090666,1,f,,Single listing
161149742,1,f,,Single listing
161236738,2,f,,2-4 listings
161248734,1,f,,Single listing
161269192,1,f,,Single listing
161395430,2,f,,2-4 listings
161470314,1,f,,Single listing
161530628,1,f,,Single listing
161545611,1,f,,Single listing
161702732,6,f,,5-19 listings
161713188,1,t,,Single listing
161735116,1,f,,Single listing
161807506,2,t,,2-4 listings
161870320,2,t,,2-4 listings
161882932,1,t,,Single listing
161947667,1,f,,Single listing
162066814,1,t,,Single listing
162118845,17,t,,5-19 listings
162132187,3,t,,2-4 listings
162180444,2,f,,2-4 listings
162184454,1,t,,Single listing
162194776,3,f,,2-4 listings
162215126,1,f,,Single listing
162244608,5,t,,5-19 listings
162274665,2,t,,2-4 listings
162315661,1,f,,Single listing
162332657,4,t,,2-4 listings
162339172,1,f,,Single listing
162351396,1,f,,Single listing
162398609,2,t,,2-4 listings
162477856,1,f,,Single listing
162479750,4,t,,2-4 listings
162496583,1,f,,Single listing
162501278,1,f,,Single listing
162524563,1,f,,Single listing
162567263,21,f,,20+ listings
162570599,2,t,,2-4 listings
162587268,1,f,,Single listing
162618160,1,f,,Single listing
162647950,1,t,,Single listing
162650083,1,t,,Single listing
162658442,1,f,,Single listing
162868797,1,f,,Single listing
162890004,1,t,,Single listing
162978232,7,t,,5-19 listings
162987806,1,f,,Single listing
163050535,3,f,,2-4 listings
163144144,1,f,,Single listing
163156434,4,t,,2-4 listings
163166125,1,f,,Single listing
163169262,1,f,,Single listing
163189563,3,t,,2-4 listings
163236670,1,f,,Single listing
163311517,1,f,,Single listing
163399791,2,t,,2-4 listings
163426037,1,t,,Single listing
163470529,1,f,,Single listing
163476823,4,f,,2-4 listings
163553018,1,f,,Single listing
163559852,2,f,,2-4 listings
163561617,1,f,,Single listing
163589508,1,f,,Single listing
163720629,6,f,,5-19 listings
163874273,1,f,,Single listing
163894442,1,f,,Single listing
163902675,1,t,,Single listing
164054855,2,t,,2-4 listings
164089132,1,f,,Single listing
164097034,1,f,,Single listing
164137880,1,f,,Single listing
164280808,2,f,,2-4 listings
164383790,11,f,,5-19 listings
164438136,1,t,,Single listing
164469232,1,f,,Single listing
164482077,5,t,,5-19 listings
164635507,1,f,,Single listing
164643429,2,f,,2-4 listings
164649401,1,f,,Single listing
164666408,1,f,,Single listing
164682731,1,t,,Single listing
164751100,4,f,,2-4 listings
164767673,1,t,,Single listing
164835125,1,f,,Single listing
164925604,1,f,,Single listing
164972752,1,f,,Single listing
164997733,9,t,,5-19 listings
165030076,1,f,,Single listing
165058508,3,t,,2-4 listings
165084553,5,t,,5-19 listings
165126328,1,t,,Single listing
165186566,4,t,,2-4 listings
165207961,2,t,,2-4 listings
165338792,1,f,,Single listing
165343710,1,t,,Single listing
165346912,1,f,,Single listing
165370954,1,t,,Single listing
165373822,2,f,,2-4 listings
165415436,1,t,,Single listing
165445882,4,t,,2-4 listings
165515660,1,t,,Single listing
165594200,1,f,,Single listing
165646293,1,f,,Single listing
165659447,1,f,,Single listing
165761197,11,t,,5-19 listings
165796572,1,t,,Single listing
165840664,1,f,,Single listing
165859028,1,f,,Single listing
165865896,2,t,,2-4 listings
165894260,1,f,,Single listing
165966534,1,f,,Single listing
165968064,1,f,,Single listing
166159444,2,f,,2-4 listings
166218080,1,f,,Single listing
166300684,1,f,,Single listing
166366330,1,f,,Single listing
166519367,1,f,,Single listing
166525517,14,t,,5-19 listings
166527490,2,t,,2-4 listings
166725659,2,t,,2-4 listings
166772959,20,t,,20+ listings
166773676,1,f,,Single listing
166777671,1,t,,Single listing
166780883,10,t,,5-19 listings
166841633,1,f,,Single listing
166914457,1,f,,Single listing
166936404,6,f,,5-19 listings
166940050,1,t,,Single listing
167001484,3,f,,2-4 listings
167044141,1,t,,Single listing
167045965,1,f,,Single listing
167113379,1,f,,Single listing
167122993,2,t,,2-4 listings
167179286,1,f,,Single listing
167350648,2,f,,2-4 listings
167418497,1,f,,Single listing
167490225,1,t,,Single listing
167544143,1,f,,Single listing
167563856,1,f,,Single listing
167650499,1,f,,Single listing
167689623,4,f,,2-4 listings
167741524,1,t,,Single listing
167881103,1,f,,Single listing
167883382,2,f,,2-4 listings
167891665,26,t,,20+ listings
167898625,2,f,,2-4 listings
167985532,1,f,,Single listing
168086352,1,f,,Single listing
168103350,1,t,,Single listing
168133300,1,t,,Single listing
168157299,2,f,,2-4 listings
168259862,1,t,,Single listing
168284462,1,f,,Single listing
168285854,1,f,,Single listing
168303189,1,f,,Single listing
168327250,1,f,,Single listing
168465161,1,f,,Single listing
168766394,1,f,,Single listing
168824427,1,f,,Single listing
168865018,1,t,,Single listing
168866752,1,f,,Single listing
168867272,1,f,,Single listing
168875975,1,f,,Single listing
168924379,1,f,,Single listing
169002588,1,f,,Single listing
169006558,1,f,,Single listing
169009597,1,f,,Single listing
169021448,1,f,,Single listing
169086427,1,f,,Single listing
169110349,2,t,,2-4 listings
169228955,1,f,,Single listing
169244246,1,t,,Single listing
169458931,1,t,,Single listing
169491040,1,f,,Single listing
169502602,1,t,,Single listing
169625587,3,t,,2-4 listings
169641909,1,f,,Single listing
169821698,1,f,,Single listing
169828770,1,f,,Single listing
169861216,1,f,,Single listing
169884843,1,f,,Single listing
169893721,1,f,,Single listing
169944930,1,f,,Single listing
170026889,1,t,,Single listing
170055841,55,f,,20+ listings
170169627,2,t,,2-4 listings
170302068,1,f,,Single listing
170330021,1,f,,Single listing
170335704,1,f,,Single listing
170500757,1,f,,Single listing
170519891,1,f,,Single listing
170571492,1,t,,Single listing
170693655,1,f,,Single listing
171062813,1,t,,Single listing
171065125,1,f,,Single listing
171078384,1,f,,Single listing
171082599,1,f,,Single listing
171107807,1,f,,Single listing
171134180,1,f,,Single listing
171381148,1,f,,Single listing
171418772,1,f,,Single listing
171462030,1,f,,Single listing
171467500,2,f,,2-4 listings
171491105,3,f,,2-4 listings
171545745,1,t,,Single listing
171577368,1,t,,Single listing
171768994,2,f,,2-4 listings
171796702,1,t,,Single listing
171815009,1,t,,Single listing
172032694,1,t,,Single listing
172110226,45,f,,20+ listings
172255120,1,t,,Single listing
172305357,1,f,,Single listing
172346418,1,t,,Single listing
172375850,1,t,,Single listing
172376972,1,t,,Single listing
172384891,2,t,,2-4 listings
172455132,1,f,,Single listing
172485362,2,t,,2-4 listings
172510950,1,f,,Single listing
172767578,3,f,,2-4 listings
172789264,1,t,,Single listing
172809499,1,f,,Single listing
172860409,1,t,,Single listing
173022996,1,f,,Single listing
173138513,1,t,,Single listing
173167499,1,f,,Single listing
173470525,1,f,,Single listing
173515549,1,f,,Single listing
173693303,4,f,,2-4 listings
173766390,1,t,,Single listing
173854988,1,f,,Single listing
173914488,2,f,,2-4 listings
173986332,1,f,,Single listing
174088554,1,t,,Single listing
174119213,1,f,,Single listing
174163827,1,t,,Single listing
174207016,1,f,,Single listing
174332512,2,t,,2-4 listings
174513228,1,f,,Single listing
174582279,1,f,,Single listing
174589530,1,f,,Single listing
174589926,4,t,,2-4 listings
174609238,2,t,,2-4 listings
174683855,1,f,,Single listing
174704077,1,f,,Single listing
174863967,1,f,,Single listing
175264837,1,f,,Single listing
175401080,1,f,,Single listing
175401769,1,f,,Single listing
175402238,2,t,,2-4 listings
175407707,2,t,,2-4 listings
175435992,2,t,,2-4 listings
175436470,1,f,,Single listing
175590080,2,f,,2-4 listings
175592909,1,t,,Single listing
175640870,4,f,,2-4 listings
175665910,1,t,,Single listing
175830748,3,f,,2-4 listings
175963832,1,f,,Single listing
175981602,1,f,,Single listing
175984691,2,f,,2-4 listings
176011669,4,t,,2-4 listings
176038776,1,f,,Single listing
176162049,1,f,,Single listing
176315037,1,t,,Single listing
176683118,1,f,,Single listing
176775469,1,f,,Single listing
176794804,1,f,,Single listing
176903220,1,f,,Single listing
176989679,3,f,,2-4 listings
176998864,1,f,,Single listing
177094781,1,f,,Single listing
177096732,1,f,,Single listing
177285557,1,f,,Single listing
177343158,10,t,,5-19 listings
177350900,2,f,,2-4 listings
177442925,1,f,,Single listing
177449562,1,f,,Single listing
177453737,4,t,,2-4 listings
177529190,2,f,,2-4 listings
177583150,1,t,,Single listing
177637434,1,f,,Single listing
177763451,1,f,,Single listing
177766696,1,f,,Single listing
177821615,1,f,,Single listing
177870847,6,t,,5-19 listings
177968499,2,f,,2-4 listings
177979320,2,t,,2-4 listings
177986576,1,t,,Single listing
178011079,1,f,,Single listing
178119284,1,t,,Single listing
178157013,1,f,,Single listing
178175590,1,f,,Single listing
178183226,1,f,,Single listing
178211542,2,t,,2-4 listings
178462490,1,f,,Single listing
178496966,1,f,,Single listing
178556019,1,t,,Single listing
178559076,1,f,,Single listing
178597711,1,f,,Single listing
178632059,2,f,,2-4 listings
178738509,1,f,,Single listing
178739433,1,f,,Single listing
178761364,1,f,,Single listing
178792969,2,f,,2-4 listings
178922814,1,t,,Single listing
178972357,1,f,,Single listing
179142725,1,t,,Single listing
179169988,1,f,,Single listing
179215034,1,f,,Single listing
179269227,2,t,,2-4 listings
179296381,1,t,,Single listing
179297241,1,f,,Single listing
179307930,1,f,,Single listing
179314787,1,f,,Single listing
179467166,1,f,,Single listing
179514763,2,f,,2-4 listings
179545166,1,t,,Single listing
179561020,1,f,,Single listing
179733213,1,t,,Single listing
179892568,1,f,,Single listing
179991627,1,f,,Single listing
180100622,1,f,,Single listing
180153268,1,f,,Single listing
180283736,1,t,,Single listing
180443442,2,t,,2-4 listings
180507688,1,f,,Single listing
180716678,1,f,,Single listing
180726127,1,f,,Single listing
180860311,1,t,,Single listing
180881045,1,t,,Single listing
180908501,1,f,,Single listing
180994378,1,f,,Single listing
181021441,1,f,,Single listing
181047564,2,f,,2-4 listings
181072111,2,t,,2-4 listings
181127693,1,f,,Single listing
181217841,1,t,,Single listing
181222242,1,f,,Single listing
181247753,1,f,,Single listing
181336046,1,f,,Single listing
181344913,3,t,,2-4 listings
181396396,1,f,,Single listing
181422290,1,f,,Single listing
181476421,1,f,,Single listing
181490768,1,f,,Single listing
181506797,4,t,,2-4 listings
181624083,1,f,,Single listing
181632508,1,f,,Single listing
181666079,2,t,,2-4 listings
181737594,1,f,,Single listing
181873912,1,f,,Single listing
181944808,1,f,,Single listing
182004932,1,f,,Single listing
182020848,1,t,,Single listing
182326305,1,f,,Single listing
182353425,1,f,,Single listing
182400712,1,t,,Single listing
182433802,1,f,,Single listing
182473775,1,f,,Single listing
182547389,1,t,,Single listing
182556978,1,f,,Single listing
182585342,1,f,,Single listing
182609716,1,f,,Single listing
182609757,1,f,,Single listing
182628957,1,t,,Single listing
182629828,1,f,,Single listing
182739441,1,t,,Single listing
182763230,5,t,,5-19 listings
182764304,1,f,,Single listing
182765422,1,f,,Single listing
182771856,1,t,,Single listing
182776121,1,t,,Single listing
182830870,1,t,,Single listing
182971966,1,f,,Single listing
183047051,1,f,,Single listing
183058001,3,f,,2-4 listings
183111721,1,f,,Single listing
183114035,12,t,,5-19 listings
183262900,1,f,,Single listing
183272569,1,f,,Single listing
183307068,2,f,,2-4 listings
183337320,1,f,,Single listing
183443029,1,f,,Single listing
183446333,1,f,,Single listing
183468411,1,f,,Single listing
183498898,1,f,,Single listing
183675988,1,f,,Single listing
183765652,1,f,,Single listing
183887980,2,t,,2-4 listings
183907959,1,f,,Single listing
183913508,1,f,,Single listing
184033096,1,t,,Single listing
184204655,1,t,,Single listing
184337838,1,t,,Single listing
184352101,1,f,,Single listing
184357582,1,f,,Single listing
184368742,1,f,,Single listing
184388924,1,f,,Single listing
184401340,1,t,,Single listing
184403835,1,f,,Single listing
184536295,2,t,,2-4 listings
184556452,1,f,,Single listing
184745581,2,f,,2-4 listings
184973558,4,t,,2-4 listings
184979201,1,t,,Single listing
185006360,3,f,,2-4 listings
185025818,2,t,,2-4 listings
185131627,1,t,,Single listing
185189720,2,f,,2-4 listings
185308070,55,f,,20+ listings
185315549,1,f,,Single listing
185324895,1,f,,Single listing
185472395,1,t,,Single listing
185675855,1,f,,Single listing
185754568,3,t,,2-4 listings
185811257,1,f,,Single listing
185829434,1,f,,Single listing
185838815,1,f,,Single listing
185873577,1,f,,Single listing
185884086,31,t,,20+ listings
185901519,1,t,,Single listing
185924135,1,f,,Single listing
186044274,1,f,,Single listing
186104925,1,f,,Single listing
186270420,1,f,,Single listing
186466408,1,t,,Single listing
186573473,1,t,,Single listing
186619675,2,t,,2-4 listings
186663211,3,t,,2-4 listings
186706979,1,f,,Single listing
186742218,1,f,,Single listing
186753113,1,t,,Single listing
186880048,1,f,,Single listing
186965375,1,f,,Single listing
187046914,1,f,,Single listing
187072515,1,t,,Single listing
187231614,1,f,,Single listing
187262036,1,f,,Single listing
187419799,1,f,,Single listing
187441733,2,t,,2-4 listings
187459789,1,t,,Single listing
187534475,1,t,,Single listing
187642465,1,f,,Single listing
187677650,1,t,,Single listing
187679847,1,f,,Single listing
187683649,1,f,,Single listing
187777282,1,f,,Single listing
187778729,1,f,,Single listing
188092922,3,f,,2-4 listings
188134061,1,f,,Single listing
188138925,2,t,,2-4 listings
188148150,1,t,,Single listing
188275428,4,f,,2-4 listings
188328638,1,f,,Single listing
188344109,1,f,,Single listing
188453727,6,f,,5-19 listings
188484678,2,t,,2-4 listings
188521599,1,f,,Single listing
188545479,2,f,,2-4 listings
188555956,1,f,,Single listing
188684200,1,f,,Single listing
188716264,5,f,,5-19 listings
188717804,1,f,,Single listing
188961494,1,f,,Single listing
188970329,1,f,,Single listing
189060855,2,t,,2-4 listings
189159760,5,f,,5-19 listings
189234901,1,f,,Single listing
189388451,1,f,,Single listing
189455291,4,t,,2-4 listings
189519781,1,f,,Single listing
189845450,1,f,,Single listing
189849919,1,t,,Single listing
189868059,1,t,,Single listing
190053168,1,f,,Single listing
190070338,1,f,,Single listing
190071428,1,f,,Single listing
190085977,2,t,,2-4 listings
190132857,1,f,,Single listing
190222382,1,f,,Single listing
190228309,3,t,,2-4 listings
190277252,1,f,,Single listing
190451128,1,f,,Single listing
190538322,1,f,,Single listing
190581790,4,f,,2-4 listings
190619304,1,f,,Single listing
190739352,1,f,,Single listing
190753429,1,f,,Single listing
190940728,2,t,,2-4 listings
191041188,1,f,,Single listing
191195590,1,f,,Single listing
191240458,1,f,,Single listing
191527956,1,t,,Single listing
191556275,1,t,,Single listing
191558721,1,f,,Single listing
191562630,1,f,,Single listing
191640064,1,f,,Single listing
191663820,1,f,,Single listing
191703558,5,t,,5-19 listings
191808264,1,f,,Single listing
191810930,1,f,,Single listing
191824133,2,t,,2-4 listings
192091775,3,t,,2-4 listings
192227535,2,f,,2-4 listings
192314492,1,t,,Single listing
192490084,1,t,,Single listing
192710877,1,t,,Single listing
192803250,1,f,,Single listing
192810277,1,t,,Single listing
192861991,1,f,,Single listing
193160046,1,t,,Single listing
193367617,1,f,,Single listing
193371904,1,f,,Single listing
193413644,1,f,,Single listing
193695663,1,f,,Single listing
193797589,1,f,,Single listing
193903604,10,f,,5-19 listings
193912525,1,f,,Single listing
194013696,1,f,,Single listing
194117591,1,f,,Single listing
194137362,1,f,,Single listing
194311832,1,f,,Single listing
194325542,1,f,,Single listing
194474965,1,f,,Single listing
194479789,1,f,,Single listing
194484368,4,f,,2-4 listings
194500058,1,f,,Single listing
194518482,1,f,,Single listing
194664787,1,t,,Single listing
194881212,3,t,,2-4 listings
194910007,1,t,,Single listing
194912733,1,f,,Single listing
194981429,1,f,,Single listing
195010037,1,f,,Single listing
195156622,1,f,,Single listing
195386319,5,t,,5-19 listings
195539260,1,t,,Single listing
195559880,1,f,,Single listing
195567335,1,f,,Single listing
195590650,1,t,,Single listing
195593680,2,t,,2-4 listings
195607880,1,f,,Single listing
195640352,1,f,,Single listing
195684011,1,f,,Single listing
195738242,1,f,,Single listing
195806371,2,f,,2-4 listings
195862745,9,t,,5-19 listings
195917698,5,f,,5-19 listings
196110762,2,f,,2-4 listings
196141269,1,f,,Single listing
196143367,1,f,,Single listing
196158667,1,f,,Single listing
196170961,1,f,,Single listing
196186006,1,t,,Single listing
196193276,1,f,,Single listing
196314642,1,f,,Single listing
196349167,1,f,,Single listing
196349283,1,t,,Single listing
196359204,1,f,,Single listing
196397936,1,f,,Single listing
196399202,1,f,,Single listing
196420540,1,f,,Single listing
196422290,2,f,,2-4 listings
196533265,1,f,,Single listing
196795224,1,f,,Single listing
197019156,5,f,,5-19 listings
197091922,1,f,,Single listing
197218923,2,f,,2-4 listings
197246803,1,f,,Single listing
197253552,1,t,,Single listing
197269116,1,f,,Single listing
197332214,1,f,,Single listing
197459121,1,f,,Single listing
197514655,1,f,,Single listing
197626335,1,f,,Single listing
197654999,1,f,,Single listing
197843077,1,f,,Single listing
197896878,1,f,,Single listing
197897140,1,f,,Single listing
197900707,1,f,,Single listing
197915262,1,t,,Single listing
197921942,2,t,,2-4 listings
197978845,1,f,,Single listing
198013649,1,t,,Single listing
198019558,1,f,,Single listing
198171127,2,f,,2-4 listings
198184687,6,t,,5-19 listings
198215304,1,f,,Single listing
198219224,3,t,,2-4 listings
198241168,1,t,,Single listing
198437379,1,f,,Single listing
198542680,1,f,,Single listing
198609990,2,f,,2-4 listings
198617821,3,t,,2-4 listings
198632389,1,f,,Single listing
198645570,1,f,,Single listing
198822840,1,f,,Single listing
198971884,1,f,,Single listing
199162853,1,t,,Single listing
199179900,2,t,,2-4 listings
199195063,1,t,,Single listing
199267524,1,f,,Single listing
199286430,1,f,,Single listing
199427707,1,f,,Single listing
199431798,1,f,,Single listing
199435329,2,f,,2-4 listings
199489877,1,f,,Single listing
199824798,1,f,,Single listing
200091605,1,f,,Single listing
200432031,1,f,,Single listing
200516211,1,f,,Single listing
200565855,1,t,,Single listing
200597677,1,t,,Single listing
200624649,1,f,,Single listing
200669074,2,f,,2-4 listings
200726156,1,f,,Single listing
200990550,3,t,,2-4 listings
201049282,1,f,,Single listing
201118618,1,t,,Single listing
201243097,1,f,,Single listing
201302648,2,t,,2-4 listings
201560568,1,f,,Single listing
201629421,1,f,,Single listing
201823357,1,f,,Single listing
201848833,1,t,,Single listing
201984590,1,f,,Single listing
202039171,1,t,,Single listing
202147739,1,f,,Single listing
202334936,1,t,,Single listing
202417772,1,f,,Single listing
202424296,1,t,,Single listing
202476500,3,f,,2-4 listings
202598924,1,f,,Single listing
202707360,1,f,,Single listing
202743143,1,t,,Single listing
202780063,1,f,,Single listing
202865447,2,t,,2-4 listings
203004871,7,t,,5-19 listings
203061708,1,f,,Single listing
203209559,1,f,,Single listing
203281855,7,f,,5-19 listings
203283874,1,t,,Single listing
203502869,1,f,,Single listing
203564857,3,f,,2-4 listings
203670768,3,t,,2-4 listings
203763309,1,f,,Single listing
203795615,3,f,,2-4 listings
203826245,1,f,,Single listing
203893990,1,f,,Single listing
203937702,1,f,,Single listing
204158298,1,f,,Single listing
204242965,1,t,,Single listing
204292225,1,t,,Single listing
204385960,1,f,,Single listing
204393942,1,f,,Single listing
204492884,1,f,,Single listing
204493703,4,f,,2-4 listings
204711363,1,f,,Single listing
204907804,1,t,,Single listing
204928228,1,f,,Single listing
204970889,2,f,,2-4 listings
205054526,1,f,,Single listing
205140751,1,t,,Single listing
205169346,1,f,,Single listing
205288088,1,f,,Single listing
205575915,1,f,,Single listing
205625304,2,f,,2-4 listings
205706864,1,f,,Single listing
205865088,1,f,,Single listing
205969551,1,f,,Single listing
205984661,1,f,,Single listing
206101252,1,f,,Single listing
206149299,1,f,,Single listing
206376977,1,f,,Single listing
206397932,1,f,,Single listing
206414042,1,t,,Single listing
206445385,1,f,,Single listing
206457285,1,f,,Single listing
206481330,1,t,,Single listing
206591691,2,t,,2-4 listings
206651774,1,t,,Single listing
206815824,6,f,,5-19 listings
206930483,2,t,,2-4 listings
207049741,1,f,,Single listing
207081989,4,f,,2-4 listings
207102450,1,t,,Single listing
207145481,1,t,,Single listing
207148902,1,f,,Single listing
207178114,1,t,,Single listing
207285805,1,f,,Single listing
207521202,2,t,,2-4 listings
207530661,10,t,,5-19 listings
207653559,1,f,,Single listing
207684792,1,f,,Single listing
207689778,1,f,,Single listing
207690507,3,f,,2-4 listings
207708291,1,f,,Single listing
207804109,1,f,,Single listing
208160182,1,t,,Single listing
208175078,1,t,,Single listing
208208418,2,f,,2-4 listings
208498879,1,t,,Single listing
208513561,1,f,,Single listing
208528618,4,t,,2-4 listings
208625160,1,f,,Single listing
208740207,1,f,,Single listing
208970282,1,t,,Single listing
209118361,1,t,,Single listing
209176997,2,f,,2-4 listings
209232060,1,f,,Single listing
209288695,1,f,,Single listing
209435414,1,f,,Single listing
209448425,1,f,,Single listing
209483513,1,f,,Single listing
209808838,2,t,,2-4 listings
209847399,1,t,,Single listing
209854811,1,t,,Single listing
209865574,2,t,,2-4 listings
209868685,2,t,,2-4 listings
209895322,1,t,,Single listing
209994734,1,f,,Single listing
210057939,1,f,,Single listing
210088384,1,f,,Single listing
210268883,1,f,,Single listing
210297274,1,t,,Single listing
210339616,3,t,,2-4 listings
210446293,1,t,,Single listing
210546537,2,t,,2-4 listings
210555824,2,f,,2-4 listings
210648897,1,f,,Single listing
210653964,3,f,,2-4 listings
210659648,1,t,,Single listing
210708266,1,f,,Single listing
210831657,1,f,,Single listing
210881768,2,f,,2-4 listings
210978959,1,f,,Single listing
211069061,1,f,,Single listing
211270409,1,t,,Single listing
211294693,1,f,,Single listing
211362229,1,f,,Single listing
211459149,1,t,,Single listing
211466643,1,f,,Single listing
211543872,1,f,,Single listing
211641983,1,f,,Single listing
211730997,1,t,,Single listing
211845889,1,t,,Single listing
211849758,2,f,,2-4 listings
211970498,1,f,,Single listing
211977720,1,f,,Single listing
211980687,1,f,,Single listing
212014848,2,f,,2-4 listings
212115499,1,f,,Single listing
212209221,1,f,,Single listing
212250536,1,f,,Single listing
212262372,3,f,,2-4 listings
212373576,2,t,,2-4 listings
212390343,1,f,,Single listing
212449726,1,f,,Single listing
212462743,3,f,,2-4 listings
212490054,1,f,,Single listing
212597196,4,t,,2-4 listings
212678680,1,f,,Single listing
212839030,1,f,,Single listing
212911408,2,t,,2-4 listings
212934270,3,f,,2-4 listings
213104267,1,t,,Single listing
213106132,1,t,,Single listing
213184484,1,f,,Single listing
213560832,1,f,,Single listing
213578314,1,t,,Single listing
213594833,2,t,,2-4 listings
213705106,2,f,,2-4 listings
213730614,3,f,,2-4 listings
213961675,1,f,,Single listing
214240116,1,t,,Single listing
214371387,2,f,,2-4 listings
214390607,1,t,,Single listing
214435702,1,f,,Single listing
214485746,1,f,,Single listing
214562773,1,f,,Single listing
214598558,2,f,,2-4 listings
214606191,1,f,,Single listing
214754940,3,f,,2-4 listings
214953963,4,f,,2-4 listings
214976711,6,f,,5-19 listings
214994780,1,f,,Single listing
215143486,1,f,,Single listing
215156015,1,t,,Single listing
215158493,1,f,,Single listing
215171462,1,f,,Single listing
215231674,1,f,,Single listing
215316252,1,f,,Single listing
215320323,1,t,,Single listing
215396872,1,f,,Single listing
215672947,2,f,,2-4 listings
215686801,1,f,,Single listing
215781663,1,f,,Single listing
215846770,1,f,,Single listing
215857985,1,f,,Single listing
216009751,2,f,,2-4 listings
216010730,1,f,,Single listing
216033559,1,f,,Single listing
216071932,1,f,,Single listing
216147156,2,t,,2-4 listings
216178391,1,f,,Single listing
216218495,2,f,,2-4 listings
216350593,2,t,,2-4 listings
216440870,1,f,,Single listing
216536076,12,f,,5-19 listings
216675686,1,t,,Single listing
216717087,1,f,,Single listing
216726700,2,f,,2-4 listings
216763524,1,f,,Single listing
216839655,1,f,,Single listing
216927158,2,t,,2-4 listings
217030810,2,t,,2-4 listings
217037444,1,f,,Single listing
217044322,1,f,,Single listing
217047488,3,t,,2-4 listings
217071003,2,t,,2-4 listings
217071267,2,f,,2-4 listings
217179711,1,f,,Single listing
217229381,3,f,,2-4 listings
217263075,1,f,,Single listing
217409995,1,f,,Single listing
217413211,37,t,,20+ listings
217434639,1,t,,Single listing
217555000,1,f,,Single listing
217605782,5,f,,5-19 listings
217609832,1,t,,Single listing
217640606,2,t,,2-4 listings
217733064,1,f,,Single listing
217735818,1,t,,Single listing
217746032,1,f,,Single listing
218008817,1,t,,Single listing
218021836,1,t,,Single listing
218034544,1,t,,Single listing
218046903,3,f,,2-4 listings
218069615,1,t,,Single listing
218107197,1,f,,Single listing
218226982,2,t,,2-4 listings
218257137,1,t,,Single listing
218412461,2,t,,2-4 listings
218415116,1,t,,Single listing
218546857,1,f,,Single listing
218556530,1,t,,Single listing
218566648,3,f,,2-4 listings
218574344,1,t,,Single listing
218590857,2,t,,2-4 listings
218593237,1,f,,Single listing
218644364,1,t,,Single listing
218701157,6,f,,5-19 listings
218712212,1,f,,Single listing
218712576,1,f,,Single listing
218721742,1,f,,Single listing
218733977,1,t,,Single listing
218745622,3,f,,2-4 listings
218745884,177,t,,20+ listings
218775247,2,t,,2-4 listings
218802817,1,t,,Single listing
218841885,2,f,,2-4 listings
218902479,1,f,,Single listing
219174244,1,f,,Single listing
219203332,1,f,,Single listing
219205986,3,f,,2-4 listings
219301584,2,t,,2-4 listings
219303890,1,t,,Single listing
219482425,1,t,,Single listing
219490862,1,f,,Single listing
219587971,2,f,,2-4 listings
219627382,1,f,,Single listing
219630807,1,f,,Single listing
219637925,6,f,,5-19 listings
219647860,1,f,,Single listing
219695235,1,t,,Single listing
219815468,1,f,,Single listing
219894316,1,f,,Single listing
220032524,1,f,,Single listing
220076730,1,t,,Single listing
220087358,2,t,,2-4 listings
220240390,1,f,,Single listing
220241236,1,f,,Single listing
220337553,1,f,,Single listing
220499461,1,f,,Single listing
220564419,1,t,,Single listing
220565406,1,f,,Single listing
220708198,1,f,,Single listing
220880816,1,t,,Single listing
220885221,2,f,,2-4 listings
221106370,3,f,,2-4 listings
221211996,1,f,,Single listing
221363561,1,f,,Single listing
221366518,1,f,,Single listing
221377270,1,f,,Single listing
221501874,2,t,,2-4 listings
221510369,1,f,,Single listing
221554214,6,f,,5-19 listings
221587089,1,f,,Single listing
221588494,1,f,,Single listing
221827196,3,f,,2-4 listings
221843489,2,f,,2-4 listings
221858422,1,t,,Single listing
221973161,1,t,,Single listing
221975601,1,f,,Single listing
221985317,1,t,,Single listing
222042301,1,f,,Single listing
222086406,1,f,,Single listing
222087923,1,f,,Single listing
222153282,1,f,,Single listing
222165247,1,f,,Single listing
222182163,1,f,,Single listing
222195400,6,t,,5-19 listings
222234406,1,f,,Single listing
222255161,3,f,,2-4 listings
222421404,2,t,,2-4 listings
222505908,2,f,,2-4 listings
222519709,1,t,,Single listing
222568679,1,t,,Single listing
222677374,1,f,,Single listing
222685166,1,f,,Single listing
222726418,1,f,,Single listing
222956177,1,f,,Single listing
223023717,1,f,,Single listing
223097984,1,t,,Single listing
223119174,1,t,,Single listing
223128830,3,f,,2-4 listings
223163124,2,f,,2-4 listings
223269541,11,t,,5-19 listings
223320545,3,f,,2-4 listings
223331570,2,t,,2-4 listings
223337670,1,t,,Single listing
223437997,1,f,,Single listing
223447183,1,f,,Single listing
223449520,3,t,,2-4 listings
223453548,1,f,,Single listing
223610173,1,f,,Single listing
223616463,1,f,,Single listing
223828106,2,t,,2-4 listings
223982040,1,f,,Single listing
223982445,1,t,,Single listing
224250315,1,f,,Single listing
224253289,1,f,,Single listing
224267434,1,f,,Single listing
224285478,1,f,,Single listing
224309063,1,f,,Single listing
224353808,1,f,,Single listing
224485812,1,f,,Single listing
224606170,1,f,,Single listing
224621041,2,t,,2-4 listings
224631675,3,t,,2-4 listings
224640004,1,f,,Single listing
224759233,1,f,,Single listing
224768749,1,f,,Single listing
224771209,2,f,,2-4 listings
224800544,2,t,,2-4 listings
224808375,1,f,,Single listing
224919505,1,f,,Single listing
225191782,1,f,,Single listing
225194354,1,f,,Single listing
225210483,1,f,,Single listing
225397823,1,f,,Single listing
225405551,1,t,,Single listing
225405800,2,f,,2-4 listings
225667039,1,f,,Single listing
225764384,1,t,,Single listing
225771569,1,t,,Single listing
225995454,2,t,,2-4 listings
226018997,1,f,,Single listing
226020813,1,f,,Single listing
226044243,1,f,,Single listing
226046197,1,f,,Single listing
226054672,1,f,,Single listing
226069106,1,f,,Single listing
226151810,2,t,,2-4 listings
226156981,1,f,,Single listing
226276099,4,f,,2-4 listings
226290522,1,f,,Single listing
226326304,4,t,,2-4 listings
226356055,5,f,,5-19 listings
226548135,1,f,,Single listing
226609777,1,f,,Single listing
226629821,1,t,,Single listing
226633802,2,t,,2-4 listings
226663412,1,f,,Single listing
226666918,2,t,,2-4 listings
226783296,1,t,,Single listing
226840790,4,t,,2-4 listings
226865903,1,f,,Single listing
226933553,1,f,,Single listing
227124175,1,f,,Single listing
227183848,2,f,,2-4 listings
227238552,1,f,,Single listing
227341981,1,f,,Single listing
227413980,1,f,,Single listing
227458212,1,f,,Single listing
227478517,1,f,,Single listing
227590620,2,f,,2-4 listings
227597440,1,f,,Single listing
227808351,1,f,,Single listing
227953537,1,t,,Single listing
227963794,1,f,,Single listing
227972042,1,t,,Single listing
227972673,1,f,,Single listing
227972986,1,t,,Single listing
228186453,1,f,,Single listing
228188815,1,f,,Single listing
228192337,2,t,,2-4 listings
228328361,3,f,,2-4 listings
228340553,1,f,,Single listing
228341184,2,f,,2-4 listings
228397862,1,f,,Single listing
228509257,1,t,,Single listing
228548107,1,f,,Single listing
228553619,1,t,,Single listing
228651390,9,f,,5-19 listings
228674931,1,f,,Single listing
228811386,1,f,,Single listing
228814757,2,t,,2-4 listings
228854170,1,f,,Single listing
228993715,1,f,,Single listing
228997806,2,f,,2-4 listings
229008906,1,t,,Single listing
229020294,1,f,,Single listing
229028064,4,f,,2-4 listings
229289446,1,f,,Single listing
229311647,1,f,,Single listing
229312451,5,f,,5-19 listings
229358098,1,t,,Single listing
229358257,1,f,,Single listing
229414227,5,f,,5-19 listings
229522676,2,t,,2-4 listings
229527441,4,f,,2-4 listings
229550046,6,f,,5-19 listings
229563573,1,t,,Single listing
229675457,1,f,,Single listing
229705481,1,f,,Single listing
229787824,1,f,,Single listing
229806872,1,f,,Single listing
229841291,1,f,,Single listing
229850205,2,t,,2-4 listings
229957012,1,f,,Single listing
229976526,3,t,,2-4 listings
230127984,1,t,,Single listing
230132777,4,f,,2-4 listings
230135846,1,f,,Single listing
230195442,3,f,,2-4 listings
230304331,7,f,,5-19 listings
230337637,4,t,,2-4 listings
230349615,2,f,,2-4 listings
230352627,1,f,,Single listing
230384583,1,f,,Single listing
230463673,1,f,,Single listing
230740924,1,f,,Single listing
230753663,1,f,,Single listing
230776100,1,f,,Single listing
230815383,1,f,,Single listing
230881155,1,f,,Single listing
230987846,1,f,,Single listing
231035267,1,f,,Single listing
231053922,2,f,,2-4 listings
231057219,1,t,,Single listing
231097708,1,f,,Single listing
231141727,1,f,,Single listing
231220020,1,f,,Single listing
231237500,1,t,,Single listing
231275194,1,f,,Single listing
231392561,1,t,,Single listing
231402159,1,t,,Single listing
231402196,1,f,,Single listing
231425297,1,f,,Single listing
231459150,1,f,,Single listing
231632605,1,t,,Single listing
231647725,1,f,,Single listing
231733814,1,f,,Single listing
231817650,1,f,,Single listing
231904862,1,t,,Single listing
231971747,3,f,,2-4 listings
232124637,1,f,,Single listing
232217155,4,f,,2-4 listings
232224819,1,f,,Single listing
232396297,17,f,,5-19 listings
232420586,1,f,,Single listing
232498657,1,t,,Single listing
232566729,1,t,,Single listing
232568257,3,f,,2-4 listings
232678974,1,t,,Single listing
232793988,1,f,,Single listing
232874176,2,f,,2-4 listings
232917036,1,t,,Single listing
232952693,3,f,,2-4 listings
232965127,1,t,,Single listing
232988409,1,f,,Single listing
232999645,1,t,,Single listing
233104210,1,f,,Single listing
233242616,1,f,,Single listing
233265899,1,f,,Single listing
233270967,1,f,,Single listing
233293785,1,f,,Single listing
233355997,1,f,,Single listing
233356408,2,f,,2-4 listings
233437498,1,f,,Single listing
233487702,1,f,,Single listing
233585651,1,f,,Single listing
233663930,4,f,,2-4 listings
233802161,1,f,,Single listing
234074332,1,t,,Single listing
234277883,1,t,,Single listing
234412049,1,f,,Single listing
234445602,1,f,,Single listing
234482057,1,t,,Single listing
234495349,1,f,,Single listing
234521993,1,f,,Single listing
234529166,2,t,,2-4 listings
234665367,2,t,,2-4 listings
234774091,3,f,,2-4 listings
234797328,2,t,,2-4 listings
235002269,1,t,,Single listing
235014852,2,t,,2-4 listings
235137642,3,f,,2-4 listings
235167630,1,f,,Single listing
235178136,1,f,,Single listing
235207011,3,t,,2-4 listings
235219286,2,f,,2-4 listings
235393479,2,t,,2-4 listings
235406113,3,f,,2-4 listings
235422439,1,t,,Single listing
235460841,1,f,,Single listing
235471431,1,f,,Single listing
235578163,1,t,,Single listing
235593557,2,f,,2-4 listings
235595543,2,f,,2-4 listings
235817837,1,f,,Single listing
235848536,1,f,,Single listing
235864228,1,f,,Single listing
236100333,1,f,,Single listing
236138977,1,f,,Single listing
236139858,1,f,,Single listing
236166198,1,f,,Single listing
236250173,1,f,,Single listing
236316822,2,t,,2-4 listings
236346684,1,f,,Single listing
236472996,1,f,,Single listing
236505506,1,f,,Single listing
236524243,2,f,,2-4 listings
236543732,1,f,,Single listing
236556886,1,f,,Single listing
236668290,1,f,,Single listing
236689013,10,f,,5-19 listings
236908107,6,f,,5-19 listings
236935599,3,f,,2-4 listings
236938599,1,t,,Single listing
237038302,1,t,,Single listing
237132768,6,f,,5-19 listings
237140669,1,t,,Single listing
237145929,1,f,,Single listing
237158466,1,f,,Single listing
237192289,2,f,,2-4 listings
237230452,1,f,,Single listing
237367557,23,f,,20+ listings
237526069,1,t,,Single listing
237533709,1,f,,Single listing
237556779,1,t,,Single listing
237575483,1,f,,Single listing
237607934,3,t,,2-4 listings
237614356,1,f,,Single listing
237776708,1,f,,Single listing
237788248,1,f,,Single listing
237843898,2,t,,2-4 listings
237943137,1,t,,Single listing
237973009,1,f,,Single listing
238207704,1,f,,Single listing
238222158,1,t,,Single listing
238261367,1,f,,Single listing
238413851,1,f,,Single listing
238438010,4,f,,2-4 listings
238444433,2,t,,2-4 listings
238476843,1,f,,Single listing
238633886,1,f,,Single listing
238642871,1,f,,Single listing
238828012,3,f,,2-4 listings
238861080,3,t,,2-4 listings
238886279,1,f,,Single listing
239058065,1,f,,Single listing
239203196,1,f,,Single listing
239329105,1,t,,Single listing
239356797,1,f,,Single listing
239425948,1,f,,Single listing
239442290,1,f,,Single listing
239489909,1,f,,Single listing
239703812,2,f,,2-4 listings
239711080,1,f,,Single listing
239732469,3,f,,2-4 listings
239743967,1,f,,Single listing
239780979,3,t,,2-4 listings
239798045,1,t,,Single listing
239816507,1,f,,Single listing
239907469,1,f,,Single listing
239933906,3,f,,2-4 listings
239994041,3,f,,2-4 listings
240312160,1,f,,Single listing
240404225,1,t,,Single listing
240460724,1,f,,Single listing
240616454,2,f,,2-4 listings
240758534,1,f,,Single listing
240801849,1,f,,Single listing
240845304,1,f,,Single listing
240968781,1,f,,Single listing
241185343,3,t,,2-4 listings
241199933,1,f,,Single listing
241411114,1,f,,Single listing
241506590,3,t,,2-4 listings
241649088,1,t,,Single listing
241823163,4,t,,2-4 listings
241851638,1,f,,Single listing
241862038,1,t,,Single listing
241890495,2,f,,2-4 listings
242208883,2,f,,2-4 listings
242295166,1,f,,Single listing
242330049,1,f,,Single listing
242422367,1,f,,Single listing
242438551,1,t,,Single listing
242494399,3,f,,2-4 listings
242526564,2,f,,2-4 listings
242632519,8,f,,5-19 listings
242636310,2,f,,2-4 listings
242693732,1,f,,Single listing
242703481,1,f,,Single listing
242889405,1,f,,Single listing
242907640,1,t,,Single listing
243095998,1,f,,Single listing
243117814,1,t,,Single listing
243121209,1,f,,Single listing
243125129,1,f,,Single listing
243126943,1,f,,Single listing
243233754,1,f,,Single listing
243254575,1,f,,Single listing
243304802,1,f,,Single listing
243489028,1,f,,Single listing
243589535,1,f,,Single listing
243698768,1,f,,Single listing
243816340,1,f,,Single listing
243825114,1,f,,Single listing
243877634,1,t,,Single listing
244064506,1,t,,Single listing
244072586,1,f,,Single listing
244091164,1,f,,Single listing
244112333,1,t,,Single listing
244129827,1,f,,Single listing
244263453,1,f,,Single listing
244550840,1,t,,Single listing
244728816,2,f,,2-4 listings
244852495,2,t,,2-4 listings
245155194,1,f,,Single listing
245165047,1,t,,Single listing
245342663,2,f,,2-4 listings
245346971,8,f,,5-19 listings
245473163,2,t,,2-4 listings
245508590,1,f,,Single listing
245511017,2,f,,2-4 listings
245515593,1,t,,Single listing
245573149,1,t,,Single listing
245589713,1,f,,Single listing
245605674,1,f,,Single listing
245783095,1,f,,Single listing
245826495,1,f,,Single listing
245908008,1,f,,Single listing
246005275,1,t,,Single listing
246118652,1,f,,Single listing
246138064,2,f,,2-4 listings
246241275,4,f,,2-4 listings
246405299,3,t,,2-4 listings
246505624,2,f,,2-4 listings
246506746,1,f,,Single listing
246514566,1,f,,Single listing
246770257,1,f,,Single listing
246821168,1,t,,Single listing
246834628,1,f,,Single listing
246925505,1,t,,Single listing
246941120,1,f,,Single listing
247171192,1,t,,Single listing
247171935,10,t,,5-19 listings
247187550,1,f,,Single listing
247374688,1,t,,Single listing
247392154,1,f,,Single listing
247400189,1,f,,Single listing
247562513,1,f,,Single listing
247797999,1,f,,Single listing
247973456,2,t,,2-4 listings
248041536,3,f,,2-4 listings
248154632,1,t,,Single listing
248161893,19,t,,5-19 listings
248268454,1,f,,Single listing
248461336,1,f,,Single listing
248689778,1,f,,Single listing
248777029,2,f,,2-4 listings
248797625,1,t,,Single listing
248802756,1,f,,Single listing
248882103,1,f,,Single listing
248899318,1,f,,Single listing
249168986,1,t,,Single listing
249213028,6,f,,5-19 listings
249247476,1,f,,Single listing
249258282,1,f,,Single listing
249338818,1,t,,Single listing
249432430,1,t,,Single listing
249434784,1,f,,Single listing
249449086,1,f,,Single listing
249458047,2,t,,2-4 listings
249553188,1,f,,Single listing
249557234,1,t,,Single listing
249606236,1,f,,Single listing
249805789,2,f,,2-4 listings
250060431,1,f,,Single listing
250405893,1,t,,Single listing
250569279,1,f,,Single listing
250610450,1,f,,Single listing
250645588,2,t,,2-4 listings
250710879,1,f,,Single listing
250806812,1,f,,Single listing
250883044,3,f,,2-4 listings
251031437,2,f,,2-4 listings
251245325,1,f,,Single listing
251256528,1,f,,Single listing
251261589,3,f,,2-4 listings
251272438,1,f,,Single listing
251377353,1,t,,Single listing
251457244,1,f,,Single listing
251503921,1,t,,Single listing
251531718,2,t,,2-4 listings
251684673,1,f,,Single listing
251763863,1,f,,Single listing
251899068,1,f,,Single listing
251900288,1,f,,Single listing
252084982,2,f,,2-4 listings
252108597,2,t,,2-4 listings
252278820,1,f,,Single listing
252294468,1,t,,Single listing
252304705,1,f,,Single listing
252342718,1,f,,Single listing
252467773,1,t,,Single listing
252483301,1,f,,Single listing
252579902,1,t,,Single listing
252582360,1,f,,Single listing
252748378,2,f,,2-4 listings
252936518,1,f,,Single listing
252949784,1,f,,Single listing
252987274,7,t,,5-19 listings
252987815,1,f,,Single listing
252993018,1,f,,Single listing
252997240,3,f,,2-4 listings
253054996,1,f,,Single listing
253065020,1,t,,Single listing
253155495,1,f,,Single listing
253195936,1,f,,Single listing
253227072,1,f,,Single listing
253310608,4,t,,2-4 listings
253321080,2,f,,2-4 listings
253414957,1,f,,Single listing
253478456,1,f,,Single listing
253749422,1,f,,Single listing
253777302,1,f,,Single listing
253786728,1,f,,Single listing
253849405,1,t,,Single listing
253862001,1,t,,Single listing
253880705,1,t,,Single listing
254025283,5,f,,5-19 listings
254031846,2,f,,2-4 listings
254035403,1,t,,Single listing
254149254,1,f,,Single listing
254309788,1,t,,Single listing
254396648,2,f,,2-4 listings
254461565,1,f,,Single listing
254470548,1,t,,Single listing
254482048,2,f,,2-4 listings
254853894,1,f,,Single listing
255231046,2,f,,2-4 listings
255300401,1,f,,Single listing
255310985,1,f,,Single listing
255365524,2,f,,2-4 listings
255447270,1,f,,Single listing
255503936,1,f,,Single listing
255547433,1,t,,Single listing
255682378,1,f,,Single listing
255727382,33,t,,20+ listings
255907678,1,f,,Single listing
255917150,1,t,,Single listing
256005783,1,f,,Single listing
256170068,1,f,,Single listing
256199007,1,t,,Single listing
256352706,3,f,,2-4 listings
256480017,1,f,,Single listing
256790960,4,f,,2-4 listings
256866541,1,t,,Single listing
256983476,1,f,,Single listing
257278489,1,f,,Single listing
257296820,1,f,,Single listing
257322147,1,f,,Single listing
257349261,1,f,,Single listing
257364743,1,t,,Single listing
257400752,2,f,,2-4 listings
257415856,1,f,,Single listing
257549504,1,f,,Single listing
257601511,1,f,,Single listing
257605761,1,f,,Single listing
257734440,2,f,,2-4 listings
257765034,1,f,,Single listing
257820719,1,t,,Single listing
257970662,1,t,,Single listing
257971967,1,f,,Single listing
258100488,1,f,,Single listing
258160511,1,f,,Single listing
258329730,1,f,,Single listing
258512752,1,f,,Single listing
258535236,1,f,,Single listing
258549721,1,f,,Single listing
258586334,1,f,,Single listing
258657068,2,f,,2-4 listings
258734340,1,t,,Single listing
258786469,1,t,,Single listing
258826105,1,t,,Single listing
259053676,1,t,,Single listing
259334214,1,t,,Single listing
259343503,2,f,,2-4 listings
259348073,1,t,,Single listing
259396241,1,t,,Single listing
259419014,1,f,,Single listing
259583876,1,f,,Single listing
259611948,5,f,,5-19 listings
259699398,2,t,,2-4 listings
259699813,1,f,,Single listing
259706688,1,f,,Single listing
259757491,1,f,,Single listing
259808019,1,f,,Single listing
259816588,2,t,,2-4 listings
259918037,1,f,,Single listing
259920664,1,f,,Single listing
260058910,1,f,,Single listing
260131447,4,t,,2-4 listings
260134279,1,f,,Single listing
260170603,1,f,,Single listing
260519861,16,f,,5-19 listings
260540754,3,t,,2-4 listings
260561769,1,f,,Single listing
260563132,2,f,,2-4 listings
260739559,1,f,,Single listing
260743103,13,f,,5-19 listings
260771674,1,t,,Single listing
260975801,1,f,,Single listing
261140638,1,t,,Single listing
261214835,1,f,,Single listing
261277087,1,f,,Single listing
261327700,1,f,,Single listing
261373228,1,f,,Single listing
261490590,1,f,,Single listing
261500088,1,t,,Single listing
261509666,2,f,,2-4 listings
261511171,1,f,,Single listing
261535066,15,f,,5-19 listings
261685540,1,t,,Single listing
261781898,1,f,,Single listing
261815185,1,f,,Single listing
261907728,1,f,,Single listing
261981115,1,f,,Single listing
262193840,1,f,,Single listing
262397869,1,f,,Single listing
262404937,3,t,,2-4 listings
262588973,1,f,,Single listing
262831234,1,f,,Single listing
262839594,1,f,,Single listing
262925639,12,t,,5-19 listings
262997920,3,t,,2-4 listings
263006208,1,f,,Single listing
263138350,1,t,,Single listing
263182142,1,f,,Single listing
263293866,1,f,,Single listing
263383060,1,f,,Single listing
263418772,1,f,,Single listing
263496371,1,t,,Single listing
263620684,3,f,,2-4 listings
263633348,1,f,,Single listing
263841373,1,f,,Single listing
263857901,1,f,,Single listing
263882384,3,f,,2-4 listings
264207271,1,f,,Single listing
264278244,1,f,,Single listing
264574469,2,f,,2-4 listings
264888170,14,f,,5-19 listings
264890112,1,f,,Single listing
264892762,3,f,,2-4 listings
265072836,1,f,,Single listing
265123713,1,f,,Single listing
265331427,2,f,,2-4 listings
265347496,1,f,,Single listing
265347540,18,t,,5-19 listings
265602228,2,t,,2-4 listings
265823701,1,f,,Single listing
265826984,5,t,,5-19 listings
265840760,1,f,,Single listing
265958254,1,f,,Single listing
265978019,1,f,,Single listing
266007776,26,f,,20+ listings
266038482,1,f,,Single listing
266050743,1,f,,Single listing
266063360,1,f,,Single listing
266138887,1,f,,Single listing
266197060,1,t,,Single listing
266329724,2,t,,2-4 listings
266458677,1,f,,Single listing
266482755,1,f,,Single listing
266506241,1,f,,Single listing
266562212,2,f,,2-4 listings
266723372,2,t,,2-4 listings
267072912,1,f,,Single listing
267158331,1,f,,Single listing
267301125,1,f,,Single listing
267376134,2,f,,2-4 listings
267499940,3,t,,2-4 listings
267549646,1,f,,Single listing
267653559,1,f,,Single listing
267681745,1,f,,Single listing
267794696,1,t,,Single listing
267842476,7,t,,5-19 listings
268124436,2,f,,2-4 listings
268563574,1,f,,Single listing
268899472,3,f,,2-4 listings
268981230,1,f,,Single listing
269219718,1,t,,Single listing
269292106,1,t,,Single listing
269292809,1,f,,Single listing
269676868,1,f,,Single listing
269703648,1,f,,Single listing
269931747,2,f,,2-4 listings
269956207,1,f,,Single listing
269976604,2,f,,2-4 listings
269992269,1,f,,Single listing
270549851,1,f,,Single listing
270553514,2,t,,2-4 listings
270670549,1,t,,Single listing
270671358,1,f,,Single listing
270955105,2,f,,2-4 listings
270956840,2,t,,2-4 listings
270967470,2,t,,2-4 listings
271031531,1,f,,Single listing
271209943,1,f,,Single listing
271237917,1,f,,Single listing
271273374,2,t,,2-4 listings
271328947,1,t,,Single listing
271544708,2,f,,2-4 listings
271731103,47,t,,20+ listings
271744344,1,f,,Single listing
271977342,1,f,,Single listing
272061202,1,f,,Single listing
272444342,1,f,,Single listing
272522283,1,f,,Single listing
272528896,1,f,,Single listing
272542679,1,f,,Single listing
272606746,1,f,,Single listing
272700612,1,f,,Single listing
272729924,5,t,,5-19 listings
272791485,1,f,,Single listing
272913102,2,f,,2-4 listings
272924295,1,f,,Single listing
273000713,1,f,,Single listing
273280408,3,t,,2-4 listings
273294763,1,f,,Single listing
273472540,1,f,,Single listing
273554896,1,f,,Single listing
273600245,6,f,,5-19 listings
273697893,4,f,,2-4 listings
273749629,1,t,,Single listing
273862087,2,f,,2-4 listings
273884036,6,f,,5-19 listings
273939034,6,f,,5-19 listings
273972018,1,f,,Single listing
274004841,1,t,,Single listing
274177831,3,f,,2-4 listings
274419382,1,t,,Single listing
274667400,1,f,,Single listing
274676442,1,t,,Single listing
274965171,2,f,,2-4 listings
275098379,1,f,,Single listing
275235536,1,f,,Single listing
275246097,1,f,,Single listing
275311130,4,f,,2-4 listings
275693116,1,f,,Single listing
275726377,1,t,,Single listing
275732912,1,f,,Single listing
275771996,1,t,,Single listing
275795385,1,t,,Single listing
275815230,1,t,,Single listing
276058557,1,f,,Single listing
276277931,1,f,,Single listing
276472174,6,t,,5-19 listings
276494528,4,f,,2-4 listings
276512812,5,f,,5-19 listings
277289193,15,f,,5-19 listings
277312306,1,f,,Single listing
277341305,1,f,,Single listing
277538217,1,f,,Single listing
277543286,1,t,,Single listing
277626032,1,f,,Single listing
277864011,1,f,,Single listing
277877344,2,f,,2-4 listings
277896921,1,t,,Single listing
277962029,3,t,,2-4 listings
277968961,1,t,,Single listing
278094664,1,f,,Single listing
278523731,1,f,,Single listing
278560622,1,t,,Single listing
278794771,6,f,,5-19 listings
278801883,1,f,,Single listing
278839321,1,f,,Single listing
278931068,1,f,,Single listing
278942924,1,t,,Single listing
279219860,1,f,,Single listing
279375063,1,f,,Single listing
279819205,1,f,,Single listing
279974484,1,f,,Single listing
279991172,3,f,,2-4 listings
280072398,1,f,,Single listing
280294248,1,f,,Single listing
280298087,1,f,,Single listing
280317004,1,f,,Single listing
280361999,1,f,,Single listing
280368543,1,f,,Single listing
280597866,1,f,,Single listing
280607481,1,f,,Single listing
280641612,2,f,,2-4 listings
280655853,1,f,,Single listing
280718460,1,f,,Single listing
280946237,1,t,,Single listing
281646889,24,f,,20+ listings
281647035,1,f,,Single listing
281676051,1,f,,Single listing
281802850,1,t,,Single listing
282109332,1,f,,Single listing
282201214,1,t,,Single listing
282334866,2,t,,2-4 listings
282421296,1,f,,Single listing
282490861,1,f,,Single listing
282937973,1,f,,Single listing
283156950,2,f,,2-4 listings
283235726,1,t,,Single listing
283462412,1,f,,Single listing
283656287,1,f,,Single listing
283703966,1,f,,Single listing
283707288,1,f,,Single listing
283950748,1,t,,Single listing
284544532,1,f,,Single listing
284641563,1,f,,Single listing
284721906,1,f,,Single listing
284746375,1,f,,Single listing
284937268,1,t,,Single listing
284999711,1,f,,Single listing
285031007,1,f,,Single listing
285076561,1,t,,Single listing
285097655,1,t,,Single listing
285203329,1,f,,Single listing
285226125,1,f,,Single listing
285300353,2,f,,2-4 listings
285374428,1,f,,Single listing
285471087,1,f,,Single listing
285589165,2,f,,2-4 listings
285592086,1,f,,Single listing
285636754,1,f,,Single listing
285724597,1,t,,Single listing
286006059,6,f,,5-19 listings
286028964,8,f,,5-19 listings
286075102,1,f,,Single listing
286152157,1,f,,Single listing
286244466,1,f,,Single listing
286248120,5,f,,5-19 listings
286290510,2,t,,2-4 listings
286324657,1,f,,Single listing
286358205,1,f,,Single listing
286591241,1,f,,Single listing
286838910,1,f,,Single listing
286854224,1,f,,Single listing
286864281,1,f,,Single listing
287093888,1,f,,Single listing
287330068,1,t,,Single listing
287356204,1,f,,Single listing
287553469,1,f,,Single listing
287579359,2,f,,2-4 listings
287774799,1,f,,Single listing
287779815,1,f,,Single listing
287788130,1,t,,Single listing
287845786,1,f,,Single listing
288023966,1,f,,Single listing
288028933,1,t,,Single listing
288432525,1,f,,Single listing
288460515,1,f,,Single listing
288507714,1,t,,Single listing
288596121,1,t,,Single listing
288715024,1,t,,Single listing
288775432,1,t,,Single listing
288802771,1,f,,Single listing
288829735,1,f,,Single listing
288861463,1,f,,Single listing
289058469,1,f,,Single listing
289160881,1,f,,Single listing
289177395,1,t,,Single listing
289313961,1,f,,Single listing
289320996,3,f,,2-4 listings
289542340,1,f,,Single listing
290052948,1,t,,Single listing
290095343,1,t,,Single listing
290256375,1,f,,Single listing
290301882,1,f,,Single listing
290749060,4,f,,2-4 listings
290760697,1,f,,Single listing
290950176,1,f,,Single listing
290952416,1,t,,Single listing
290959107,1,f,,Single listing
291012236,1,f,,Single listing
291072865,1,f,,Single listing
291225204,1,t,,Single listing
291231993,5,t,,5-19 listings
291442436,1,t,,Single listing
291548637,1,f,,Single listing
291749149,1,f,,Single listing
291869834,2,t,,2-4 listings
292099579,2,t,,2-4 listings
292507041,2,t,,2-4 listings
292544850,1,f,,Single listing
292763977,2,f,,2-4 listings
292821654,1,f,,Single listing
292836607,6,f,,5-19 listings
292875138,1,f,,Single listing
293046995,1,t,,Single listing
293271372,2,f,,2-4 listings
293351644,1,f,,Single listing
293379411,1,f,,Single listing
293382871,1,f,,Single listing
293470052,1,f,,Single listing
293482110,1,f,,Single listing
293697290,2,t,,2-4 listings
293720660,1,t,,Single listing
293722960,1,f,,Single listing
293865645,1,t,,Single listing
293893712,1,t,,Single listing
293919599,1,f,,Single listing
293941739,22,f,,20+ listings
293995838,1,f,,Single listing
294031820,1,f,,Single listing
294098058,1,f,,Single listing
294213816,2,t,,2-4 listings
294315899,2,t,,2-4 listings
294344169,1,t,,Single listing
294483893,1,f,,Single listing
294867740,2,f,,2-4 listings
294869250,1,f,,Single listing
294942965,1,t,,Single listing
294970635,7,f,,5-19 listings
295048557,4,t,,2-4 listings
295130210,2,f,,2-4 listings
295371097,1,t,,Single listing
295994699,1,f,,Single listing
296117390,15,t,,5-19 listings
296146447,1,t,,Single listing
296254888,1,t,,Single listing
296335058,1,f,,Single listing
296340103,1,t,,Single listing
296362261,1,f,,Single listing
296557103,1,t,,Single listing
296794466,2,f,,2-4 listings
296970483,2,f,,2-4 listings
297016989,1,t,,Single listing
297025305,1,f,,Single listing
297427851,2,t,,2-4 listings
297466264,1,f,,Single listing
297518280,1,t,,Single listing
297572715,3,t,,2-4 listings
297849654,1,f,,Single listing
297879347,2,t,,2-4 listings
297913998,1,t,,Single listing
297953388,8,f,,5-19 listings
298060989,10,f,,5-19 listings
298080496,2,t,,2-4 listings
298176084,1,f,,Single listing
298232238,1,t,,Single listing
298264898,2,f,,2-4 listings
298267489,1,f,,Single listing
298282058,1,f,,Single listing
298476320,1,f,,Single listing
298488777,1,t,,Single listing
298570456,6,t,,5-19 listings
298689657,1,t,,Single listing
298719119,1,f,,Single listing
298760377,1,t,,Single listing
298814638,1,f,,Single listing
298839462,1,f,,Single listing
298871283,1,t,,Single listing
299202158,1,f,,Single listing
299266608,1,f,,Single listing
299451357,1,f,,Single listing
299487167,1,f,,Single listing
299699633,1,f,,Single listing
299751149,2,f,,2-4 listings
299755427,1,f,,Single listing
299992602,4,f,,2-4 listings
300093209,1,f,,Single listing
300252443,8,t,,5-19 listings
300295772,2,f,,2-4 listings
300312523,2,t,,2-4 listings
300352710,2,f,,2-4 listings
300442301,1,f,,Single listing
300667928,1,t,,Single listing
300671466,1,f,,Single listing
300799090,1,f,,Single listing
300913139,1,t,,Single listing
301206293,1,f,,Single listing
301295333,1,f,,Single listing
301425201,7,f,,5-19 listings
301549913,1,f,,Single listing
301691634,1,f,,Single listing
301703264,2,f,,2-4 listings
301743114,1,f,,Single listing
301846814,1,f,,Single listing
301886145,1,f,,Single listing
302036091,14,f,,5-19 listings
302090937,1,f,,Single listing
302105297,1,f,,Single listing
302252222,9,f,,5-19 listings
302269047,1,f,,Single listing
302440258,2,f,,2-4 listings
302458801,1,f,,Single listing
302481019,1,f,,Single listing
302509164,3,t,,2-4 listings
302639651,1,f,,Single listing
302896843,1,f,,Single listing
302955257,2,f,,2-4 listings
303031763,1,f,,Single listing
303303536,1,t,,Single listing
303486590,1,f,,Single listing
303665418,1,f,,Single listing
303695901,2,f,,2-4 listings
303822656,1,f,,Single listing
303864765,1,f,,Single listing
303865253,2,f,,2-4 listings
304231615,1,f,,Single listing
304237852,1,f,,Single listing
304261137,1,f,,Single listing
304275105,1,f,,Single listing
304286817,15,t,,5-19 listings
304299888,1,f,,Single listing
304304207,1,f,,Single listing
304405837,1,f,,Single listing
304434007,1,f,,Single listing
304445324,1,t,,Single listing
304459611,6,f,,5-19 listings
304543961,1,f,,Single listing
304573831,1,f,,Single listing
304971812,1,t,,Single listing
305097680,1,f,,Single listing
305103475,1,f,,Single listing
305221145,1,f,,Single listing
305257994,1,f,,Single listing
305409784,1,t,,Single listing
305430480,1,f,,Single listing
305462114,1,f,,Single listing
305631563,1,f,,Single listing
305644017,1,f,,Single listing
305738652,1,f,,Single listing
305884568,1,f,,Single listing
306069720,1,f,,Single listing
306327207,1,f,,Single listing
306404790,1,t,,Single listing
306450022,1,f,,Single listing
306669596,1,f,,Single listing
306868244,1,t,,Single listing
307080481,1,f,,Single listing
307104029,1,f,,Single listing
307123061,1,f,,Single listing
307195436,8,f,,5-19 listings
307216017,1,f,,Single listing
307327121,1,f,,Single listing
307457055,1,f,,Single listing
307621856,1,f,,Single listing
307629119,25,t,,20+ listings
307826221,1,f,,Single listing
307827045,1,f,,Single listing
307851747,1,f,,Single listing
308024786,1,f,,Single listing
308045727,1,f,,Single listing
308140773,3,t,,2-4 listings
308218410,1,f,,Single listing
308223690,1,f,,Single listing
308252865,1,f,,Single listing
308259512,1,t,,Single listing
308283673,1,f,,Single listing
308447712,1,f,,Single listing
308461184,2,t,,2-4 listings
308617105,1,t,,Single listing
308675534,5,f,,5-19 listings
308677541,1,f,,Single listing
308694635,6,f,,5-19 listings
308714163,1,f,,Single listing
308749063,1,f,,Single listing
308861096,1,f,,Single listing
308911833,2,f,,2-4 listings
308931861,5,f,,5-19 listings
309041598,1,f,,Single listing
309202001,1,f,,Single listing
309206818,5,t,,5-19 listings
309256869,1,f,,Single listing
309268457,6,f,,5-19 listings
309340376,1,f,,Single listing
309458733,1,f,,Single listing
309482111,4,t,,2-4 listings
309635602,1,f,,Single listing
309638581,3,f,,2-4 listings
309773520,2,f,,2-4 listings
309915892,2,f,,2-4 listings
309925293,1,f,,Single listing
310374285,1,f,,Single listing
310398541,1,f,,Single listing
310409462,1,f,,Single listing
310465217,5,t,,5-19 listings
310479599,2,f,,2-4 listings
310600645,1,f,,Single listing
310603760,1,f,,Single listing
310607426,1,f,,Single listing
310608531,1,t,,Single listing
310636222,1,f,,Single listing
310823585,1,f,,Single listing
310842096,1,t,,Single listing
310857378,9,f,,5-19 listings
311050323,1,f,,Single listing
311065267,1,f,,Single listing
311088820,1,f,,Single listing
311113733,1,f,,Single listing
311121930,1,f,,Single listing
311179876,1,t,,Single listing
311200767,1,f,,Single listing
311206925,1,f,,Single listing
311284283,1,f,,Single listing
311297386,1,t,,Single listing
311303865,3,t,,2-4 listings
311311498,1,f,,Single listing
311353480,2,f,,2-4 listings
311398000,1,f,,Single listing
311516494,2,f,,2-4 listings
311547168,1,f,,Single listing
311550963,1,f,,Single listing
311586994,1,f,,Single listing
311607797,1,f,,Single listing
311618196,1,f,,Single listing
311958277,2,f,,2-4 listings
311962181,1,f,,Single listing
312045164,2,t,,2-4 listings
312071063,1,f,,Single listing
312149380,7,t,,5-19 listings
312160556,1,t,,Single listing
312195344,1,t,,Single listing
312209730,2,f,,2-4 listings
312248826,3,t,,2-4 listings
312507560,1,f,,Single listing
312558594,2,f,,2-4 listings
312776268,1,t,,Single listing
312797138,1,f,,Single listing
312908169,3,f,,2-4 listings
313110707,1,f,,Single listing
313422711,2,f,,2-4 listings
313486256,1,f,,Single listing
313506482,2,f,,2-4 listings
313508532,2,f,,2-4 listings
313579087,1,f,,Single listing
313713973,1,t,,Single listing
313792379,1,f,,Single listing
313811675,4,f,,2-4 listings
313914707,6,f,,5-19 listings
314143465,1,f,,Single listing
314408841,1,f,,Single listing
314417883,1,f,,Single listing
314421226,1,f,,Single listing
314443955,1,f,,Single listing
314503821,1,f,,Single listing
314598207,5,f,,5-19 listings
314604351,1,t,,Single listing
314608798,1,t,,Single listing
314649385,1,f,,Single listing
314675439,1,f,,Single listing
314686456,2,f,,2-4 listings
314714834,1,f,,Single listing
314864920,1,f,,Single listing
314958303,1,t,,Single listing
314971128,5,f,,5-19 listings
314974023,1,f,,Single listing
315007184,1,f,,Single listing
315256530,2,t,,2-4 listings
315508057,1,f,,Single listing
315838674,1,f,,Single listing
315924414,4,f,,2-4 listings
316120698,1,t,,Single listing
316196533,1,f,,Single listing
316342263,3,f,,2-4 listings
316356472,1,f,,Single listing
316442701,1,f,,Single listing
316453236,1,f,,Single listing
316683889,1,f,,Single listing
316694612,1,f,,Single listing
317014883,1,f,,Single listing
317107500,2,f,,2-4 listings
317125050,1,t,,Single listing
317428119,1,f,,Single listing
317453736,5,f,,5-19 listings
317514533,1,f,,Single listing
317586336,1,f,,Single listing
317961681,1,f,,Single listing
317971282,4,f,,2-4 listings
318010231,1,f,,Single listing
318018194,1,t,,Single listing
318036967,1,t,,Single listing
318349013,1,f,,Single listing
318505098,1,t,,Single listing
318662379,1,f,,Single listing
318670437,1,f,,Single listing
318675654,1,f,,Single listing
318797152,9,t,,5-19 listings
318908276,1,f,,Single listing
318922588,1,t,,Single listing
318982163,8,f,,5-19 listings
319004037,1,t,,Single listing
319109551,1,f,,Single listing
319121900,1,f,,Single listing
319174152,1,f,,Single listing
319881393,1,f,,Single listing
319913260,2,t,,2-4 listings
320164088,1,f,,Single listing
320192237,2,t,,2-4 listings
320511088,1,t,,Single listing
320707699,1,t,,Single listing
320908247,1,t,,Single listing
320924803,1,f,,Single listing
321074735,1,f,,Single listing
321099502,1,f,,Single listing
321403129,2,f,,2-4 listings
321480134,2,f,,2-4 listings
321745792,1,t,,Single listing
321752132,4,f,,2-4 listings
321896920,1,f,,Single listing
322113378,4,f,,2-4 listings
322263511,1,f,,Single listing
322544150,1,f,,Single listing
322591877,13,f,,5-19 listings
322643968,1,f,,Single listing
322674508,6,f,,5-19 listings
322716440,1,f,,Single listing
322759769,1,f,,Single listing
322778023,1,f,,Single listing
322954540,1,f,,Single listing
323009587,1,f,,Single listing
323251187,1,f,,Single listing
323281300,1,t,,Single listing
323405945,1,f,,Single listing
323504447,1,f,,Single listing
323518219,1,f,,Single listing
323672326,9,f,,5-19 listings
323676267,4,t,,2-4 listings
323829646,5,t,,5-19 listings
324175047,1,f,,Single listing
324761535,1,f,,Single listing
324778198,3,f,,2-4 listings
324804337,1,t,,Single listing
324805196,1,f,,Single listing
324817314,3,f,,2-4 listings
324894331,1,t,,Single listing
325121216,1,f,,Single listing
325162539,1,f,,Single listing
325192948,1,f,,Single listing
325201037,2,t,,2-4 listings
325237919,1,t,,Single listing
325529737,1,t,,Single listing
325538682,1,f,,Single listing
325817165,1,f,,Single listing
325819172,10,f,,5-19 listings
325841515,2,f,,2-4 listings
325846379,1,f,,Single listing
325966468,1,f,,Single listing
326109683,1,f,,Single listing
326173975,1,f,,Single listing
326434024,1,f,,Single listing
326587856,1,t,,Single listing
326637676,3,f,,2-4 listings
326658631,1,f,,Single listing
326729586,1,f,,Single listing
326925617,1,f,,Single listing
327059574,1,f,,Single listing
327082630,1,f,,Single listing
327254566,1,f,,Single listing
327259400,13,f,,5-19 listings
327266960,4,f,,2-4 listings
327290904,1,t,,Single listing
327653853,1,f,,Single listing
327711184,1,f,,Single listing
328116382,1,f,,Single listing
328368073,2,f,,2-4 listings
328434882,1,f,,Single listing
328514156,1,f,,Single listing
328623001,1,t,,Single listing
328709529,2,f,,2-4 listings
329010780,1,f,,Single listing
329016642,1,f,,Single listing
329291846,1,f,,Single listing
329502938,1,f,,Single listing
329520810,4,f,,2-4 listings
329627892,1,f,,Single listing
329948046,1,f,,Single listing
330159097,3,f,,2-4 listings
330179204,2,t,,2-4 listings
330397933,1,f,,Single listing
330648066,1,f,,Single listing
330653488,1,f,,Single listing
331084369,1,f,,Single listing
331089436,2,t,,2-4 listings
331093450,1,f,,Single listing
331111116,2,f,,2-4 listings
331357052,2,f,,2-4 listings
331409189,2,f,,2-4 listings
331645885,1,f,,Single listing
331652830,1,f,,Single listing
331693626,4,f,,2-4 listings
331718345,3,t,,2-4 listings
331810026,2,t,,2-4 listings
331870052,2,t,,2-4 listings
331902556,2,f,,2-4 listings
331929405,1,f,,Single listing
331949129,1,f,,Single listing
332266732,6,f,,5-19 listings
332273812,1,f,,Single listing
332543059,1,f,,Single listing
332623970,1,f,,Single listing
332894704,1,f,,Single listing
333108204,3,f,,2-4 listings
333365606,2,f,,2-4 listings
333725447,13,f,,5-19 listings
333963000,2,t,,2-4 listings
334048193,1,f,,Single listing
334208758,1,f,,Single listing
334216556,3,f,,2-4 listings
334223099,1,t,,Single listing
334291771,1,f,,Single listing
334322706,2,f,,2-4 listings
334429749,1,f,,Single listing
334445580,1,f,,Single listing
334632503,2,f,,2-4 listings
334637804,1,f,,Single listing
334642462,1,t,,Single listing
334643417,1,f,,Single listing
334682209,2,f,,2-4 listings
335069955,1,f,,Single listing
335203001,1,f,,Single listing
335319832,1,f,,Single listing
335522803,1,t,,Single listing
335550255,1,f,,Single listing
335597377,1,f,,Single listing
335630523,2,t,,2-4 listings
335633658,1,f,,Single listing
335751476,1,f,,Single listing
335829120,1,t,,Single listing
336237624,1,f,,Single listing
336505620,1,f,,Single listing
336780987,2,f,,2-4 listings
337007511,1,f,,Single listing
337016226,1,f,,Single listing
337040315,5,f,,5-19 listings
337056750,1,f,,Single listing
337375262,1,f,,Single listing
337392065,5,t,,5-19 listings
337422526,1,f,,Single listing
338258741,1,f,,Single listing
338506782,1,f,,Single listing
338696675,2,t,,2-4 listings
338777494,1,t,,Single listing
338938696,1,f,,Single listing
339162600,1,f,,Single listing
339194102,1,f,,Single listing
339208095,1,f,,Single listing
339352075,2,f,,2-4 listings
339443265,1,f,,Single listing
339495014,1,f,,Single listing
339579167,3,f,,2-4 listings
339589427,3,t,,2-4 listings
339616683,1,f,,Single listing
339644022,1,f,,Single listing
339645926,1,t,,Single listing
339703331,3,t,,2-4 listings
339806059,6,f,,5-19 listings
340041454,1,f,,Single listing
340167781,1,f,,Single listing
340175996,1,f,,Single listing
340310835,1,t,,Single listing
340343133,1,f,,Single listing
340355678,1,f,,Single listing
340470021,1,t,,Single listing
340487893,1,f,,Single listing
340520857,1,f,,Single listing
340659874,1,f,,Single listing
340722020,1,t,,Single listing
340908948,3,f,,2-4 listings
340935002,1,t,,Single listing
340962491,2,f,,2-4 listings
340974133,1,f,,Single listing
341054636,1,f,,Single listing
341056072,1,f,,Single listing
341060042,1,f,,Single listing
341253978,1,f,,Single listing
341383297,1,t,,Single listing
341413175,1,f,,Single listing
341686124,1,f,,Single listing
341955084,2,t,,2-4 listings
341970398,1,f,,Single listing
342043802,1,t,,Single listing
342052028,1,f,,Single listing
342076349,1,f,,Single listing
342100267,2,f,,2-4 listings
342115605,1,f,,Single listing
342245797,2,f,,2-4 listings
342332417,1,f,,Single listing
342371551,1,f,,Single listing
342379975,2,f,,2-4 listings
342432708,2,f,,2-4 listings
342532024,1,t,,Single listing
342953960,35,f,,20+ listings
342987180,1,t,,Single listing
342997097,1,f,,Single listing
343077874,1,f,,Single listing
343078961,5,f,,5-19 listings
343141972,1,f,,Single listing
343283061,6,f,,5-19 listings
343629945,1,t,,Single listing
343788107,1,f,,Single listing
343945201,1,f,,Single listing
344841249,1,f,,Single listing
344938488,8,f,,5-19 listings
344983365,1,f,,Single listing
345066309,1,f,,Single listing
345164658,1,f,,Single listing
345176241,4,t,,2-4 listings
345214069,1,f,,Single listing
345227935,1,t,,Single listing
345258708,1,t,,Single listing
345625735,1,f,,Single listing
345670504,1,f,,Single listing
345770809,1,f,,Single listing
345843188,45,f,,20+ listings
346348580,4,f,,2-4 listings
346673673,1,f,,Single listing
346758011,1,f,,Single listing
346974888,1,t,,Single listing
347117605,1,f,,Single listing
347529300,1,f,,Single listing
347744314,1,t,,Single listing
349012853,1,f,,Single listing
349027136,1,f,,Single listing
349037436,1,f,,Single listing
349953095,1,f,,Single listing
350655579,3,f,,2-4 listings
351633052,4,t,,2-4 listings
351810638,1,t,,Single listing
351817163,2,t,,2-4 listings
351953251,1,t,,Single listing
352144098,1,f,,Single listing
352470597,1,f,,Single listing
352502030,2,f,,2-4 listings
353008762,2,f,,2-4 listings
353563782,1,f,,Single listing
353711164,1,t,,Single listing
354056227,1,f,,Single listing
354254319,1,f,,Single listing
354840052,1,t,,Single listing
355065756,1,f,,Single listing
355498282,1,f,,Single listing
355917790,2,f,,2-4 listings
355921218,2,f,,2-4 listings
356849503,1,f,,Single listing
356857777,1,f,,Single listing
357151584,1,f,,Single listing
357234493,1,f,,Single listing
357428166,2,t,,2-4 listings
357470290,1,f,,Single listing
357498474,1,t,,Single listing
357501306,1,f,,Single listing
357936527,1,f,,Single listing
358238184,3,f,,2-4 listings
358670591,1,f,,Single listing
359135955,17,f,,5-19 listings
359142011,1,f,,Single listing
359241796,1,f,,Single listing
359422061,1,f,,Single listing
359723383,1,f,,Single listing
359976866,1,f,,Single listing
360016312,2,f,,2-4 listings
360136351,1,f,,Single listing
360139022,1,f,,Single listing
360231664,1,f,,Single listing
360259324,2,f,,2-4 listings
360266543,1,f,,Single listing
360422899,1,f,,Single listing
360473607,1,t,,Single listing
360548143,1,f,,Single listing
360989951,1,f,,Single listing
361028797,1,f,,Single listing
361519839,1,f,,Single listing
361534576,1,f,,Single listing
361894000,1,f,,Single listing
361937565,2,f,,2-4 listings
362145359,2,f,,2-4 listings
362189645,1,f,,Single listing
362245551,2,f,,2-4 listings
362336989,2,f,,2-4 listings
362564782,1,f,,Single listing
362575578,1,f,,Single listing
362604696,1,f,,Single listing
362618696,1,f,,Single listing
362724461,1,t,,Single listing
362773759,1,f,,Single listing
362806068,1,f,,Single listing
362892713,1,f,,Single listing
362921879,1,f,,Single listing
363132148,2,f,,2-4 listings
363291670,1,f,,Single listing
363404333,1,f,,Single listing
363500630,1,f,,Single listing
363579214,1,t,,Single listing
363614279,6,t,,5-19 listings
363643766,1,f,,Single listing
363766805,1,f,,Single listing
363925840,1,t,,Single listing
363928148,1,t,,Single listing
363956084,1,f,,Single listing
364168241,1,t,,Single listing
364169616,1,f,,Single listing
364172574,1,f,,Single listing
364324225,8,f,,5-19 listings
364541464,1,t,,Single listing
364547699,2,t,,2-4 listings
364557538,2,f,,2-4 listings
364591047,1,f,,Single listing
364612787,1,f,,Single listing
364650677,1,f,,Single listing
365441420,1,f,,Single listing
365450970,2,f,,2-4 listings
365463158,4,f,,2-4 listings
365475813,1,f,,Single listing
365580325,1,t,,Single listing
365630574,1,t,,Single listing
366054658,1,f,,Single listing
366229211,1,f,,Single listing
366251616,1,f,,Single listing
366256632,1,t,,Single listing
366338462,2,f,,2-4 listings
366433403,1,f,,Single listing
366501554,1,f,,Single listing
366535921,1,f,,Single listing
366541495,1,f,,Single listing
366689738,4,f,,2-4 listings
366694158,2,t,,2-4 listings
366804282,2,t,,2-4 listings
366865270,1,f,,Single listing
366913561,1,f,,Single listing
367020976,1,f,,Single listing
367035070,1,f,,Single listing
367111818,1,f,,Single listing
367167343,7,f,,5-19 listings
367331303,1,f,,Single listing
367392560,1,f,,Single listing
367465418,5,f,,5-19 listings
367534126,1,f,,Single listing
367629263,1,f,,Single listing
367680781,1,f,,Single listing
367695652,1,f,,Single listing
367751249,1,f,,Single listing
367753208,1,f,,Single listing
367772409,2,t,,2-4 listings
367790423,3,f,,2-4 listings
368093224,2,f,,2-4 listings
368107497,1,f,,Single listing
368132971,1,f,,Single listing
368352633,1,f,,Single listing
368365886,2,f,,2-4 listings
368408866,1,t,,Single listing
368431309,1,f,,Single listing
368826697,1,f,,Single listing
369488633,1,t,,Single listing
369490522,1,f,,Single listing
369620037,1,f,,Single listing
369636918,17,f,,5-19 listings
369641717,1,t,,Single listing
369648182,2,f,,2-4 listings
369840529,1,t,,Single listing
369946010,4,f,,2-4 listings
370577142,2,f,,2-4 listings
370688527,2,f,,2-4 listings
370692030,1,f,,Single listing
370832743,1,f,,Single listing
370852789,1,f,,Single listing
370910284,1,f,,Single listing
370978678,6,t,,5-19 listings
371066709,3,f,,2-4 listings
371130122,1,f,,Single listing
371172010,1,f,,Single listing
371360770,1,f,,Single listing
371418858,1,f,,Single listing
371605160,3,f,,2-4 listings
371674742,1,t,,Single listing
371765888,2,f,,2-4 listings
372013059,3,t,,2-4 listings
372037214,1,t,,Single listing
372127183,1,f,,Single listing
372159003,1,f,,Single listing
372190146,1,f,,Single listing
372239572,1,f,,Single listing
372248107,1,f,,Single listing
372296641,1,f,,Single listing
372370379,2,t,,2-4 listings
372374711,1,t,,Single listing
372495590,1,f,,Single listing
372543261,1,f,,Single listing
372558357,1,f,,Single listing
372612678,1,f,,Single listing
372645900,1,f,,Single listing
372674477,1,t,,Single listing
372748101,2,f,,2-4 listings
372752866,1,f,,Single listing
372765527,1,f,,Single listing
372872228,1,t,,Single listing
372873259,4,f,,2-4 listings
373054663,1,f,,Single listing
373169973,1,t,,Single listing
373257671,1,f,,Single listing
373368325,1,f,,Single listing
373393994,1,f,,Single listing
373460555,1,f,,Single listing
373569876,2,t,,2-4 listings
373598278,1,f,,Single listing
373771721,1,f,,Single listing
373849027,2,f,,2-4 listings
373960830,2,f,,2-4 listings
374047103,2,t,,2-4 listings
374067248,2,f,,2-4 listings
374126035,1,f,,Single listing
374136623,1,t,,Single listing
374163833,2,f,,2-4 listings
374390624,5,f,,5-19 listings
374406746,1,t,,Single listing
374410104,1,f,,Single listing
374414830,1,f,,Single listing
374507302,6,f,,5-19 listings
374730118,1,t,,Single listing
374772950,1,f,,Single listing
374865136,1,f,,Single listing
375093908,1,f,,Single listing
375100338,3,f,,2-4 listings
375107679,1,f,,Single listing
375180870,1,f,,Single listing
375387476,1,f,,Single listing
375409561,1,f,,Single listing
375610703,1,f,,Single listing
375712591,1,f,,Single listing
375731187,1,f,,Single listing
375751233,2,f,,2-4 listings
375751485,1,f,,Single listing
375941245,1,f,,Single listing
375961146,1,f,,Single listing
375961311,5,f,,5-19 listings
375962271,1,f,,Single listing
375964512,1,t,,Single listing
375988773,2,f,,2-4 listings
375994762,1,f,,Single listing
376085514,1,t,,Single listing
376163056,1,f,,Single listing
376255902,1,f,,Single listing
376360899,1,f,,Single listing
376390120,1,f,,Single listing
376402132,1,f,,Single listing
376403564,1,f,,Single listing
376500635,1,f,,Single listing
376503866,1,f,,Single listing
376576509,4,f,,2-4 listings
376586974,1,t,,Single listing
376595846,1,t,,Single listing
376680411,2,f,,2-4 listings
376690759,1,f,,Single listing
376707695,1,f,,Single listing
376711351,1,f,,Single listing
376717377,1,f,,Single listing
376719619,5,f,,5-19 listings
376720357,2,f,,2-4 listings
376763291,2,t,,2-4 listings
376848504,1,f,,Single listing
376954189,4,t,,2-4 listings
376989451,1,f,,Single listing
377008148,1,f,,Single listing
377191785,1,t,,Single listing
377195490,1,f,,Single listing
377307576,4,f,,2-4 listings
377424591,1,f,,Single listing
377657044,1,t,,Single listing
377657231,1,f,,Single listing
377676696,1,f,,Single listing
377738548,1,t,,Single listing
377876663,1,f,,Single listing
377902417,5,f,,5-19 listings
377915973,1,f,,Single listing
377937953,2,f,,2-4 listings
378251697,1,f,,Single listing
378313460,1,f,,Single listing
378318559,1,f,,Single listing
378433413,1,f,,Single listing
378482022,3,f,,2-4 listings
378487771,1,t,,Single listing
378562059,2,f,,2-4 listings
378568311,1,f,,Single listing
378630096,1,f,,Single listing
378722962,2,t,,2-4 listings
378755981,1,f,,Single listing
378782226,6,f,,5-19 listings
379188455,5,t,,5-19 listings
379221349,1,f,,Single listing
379224035,3,f,,2-4 listings
379251072,2,t,,2-4 listings
379268025,1,f,,Single listing
379676847,2,t,,2-4 listings
379825188,3,f,,2-4 listings
379903469,2,f,,2-4 listings
380071344,1,f,,Single listing
380261237,2,t,,2-4 listings
380334795,1,f,,Single listing
380394977,9,t,,5-19 listings
380526360,1,f,,Single listing
380667724,1,f,,Single listing
380772611,1,f,,Single listing
380795545,5,t,,5-19 listings
380948069,3,f,,2-4 listings
381006751,1,t,,Single listing
381141354,4,f,,2-4 listings
381143524,1,f,,Single listing
381163526,4,f,,2-4 listings
381177339,1,f,,Single listing
381179535,1,t,,Single listing
381210499,1,f,,Single listing
381457262,1,t,,Single listing
381538764,1,f,,Single listing
381668743,1,t,,Single listing
381770151,1,t,,Single listing
381771947,1,f,,Single listing
381776137,1,f,,Single listing
382103071,1,f,,Single listing
382108398,2,t,,2-4 listings
382265987,1,t,,Single listing
382422599,1,f,,Single listing
382517693,1,f,,Single listing
382640306,2,f,,2-4 listings
382736722,1,t,,Single listing
382758726,1,f,,Single listing
383106513,1,f,,Single listing
383136878,1,f,,Single listing
383326893,1,f,,Single listing
383426943,54,t,,20+ listings
383584288,2,t,,2-4 listings
383585445,1,t,,Single listing
383701876,1,f,,Single listing
383769769,1,f,,Single listing
383959167,1,f,,Single listing
384031481,1,f,,Single listing
384032898,1,f,,Single listing
384074373,1,f,,Single listing
384097265,1,t,,Single listing
384108840,1,f,,Single listing
384167585,3,t,,2-4 listings
384216879,1,f,,Single listing
384229795,1,f,,Single listing
384481610,2,f,,2-4 listings
384551747,1,f,,Single listing
384898754,1,f,,Single listing
384918335,1,f,,Single listing
385000956,1,f,,Single listing
385136274,1,f,,Single listing
385204843,11,t,,5-19 listings
385216041,2,t,,2-4 listings
385221356,1,f,,Single listing
385330062,1,f,,Single listing
385471225,1,f,,Single listing
385565036,1,t,,Single listing
385612974,10,f,,5-19 listings
385658843,1,f,,Single listing
385942614,1,f,,Single listing
386123786,1,f,,Single listing
386204621,1,f,,Single listing
386443651,1,f,,Single listing
386444854,16,t,,5-19 listings
386573374,1,f,,Single listing
386576688,1,t,,Single listing
386598957,1,f,,Single listing
386690765,2,f,,2-4 listings
386718381,1,f,,Single listing
386862322,1,f,,Single listing
386974565,2,t,,2-4 listings
387036817,1,f,,Single listing
387089595,1,f,,Single listing
387113023,1,f,,Single listing
387377126,1,f,,Single listing
387466558,1,t,,Single listing
387581899,1,f,,Single listing
387737773,1,f,,Single listing
387745780,2,t,,2-4 listings
387859372,1,f,,Single listing
387867932,1,f,,Single listing
387944646,1,f,,Single listing
387981700,1,f,,Single listing
388002572,1,f,,Single listing
388132210,1,f,,Single listing
388145864,1,f,,Single listing
388247437,1,f,,Single listing
388259598,1,f,,Single listing
388644941,5,f,,5-19 listings
388663782,2,t,,2-4 listings
388976645,1,f,,Single listing
388983860,2,t,,2-4 listings
389332076,1,f,,Single listing
389479024,1,f,,Single listing
389485308,1,t,,Single listing
389602663,1,f,,Single listing
389609108,1,f,,Single listing
389800454,1,t,,Single listing
389902371,1,f,,Single listing
389952409,1,t,,Single listing
390317497,2,f,,2-4 listings
390533775,2,f,,2-4 listings
390610216,1,f,,Single listing
390625848,2,f,,2-4 listings
390767813,1,f,,Single listing
390921815,1,t,,Single listing
391080340,1,f,,Single listing
391088607,2,t,,2-4 listings
391206682,2,t,,2-4 listings
391681429,1,f,,Single listing
391776378,1,f,,Single listing
391799225,1,f,,Single listing
391912972,1,t,,Single listing
391939576,1,t,,Single listing
392255050,1,f,,Single listing
392305074,4,f,,2-4 listings
392335712,2,t,,2-4 listings
392342047,1,f,,Single listing
392359902,7,t,,5-19 listings
392390797,1,f,,Single listing
392784704,2,t,,2-4 listings
392942587,1,f,,Single listing
393085476,1,f,,Single listing
393091058,1,f,,Single listing
393091636,2,t,,2-4 listings
393247965,2,f,,2-4 listings
393285908,4,t,,2-4 listings
393360558,1,f,,Single listing
393569202,1,f,,Single listing
393644084,1,f,,Single listing
393794205,1,t,,Single listing
393859216,1,f,,Single listing
393940953,1,f,,Single listing
393948621,2,t,,2-4 listings
393972157,1,f,,Single listing
393987017,1,f,,Single listing
394103065,12,f,,5-19 listings
394121326,1,f,,Single listing
394128980,1,f,,Single listing
394394063,2,t,,2-4 listings
394482330,3,t,,2-4 listings
394521456,1,f,,Single listing
394620249,5,f,,5-19 listings
394630624,10,f,,5-19 listings
394638927,2,f,,2-4 listings
394654629,1,f,,Single listing
394817170,1,f,,Single listing
394847731,1,f,,Single listing
394863283,3,t,,2-4 listings
394933061,1,f,,Single listing
394934951,1,t,,Single listing
394951713,1,f,,Single listing
394960790,3,t,,2-4 listings
395071637,1,f,,Single listing
395448712,1,f,,Single listing
395496430,1,f,,Single listing
395500795,1,f,,Single listing
395571273,2,t,,2-4 listings
395571738,1,f,,Single listing
395587595,23,f,,20+ listings
395734591,1,t,,Single listing
395741876,2,f,,2-4 listings
395908300,5,f,,5-19 listings
395928126,1,f,,Single listing
396041414,1,f,,Single listing
396090147,1,f,,Single listing
396092063,1,f,,Single listing
396185711,1,t,,Single listing
396289198,1,f,,Single listing
396331491,1,t,,Single listing
396586555,1,f,,Single listing
396623388,4,f,,2-4 listings
396755133,1,f,,Single listing
396807584,1,t,,Single listing
396899533,1,f,,Single listing
397084405,1,f,,Single listing
397111440,1,f,,Single listing
397476582,1,t,,Single listing
397637005,1,f,,Single listing
397783015,1,f,,Single listing
397805102,2,t,,2-4 listings
397813544,3,t,,2-4 listings
398047922,1,f,,Single listing
398158836,1,t,,Single listing
398255067,1,t,,Single listing
398413008,1,f,,Single listing
398841800,2,t,,2-4 listings
398862390,1,f,,Single listing
399085675,1,f,,Single listing
399183481,1,t,,Single listing
399218461,1,f,,Single listing
399623935,1,f,,Single listing
399678352,1,f,,Single listing
399919368,2,f,,2-4 listings
399930010,2,t,,2-4 listings
399996177,2,f,,2-4 listings
400120728,1,f,,Single listing
400124771,9,f,,5-19 listings
400158829,1,f,,Single listing
400257637,1,f,,Single listing
400678555,4,f,,2-4 listings
400679603,1,f,,Single listing
400748929,1,t,,Single listing
400854873,1,f,,Single listing
400913071,1,f,,Single listing
400929836,1,f,,Single listing
400931517,1,f,,Single listing
401022254,1,f,,Single listing
401080995,5,t,,5-19 listings
401165233,1,t,,Single listing
401204367,1,f,,Single listing
401661893,1,f,,Single listing
401699236,1,f,,Single listing
402009049,1,f,,Single listing
402219436,2,f,,2-4 listings
402537658,1,f,,Single listing
402670240,3,t,,2-4 listings
402712040,3,f,,2-4 listings
402833925,1,f,,Single listing
403074420,1,f,,Single listing
403076155,2,f,,2-4 listings
403087770,1,f,,Single listing
403213415,9,f,,5-19 listings
403512509,1,t,,Single listing
403597891,1,f,,Single listing
403789768,2,f,,2-4 listings
403955389,2,f,,2-4 listings
404125458,1,f,,Single listing
404162146,1,t,,Single listing
404514534,1,f,,Single listing
404674178,2,f,,2-4 listings
404910937,1,f,,Single listing
405004463,1,t,,Single listing
405017074,1,f,,Single listing
405070985,1,t,,Single listing
405118994,1,f,,Single listing
405176581,2,t,,2-4 listings
405184807,1,f,,Single listing
405212400,1,f,,Single listing
405363355,1,f,,Single listing
405420425,1,f,,Single listing
405431936,10,f,,5-19 listings
405552109,1,f,,Single listing
405713255,1,t,,Single listing
405719830,1,f,,Single listing
405795543,2,t,,2-4 listings
405823479,1,f,,Single listing
406001684,1,f,,Single listing
406145878,3,t,,2-4 listings
406163808,1,t,,Single listing
406379407,3,f,,2-4 listings
406389020,3,f,,2-4 listings
406407711,1,f,,Single listing
406500530,2,f,,2-4 listings
406509755,1,f,,Single listing
406831575,1,f,,Single listing
406855328,1,t,,Single listing
407020545,2,t,,2-4 listings
407024243,1,t,,Single listing
407039097,4,f,,2-4 listings
407203963,1,f,,Single listing
407240484,1,t,,Single listing
407253256,1,f,,Single listing
407258309,2,t,,2-4 listings
407629660,1,f,,Single listing
407654369,1,f,,Single listing
407776325,1,f,,Single listing
407780754,1,f,,Single listing
408269041,1,f,,Single listing
408271362,1,t,,Single listing
408325437,1,t,,Single listing
408405828,1,f,,Single listing
408479855,1,t,,Single listing
408522428,2,f,,2-4 listings
408695175,2,f,,2-4 listings
408765642,1,t,,Single listing
408793326,1,f,,Single listing
409045339,1,f,,Single listing
409054164,1,f,,Single listing
409071055,1,f,,Single listing
409389681,1,f,,Single listing
409616901,2,t,,2-4 listings
409914758,5,t,,5-19 listings
410112811,1,f,,Single listing
410318280,1,f,,Single listing
410766554,1,f,,Single listing
410864582,2,f,,2-4 listings
410999370,1,f,,Single listing
411321454,1,f,,Single listing
411668452,1,t,,Single listing
411837344,3,f,,2-4 listings
412391931,1,f,,Single listing
412412179,1,f,,Single listing
412698752,1,f,,Single listing
412737011,1,f,,Single listing
412742013,1,f,,Single listing
413096445,1,f,,Single listing
413133697,1,f,,Single listing
413642089,1,t,,Single listing
413649463,1,f,,Single listing
414210729,1,f,,Single listing
414267592,1,f,,Single listing
414303207,1,t,,Single listing
414578592,1,f,,Single listing
414679302,2,f,,2-4 listings
414685754,2,f,,2-4 listings
414871615,1,t,,Single listing
415022518,1,t,,Single listing
415211916,5,f,,5-19 listings
415217178,1,f,,Single listing
415264786,2,f,,2-4 listings
415286616,1,f,,Single listing
415421563,1,t,,Single listing
415429613,2,f,,2-4 listings
415482360,1,f,,Single listing
416175837,1,t,,Single listing
416202570,1,f,,Single listing
416223340,1,t,,Single listing
416318288,1,t,,Single listing
416440551,1,f,,Single listing
416521171,4,f,,2-4 listings
416600630,4,t,,2-4 listings
416630209,2,f,,2-4 listings
416817863,3,t,,2-4 listings
417011670,1,f,,Single listing
417270763,4,f,,2-4 listings
417451007,1,f,,Single listing
417485943,1,f,,Single listing
417600355,2,t,,2-4 listings
417756107,2,f,,2-4 listings
417785145,5,f,,5-19 listings
417874680,1,t,,Single listing
418321286,2,t,,2-4 listings
418559864,20,f,,20+ listings
418740989,2,t,,2-4 listings
418754625,1,f,,Single listing
418823193,3,f,,2-4 listings
418851185,1,f,,Single listing
418924570,1,f,,Single listing
418991266,3,f,,2-4 listings
418996137,1,f,,Single listing
419349112,1,f,,Single listing
419599762,1,f,,Single listing
419646592,1,f,,Single listing
419732335,1,f,,Single listing
419915765,2,t,,2-4 listings
419948599,1,f,,Single listing
419974623,1,t,,Single listing
420038024,1,t,,Single listing
420117595,1,f,,Single listing
420203944,1,f,,Single listing
420360576,1,f,,Single listing
420400656,1,f,,Single listing
420492430,1,f,,Single listing
420656421,1,f,,Single listing
420772513,1,f,,Single listing
420782625,1,f,,Single listing
420827878,1,f,,Single listing
421004237,5,f,,5-19 listings
421114933,1,f,,Single listing
421133514,1,f,,Single listing
421262194,2,f,,2-4 listings
421327385,1,f,,Single listing
421361605,1,f,,Single listing
421608953,1,f,,Single listing
421666649,1,f,,Single listing
421690957,2,t,,2-4 listings
421816961,1,t,,Single listing
422007893,1,f,,Single listing
422127049,1,f,,Single listing
422334525,1,f,,Single listing
422527457,1,f,,Single listing
422562327,1,t,,Single listing
422827133,15,f,,5-19 listings
422877175,2,f,,2-4 listings
422942780,1,f,,Single listing
423120767,1,f,,Single listing
423184637,1,f,,Single listing
423237689,1,f,,Single listing
423308057,28,f,,20+ listings
423379491,1,f,,Single listing
423585643,6,f,,5-19 listings
423631263,1,f,,Single listing
423667194,1,t,,Single listing
423810557,1,f,,Single listing
423830987,1,f,,Single listing
423881205,1,f,,Single listing
423954703,3,f,,2-4 listings
424097081,1,t,,Single listing
424133171,1,f,,Single listing
424156939,2,f,,2-4 listings
424254910,1,t,,Single listing
424311316,3,f,,2-4 listings
424359946,1,f,,Single listing
424396762,5,f,,5-19 listings
424720572,2,f,,2-4 listings
424790666,1,t,,Single listing
424888199,1,f,,Single listing
424956846,2,f,,2-4 listings
424963541,1,f,,Single listing
425016420,1,f,,Single listing
425048477,4,f,,2-4 listings
425143587,1,f,,Single listing
425193973,3,f,,2-4 listings
425290322,2,t,,2-4 listings
425438935,1,f,,Single listing
425929275,1,f,,Single listing
426006989,1,f,,Single listing
426158600,1,f,,Single listing
426292999,2,f,,2-4 listings
426297810,1,f,,Single listing
426301309,1,f,,Single listing
426334836,1,f,,Single listing
426857614,1,f,,Single listing
427079278,1,t,,Single listing
427264366,1,f,,Single listing
427312228,10,t,,5-19 listings
427348501,1,f,,Single listing
427471294,1,t,,Single listing
427545161,2,t,,2-4 listings
427602430,1,f,,Single listing
427628122,1,f,,Single listing
427765306,2,f,,2-4 listings
427812266,1,f,,Single listing
428088149,3,f,,2-4 listings
428102491,1,f,,Single listing
428129781,1,f,,Single listing
428193215,1,f,,Single listing
428196337,1,f,,Single listing
428218646,1,f,,Single listing
428234459,1,f,,Single listing
428287766,3,f,,2-4 listings
428332078,2,f,,2-4 listings
428334719,1,f,,Single listing
428416041,1,f,,Single listing
428440588,1,f,,Single listing
428484146,1,t,,Single listing
428523989,1,f,,Single listing
428531170,3,f,,2-4 listings
428622662,1,f,,Single listing
428648824,1,f,,Single listing
428743522,5,f,,5-19 listings
428779941,18,f,,5-19 listings
428944608,1,f,,Single listing
429038574,1,f,,Single listing
429141268,1,f,,Single listing
429146010,2,t,,2-4 listings
429153144,1,t,,Single listing
429223436,1,t,,Single listing
429243992,1,t,,Single listing
429343344,1,f,,Single listing
429359972,1,f,,Single listing
429420376,1,f,,Single listing
429481155,1,f,,Single listing
429484047,1,f,,Single listing
429490375,1,f,,Single listing
429494656,7,f,,5-19 listings
429666093,4,t,,2-4 listings
429669225,1,f,,Single listing
429768417,1,t,,Single listing
429804354,1,t,,Single listing
429908940,2,t,,2-4 listings
429924436,1,f,,Single listing
430017321,3,f,,2-4 listings
430034577,3,f,,2-4 listings
430092329,1,f,,Single listing
430207301,2,t,,2-4 listings
430322154,1,f,,Single listing
430335557,1,f,,Single listing
430483660,2,t,,2-4 listings
430486776,1,f,,Single listing
430510926,1,f,,Single listing
430545889,3,f,,2-4 listings
430603911,2,t,,2-4 listings
430745099,3,f,,2-4 listings
430753004,1,f,,Single listing
430772825,2,f,,2-4 listings
430827749,1,f,,Single listing
430901976,1,f,,Single listing
430944166,8,f,,5-19 listings
430963814,1,f,,Single listing
431071879,1,f,,Single listing
431079090,1,f,,Single listing
431096997,2,f,,2-4 listings
431110860,1,f,,Single listing
431261910,1,f,,Single listing
431399505,1,f,,Single listing
431536843,1,f,,Single listing
431551071,2,f,,2-4 listings
431785776,1,f,,Single listing
431813888,1,f,,Single listing
431849967,1,f,,Single listing
431982263,1,f,,Single listing
432096737,1,f,,Single listing
432117951,1,f,,Single listing
432129911,1,f,,Single listing
432294201,1,f,,Single listing
432300867,1,f,,Single listing
432322617,6,t,,5-19 listings
432359073,1,f,,Single listing
432437708,1,f,,Single listing
432447775,1,f,,Single listing
432457154,1,f,,Single listing
432496678,1,t,,Single listing
432576780,1,f,,Single listing
432581346,1,f,,Single listing
432585929,1,f,,Single listing
432587297,1,t,,Single listing
432588210,1,f,,Single listing
432692320,1,f,,Single listing
432735498,2,f,,2-4 listings
432825748,1,f,,Single listing
432833507,1,f,,Single listing
432837691,2,t,,2-4 listings
432866481,1,t,,Single listing
432867955,3,t,,2-4 listings
432915588,1,t,,Single listing
433098823,3,t,,2-4 listings
433121933,1,f,,Single listing
433241208,1,f,,Single listing
433262417,1,f,,Single listing
433290178,1,f,,Single listing
433419461,1,f,,Single listing
433438822,1,f,,Single listing
433537123,1,t,,Single listing
433643096,1,f,,Single listing
433651495,1,f,,Single listing
433668507,1,f,,Single listing
433695196,1,f,,Single listing
433714862,1,t,,Single listing
433890535,4,f,,2-4 listings
433925379,1,f,,Single listing
434058709,1,f,,Single listing
434082548,1,f,,Single listing
434128197,1,f,,Single listing
434211088,1,f,,Single listing
434223779,1,f,,Single listing
434321783,1,f,,Single listing
434334183,3,f,,2-4 listings
434365322,1,f,,Single listing
434369054,6,f,,5-19 listings
434372168,1,f,,Single listing
434479449,1,f,,Single listing
434482773,1,f,,Single listing
434488216,1,f,,Single listing
434612395,2,t,,2-4 listings
434634898,1,f,,Single listing
434777097,1,f,,Single listing
434905142,1,f,,Single listing
435085647,1,f,,Single listing
435188267,1,f,,Single listing
435194492,1,t,,Single listing
435285370,1,f,,Single listing
435304707,1,f,,Single listing
435316191,1,f,,Single listing
435444432,3,f,,2-4 listings
435499746,1,f,,Single listing
435608788,3,t,,2-4 listings
435680166,2,t,,2-4 listings
435696860,1,f,,Single listing
435711425,1,f,,Single listing
435718504,4,f,,2-4 listings
435800820,1,f,,Single listing
435816395,1,f,,Single listing
435995666,6,f,,5-19 listings
436097948,1,f,,Single listing
436098021,2,t,,2-4 listings
436102877,3,t,,2-4 listings
436158653,1,f,,Single listing
436168982,1,f,,Single listing
436265678,1,f,,Single listing
436275896,2,f,,2-4 listings
436369256,1,f,,Single listing
436409454,1,f,,Single listing
436719512,6,f,,5-19 listings
436738561,1,f,,Single listing
436883836,8,f,,5-19 listings
436913132,6,f,,5-19 listings
437128179,1,f,,Single listing
437148909,1,f,,Single listing
437614758,2,f,,2-4 listings
437777899,1,t,,Single listing
437836003,215,f,,20+ listings
437953647,1,f,,Single listing
437973841,1,f,,Single listing
438007374,5,f,,5-19 listings
438124949,1,f,,Single listing
438277044,1,f,,Single listing
438309327,2,f,,2-4 listings
438383027,1,f,,Single listing
438400703,1,f,,Single listing
438521630,1,t,,Single listing
438704154,1,f,,Single listing
438705027,1,f,,Single listing
438753264,1,f,,Single listing
438857618,4,t,,2-4 listings
438873507,3,f,,2-4 listings
439184941,1,f,,Single listing
439357265,1,f,,Single listing
439366958,1,t,,Single listing
439796106,1,f,,Single listing
439958861,1,f,,Single listing
439986841,1,f,,Single listing
439989905,1,f,,Single listing
439998420,1,f,,Single listing
440001532,4,f,,2-4 listings
440015561,2,t,,2-4 listings
440117411,2,t,,2-4 listings
440134251,1,f,,Single listing
440140784,1,t,,Single listing
440170198,1,t,,Single listing
440171926,1,f,,Single listing
440239922,2,f,,2-4 listings
440277466,4,f,,2-4 listings
440309742,1,f,,Single listing
440339415,1,f,,Single listing
440400248,5,f,,5-19 listings
440410621,1,f,,Single listing
440428781,1,f,,Single listing
440806100,1,f,,Single listing
440814028,6,f,,5-19 listings
440849974,2,t,,2-4 listings
440918042,1,f,,Single listing
441420378,1,f,,Single listing
441442175,1,f,,Single listing
441703193,2,f,,2-4 listings
441715730,1,t,,Single listing
441906988,2,t,,2-4 listings
441926929,1,t,,Single listing
442172606,2,f,,2-4 listings
442174307,2,t,,2-4 listings
442175718,2,f,,2-4 listings
442231635,1,f,,Single listing
442335879,3,f,,2-4 listings
442359907,3,f,,2-4 listings
442371577,5,t,,5-19 listings
442468496,1,f,,Single listing
442657176,5,f,,5-19 listings
442784941,5,t,,5-19 listings
442905678,13,f,,5-19 listings
442914899,1,f,,Single listing
442914918,1,f,,Single listing
443048506,1,f,,Single listing
443060946,6,f,,5-19 listings
443197031,2,t,,2-4 listings
443246188,1,f,,Single listing
443402478,1,t,,Single listing
443499657,1,t,,Single listing
443663778,1,t,,Single listing
443666298,2,t,,2-4 listings
443961857,2,f,,2-4 listings
443968898,7,f,,5-19 listings
444001079,1,f,,Single listing
444007844,1,f,,Single listing
444012523,1,t,,Single listing
444112266,4,t,,2-4 listings
444115892,1,f,,Single listing
444352024,1,f,,Single listing
444475834,1,f,,Single listing
444569170,1,t,,Single listing
444583001,1,f,,Single listing
444704673,1,f,,Single listing
444846488,1,f,,Single listing
445029322,1,f,,Single listing
445070276,1,f,,Single listing
445149142,2,t,,2-4 listings
445153162,2,f,,2-4 listings
445159009,1,t,,Single listing
445207399,1,t,,Single listing
445299406,3,f,,2-4 listings
445313558,1,t,,Single listing
445315133,1,f,,Single listing
445348085,2,f,,2-4 listings
445368210,1,f,,Single listing
445379423,3,f,,2-4 listings
445633428,1,f,,Single listing
445649321,35,f,,20+ listings
445808940,4,t,,2-4 listings
445816858,1,f,,Single listing
445920789,2,t,,2-4 listings
445935405,1,f,,Single listing
446106830,2,f,,2-4 listings
446283182,1,f,,Single listing
446286768,1,t,,Single listing
446294307,1,t,,Single listing
446310857,1,f,,Single listing
446442655,1,t,,Single listing
446749700,3,f,,2-4 listings
447031882,1,f,,Single listing
447082044,1,f,,Single listing
447097249,1,f,,Single listing
447193537,3,f,,2-4 listings
447277982,1,t,,Single listing
447507612,3,f,,2-4 listings
447519760,1,t,,Single listing
447522634,5,t,,5-19 listings
447685727,1,f,,Single listing
447709348,1,t,,Single listing
447764148,1,f,,Single listing
447818550,5,f,,5-19 listings
447827157,1,f,,Single listing
447911639,1,f,,Single listing
447997475,1,t,,Single listing
448357820,1,f,,Single listing
448421515,1,f,,Single listing
448432789,1,f,,Single listing
448467060,1,f,,Single listing
448556750,2,f,,2-4 listings
448582545,6,t,,5-19 listings
448729828,1,f,,Single listing
448863803,3,f,,2-4 listings
448993108,1,t,,Single listing
449028831,5,f,,5-19 listings
449048067,4,f,,2-4 listings
449162254,1,f,,Single listing
449337360,3,f,,2-4 listings
449488095,2,f,,2-4 listings
449666675,5,f,,5-19 listings
449678294,1,f,,Single listing
449685936,1,f,,Single listing
449691381,1,t,,Single listing
449692908,1,t,,Single listing
449732617,1,f,,Single listing
449803790,4,f,,2-4 listings
449840253,1,f,,Single listing
450131225,1,f,,Single listing
450190247,1,t,,Single listing
450240949,2,t,,2-4 listings
450308958,1,f,,Single listing
450560074,2,f,,2-4 listings
450594717,1,f,,Single listing
450644948,1,f,,Single listing
450775519,1,f,,Single listing
450879148,1,f,,Single listing
450903493,1,f,,Single listing
450927445,1,f,,Single listing
450960677,1,f,,Single listing
451051078,1,f,,Single listing
451057066,1,f,,Single listing
451181168,3,f,,2-4 listings
451190370,1,f,,Single listing
451212193,1,t,,Single listing
451311267,1,f,,Single listing
451467495,2,t,,2-4 listings
451595953,1,f,,Single listing
451616182,4,f,,2-4 listings
451637645,2,t,,2-4 listings
451936755,1,f,,Single listing
452068765,5,f,,5-19 listings
452181517,1,f,,Single listing
452243783,1,f,,Single listing
452281580,1,t,,Single listing
452379556,1,f,,Single listing
452634163,1,f,,Single listing
452721424,1,f,,Single listing
452857139,1,f,,Single listing
452871766,1,f,,Single listing
453024789,2,t,,2-4 listings
453477040,1,f,,Single listing
453737039,1,f,,Single listing
453737788,1,f,,Single listing
453790946,1,t,,Single listing
453806212,1,f,,Single listing
453902110,1,f,,Single listing
453916973,1,f,,Single listing
454086069,1,f,,Single listing
454088949,5,f,,5-19 listings
454106485,1,f,,Single listing
454230966,1,f,,Single listing
454392913,1,f,,Single listing
454395214,2,f,,2-4 listings
454501211,7,f,,5-19 listings
454514945,1,f,,Single listing
454600735,1,t,,Single listing
454894263,1,t,,Single listing
455155474,1,t,,Single listing
455471300,1,f,,Single listing
455650297,1,t,,Single listing
455803770,4,f,,2-4 listings
455884422,1,t,,Single listing
455941925,1,f,,Single listing
455948406,1,f,,Single listing
456124805,3,f,,2-4 listings
456180286,1,f,,Single listing
456449892,1,f,,Single listing
456460054,1,f,,Single listing
456669027,1,f,,Single listing
456686173,1,t,,Single listing
456695093,1,f,,Single listing
456885366,1,f,,Single listing
456948698,1,f,,Single listing
457126598,1,t,,Single listing
457218569,1,f,,Single listing
457260356,2,t,,2-4 listings
457261907,1,t,,Single listing
457556643,1,f,,Single listing
457579662,1,f,,Single listing
457594690,3,f,,2-4 listings
457729257,1,t,,Single listing
458155747,1,t,,Single listing
458174590,1,f,,Single listing
458238896,8,f,,5-19 listings
458351562,1,f,,Single listing
458373396,1,f,,Single listing
458384535,1,f,,Single listing
458537074,1,f,,Single listing
458562461,1,f,,Single listing
458568575,1,f,,Single listing
458644592,5,f,,5-19 listings
458866469,3,f,,2-4 listings
458882720,1,f,,Single listing
459003173,1,f,,Single listing
459037106,2,f,,2-4 listings
459172709,1,f,,Single listing
459226244,1,f,,Single listing
459339998,1,f,,Single listing
459365662,4,f,,2-4 listings
459420224,1,f,,Single listing
459555767,2,t,,2-4 listings
459654569,1,f,,Single listing
459881372,5,f,,5-19 listings
459911086,2,t,,2-4 listings
460197476,1,t,,Single listing
460488658,1,f,,Single listing
460564808,1,f,,Single listing
460842483,1,f,,Single listing
461037263,1,f,,Single listing
461177701,2,f,,2-4 listings
461385300,1,t,,Single listing
461520992,1,f,,Single listing
461542544,1,f,,Single listing
461636696,1,t,,Single listing
461698793,10,f,,5-19 listings
461707989,1,t,,Single listing
461711781,1,f,,Single listing
461742522,8,f,,5-19 listings
461817327,1,f,,Single listing
461851192,3,f,,2-4 listings
461852807,2,f,,2-4 listings
462157380,1,f,,Single listing
462166970,1,f,,Single listing
462174289,8,f,,5-19 listings
462232450,1,f,,Single listing
462315884,1,t,,Single listing
462486352,1,f,,Single listing
462523075,1,t,,Single listing
462833156,1,t,,Single listing
462913731,3,f,,2-4 listings
462996584,1,f,,Single listing
463416314,4,f,,2-4 listings
463591485,1,f,,Single listing
463660029,5,t,,5-19 listings
463684597,16,f,,5-19 listings
463889934,1,f,,Single listing
463957309,1,f,,Single listing
463990714,3,f,,2-4 listings
464004682,10,f,,5-19 listings
464076189,2,t,,2-4 listings
464177550,4,f,,2-4 listings
464185485,1,f,,Single listing
464473536,1,f,,Single listing
464521098,7,f,,5-19 listings
464698458,1,f,,Single listing
464964977,1,f,,Single listing
465013932,1,f,,Single listing
465073095,1,f,,Single listing
465134111,1,f,,Single listing
465168524,2,f,,2-4 listings
465313431,2,f,,2-4 listings
465402041,1,f,,Single listing
465406923,1,f,,Single listing
465587775,2,f,,2-4 listings
465671436,1,t,,Single listing
465679580,2,t,,2-4 listings
465688335,1,t,,Single listing
465845206,3,f,,2-4 listings
465845986,1,f,,Single listing
465916511,1,t,,Single listing
466059043,1,f,,Single listing
466472710,1,f,,Single listing
466559219,1,t,,Single listing
466702473,2,t,,2-4 listings
466727171,1,f,,Single listing
466915650,1,t,,Single listing
467391596,1,f,,Single listing
467622561,1,t,,Single listing
467750752,1,t,,Single listing
467759884,1,f,,Single listing
467891601,1,t,,Single listing
467938405,1,f,,Single listing
468139975,1,f,,Single listing
468269940,2,f,,2-4 listings
468282477,1,t,,Single listing
468365051,1,f,,Single listing
468563133,6,t,,5-19 listings
468642832,1,f,,Single listing
468820460,1,t,,Single listing
468820732,1,f,,Single listing
468939128,1,f,,Single listing
469243933,1,f,,Single listing
469388315,3,f,,2-4 listings
469572764,1,f,,Single listing
469764568,7,f,,5-19 listings
469859147,1,f,,Single listing
470017043,4,f,,2-4 listings
470154878,1,f,,Single listing
470221818,1,f,,Single listing
470416523,3,f,,2-4 listings
470524698,1,f,,Single listing
470555830,1,t,,Single listing
470560434,1,f,,Single listing
470583137,10,t,,5-19 listings
470726365,1,t,,Single listing
470730978,1,f,,Single listing
470889398,33,f,,20+ listings
471052734,1,f,,Single listing
471059951,1,f,,Single listing
471084112,1,f,,Single listing
471258052,1,f,,Single listing
471261716,1,f,,Single listing
471449008,1,t,,Single listing
472015434,1,f,,Single listing
472692360,1,t,,Single listing
472695616,1,f,,Single listing
472741780,1,f,,Single listing
472830208,2,t,,2-4 listings
472886309,7,t,,5-19 listings
472898490,1,t,,Single listing
472979112,1,f,,Single listing
473031466,1,f,,Single listing
473238495,1,f,,Single listing
473287898,1,f,,Single listing
473438688,1,f,,Single listing
473582408,1,f,,Single listing
473763531,2,f,,2-4 listings
473871672,2,f,,2-4 listings
473921856,1,f,,Single listing
474122515,9,t,,5-19 listings
474451530,1,t,,Single listing
474552504,1,t,,Single listing
474590755,1,t,,Single listing
474603718,1,f,,Single listing
474635877,1,f,,Single listing
474640421,1,f,,Single listing
474959457,1,f,,Single listing
475084079,4,f,,2-4 listings
475115546,1,f,,Single listing
475154678,1,f,,Single listing
475284963,1,t,,Single listing
475660274,1,f,,Single listing
475869203,1,f,,Single listing
475945783,3,f,,2-4 listings
476019793,2,f,,2-4 listings
476061082,1,f,,Single listing
476071791,1,f,,Single listing
476328587,1,f,,Single listing
476344672,1,f,,Single listing
476353582,1,f,,Single listing
476381263,1,f,,Single listing
476481620,1,f,,Single listing
476501808,1,f,,Single listing
476565172,3,t,,2-4 listings
476680933,1,f,,Single listing
476721612,3,f,,2-4 listings
477037387,1,t,,Single listing
477196423,16,f,,5-19 listings
477206923,1,t,,Single listing
477292045,1,f,,Single listing
477477901,2,t,,2-4 listings
477500283,1,f,,Single listing
477505221,1,f,,Single listing
477506993,1,f,,Single listing
477534630,1,t,,Single listing
477662330,6,f,,5-19 listings
477782406,1,t,,Single listing
477799168,3,f,,2-4 listings
477934215,1,f,,Single listing
477985470,1,f,,Single listing
478087035,7,t,,5-19 listings
478108268,2,f,,2-4 listings
478220314,1,t,,Single listing
478229987,2,f,,2-4 listings
478497885,3,t,,2-4 listings
478510351,49,f,,20+ listings
478651960,1,f,,Single listing
478664533,2,t,,2-4 listings
478668605,1,t,,Single listing
478669620,1,f,,Single listing
478906439,1,f,,Single listing
479079909,1,f,,Single listing
479173663,37,f,,20+ listings
479174293,2,f,,2-4 listings
479191326,1,f,,Single listing
479214400,1,f,,Single listing
479235848,1,t,,Single listing
479312622,10,f,,5-19 listings
479324904,1,f,,Single listing
479342864,3,t,,2-4 listings
479388880,2,f,,2-4 listings
479470935,1,f,,Single listing
479489305,1,f,,Single listing
479494220,1,f,,Single listing
479514254,1,f,,Single listing
479579078,1,f,,Single listing
479612441,1,f,,Single listing
480114744,1,f,,Single listing
480117615,1,f,,Single listing
480122805,6,f,,5-19 listings
480131606,11,f,,5-19 listings
480399214,1,t,,Single listing
480470854,1,t,,Single listing
480536530,1,f,,Single listing
480568068,1,f,,Single listing
480570177,1,f,,Single listing
480575917,1,f,,Single listing
480576955,1,f,,Single listing
480828879,1,f,,Single listing
480923190,1,f,,Single listing
480951101,3,f,,2-4 listings
480966892,1,t,,Single listing
480984672,1,f,,Single listing
481045142,1,f,,Single listing
481086421,1,f,,Single listing
481091817,3,f,,2-4 listings
481095615,2,f,,2-4 listings
481210714,1,f,,Single listing
481223010,1,t,,Single listing
481345427,2,t,,2-4 listings
481353384,1,f,,Single listing
481378100,1,f,,Single listing
481525033,1,f,,Single listing
481539952,1,f,,Single listing
481568912,1,f,,Single listing
481569172,1,t,,Single listing
481668877,1,f,,Single listing
481684362,4,f,,2-4 listings
481740330,2,f,,2-4 listings
481742399,3,f,,2-4 listings
481877439,1,f,,Single listing
481889828,1,f,,Single listing
482013563,16,f,,5-19 listings
482172445,2,f,,2-4 listings
482312699,1,f,,Single listing
482320996,1,f,,Single listing
482337108,1,f,,Single listing
482460714,4,t,,2-4 listings
482589407,1,f,,Single listing
482590237,1,f,,Single listing
482701003,1,f,,Single listing
482742274,1,f,,Single listing
483114463,2,f,,2-4 listings
483125250,1,f,,Single listing
483131964,1,f,,Single listing
483139933,1,f,,Single listing
483193869,1,f,,Single listing
483237259,1,f,,Single listing
483246746,1,f,,Single listing
483306017,1,f,,Single listing
483449485,1,f,,Single listing
483465790,1,t,,Single listing
483539729,1,f,,Single listing
483548093,1,f,,Single listing
483696045,2,f,,2-4 listings
483716160,1,f,,Single listing
483819043,1,f,,Single listing
483826136,1,f,,Single listing
483865690,2,t,,2-4 listings
483981660,2,f,,2-4 listings
483990279,1,f,,Single listing
484092531,1,t,,Single listing
484101755,1,f,,Single listing
484288513,1,t,,Single listing
484344405,1,f,,Single listing
484344455,1,f,,Single listing
484416296,1,t,,Single listing
484481196,1,f,,Single listing
484524587,1,f,,Single listing
484637621,1,f,,Single listing
484638446,4,f,,2-4 listings
484720027,1,t,,Single listing
484724740,2,t,,2-4 listings
484736815,1,f,,Single listing
484739175,1,f,,Single listing
484772102,2,t,,2-4 listings
484849632,1,f,,Single listing
484877575,5,f,,5-19 listings
484895991,5,f,,5-19 listings
484903992,1,t,,Single listing
485001688,1,f,,Single listing
485073257,1,f,,Single listing
485316488,1,f,,Single listing
485432395,1,t,,Single listing
485628901,1,f,,Single listing
485653711,3,t,,2-4 listings
485661371,1,t,,Single listing
485679303,1,t,,Single listing
485689518,11,t,,5-19 listings
485700529,1,t,,Single listing
485709072,1,f,,Single listing
485738091,1,f,,Single listing
485741297,1,f,,Single listing
485749872,1,f,,Single listing
485772301,1,f,,Single listing
485782035,1,t,,Single listing
486000526,1,f,,Single listing
486011761,1,f,,Single listing
486063960,2,t,,2-4 listings
486147515,1,f,,Single listing
486295118,2,f,,2-4 listings
486353986,1,f,,Single listing
486472270,1,f,,Single listing
486483654,1,f,,Single listing
486567683,2,f,,2-4 listings
486740997,3,t,,2-4 listings
486757843,1,f,,Single listing
486762361,1,f,,Single listing
486826810,3,t,,2-4 listings
486836589,1,f,,Single listing
487012580,25,f,,20+ listings
487013045,2,t,,2-4 listings
487015707,1,t,,Single listing
487121718,1,f,,Single listing
487135722,1,f,,Single listing
487141745,1,f,,Single listing
487289339,2,f,,2-4 listings
487521296,1,f,,Single listing
487550479,1,f,,Single listing
487641208,11,f,,5-19 listings
487781284,1,f,,Single listing
487781876,1,f,,Single listing
488061631,1,t,,Single listing
488065096,1,f,,Single listing
488303969,1,t,,Single listing
488311450,2,f,,2-4 listings
488357601,1,f,,Single listing
488413806,2,t,,2-4 listings
488415966,3,f,,2-4 listings
488440712,2,f,,2-4 listings
488442940,1,f,,Single listing
488458334,1,f,,Single listing
488559479,1,f,,Single listing
488565478,1,f,,Single listing
488598295,1,t,,Single listing
488617343,1,t,,Single listing
488733978,47,f,,20+ listings
488738771,1,f,,Single listing
488824659,1,f,,Single listing
488829805,1,f,,Single listing
488876497,1,f,,Single listing
488937759,3,f,,2-4 listings
488946574,1,f,,Single listing
488981423,1,f,,Single listing
488984936,1,t,,Single listing
488988000,1,f,,Single listing
489069520,1,f,,Single listing
489082247,1,f,,Single listing
489158716,1,f,,Single listing
489207063,2,t,,2-4 listings
489217283,1,f,,Single listing
489419203,1,f,,Single listing
489420934,1,f,,Single listing
489480549,1,f,,Single listing
489561230,1,f,,Single listing
489581952,2,t,,2-4 listings
489677093,1,f,,Single listing
489679627,1,t,,Single listing
489740638,1,f,,Single listing
489836490,1,f,,Single listing
490039179,1,f,,Single listing
490174452,2,f,,2-4 listings
490186420,1,f,,Single listing
490270267,1,f,,Single listing
490283634,1,f,,Single listing
490296977,1,f,,Single listing
490304262,1,t,,Single listing
490327458,16,f,,5-19 listings
490347570,1,f,,Single listing
490416698,1,f,,Single listing
490420367,2,f,,2-4 listings
490432290,1,f,,Single listing
490441306,1,t,,Single listing
490537888,1,f,,Single listing
490573155,1,t,,Single listing
490590495,4,f,,2-4 listings
490672447,1,f,,Single listing
490680832,2,f,,2-4 listings
490805401,1,t,,Single listing
490815082,1,f,,Single listing
490924429,2,f,,2-4 listings
490933169,1,f,,Single listing
490955484,1,f,,Single listing
491018320,1,f,,Single listing
491122157,4,t,,2-4 listings
491152919,3,f,,2-4 listings
491153990,1,f,,Single listing
491264033,2,t,,2-4 listings
491277134,1,f,,Single listing
491279054,2,f,,2-4 listings
491406090,59,f,,20+ listings
491513035,1,f,,Single listing
491519540,1,f,,Single listing
491963875,1,f,,Single listing
492090737,1,t,,Single listing
492144703,1,f,,Single listing
492173645,1,f,,Single listing
492231616,2,f,,2-4 listings
492266370,1,f,,Single listing
492284507,11,f,,5-19 listings
492345258,1,f,,Single listing
492380479,1,f,,Single listing
492396876,1,f,,Single listing
492404268,1,t,,Single listing
492455909,8,t,,5-19 listings
492459798,1,t,,Single listing
492476573,1,f,,Single listing
492477894,3,f,,2-4 listings
492481427,1,f,,Single listing
492566609,1,f,,Single listing
492581231,1,f,,Single listing
492590462,1,t,,Single listing
492615060,1,f,,Single listing
492794040,1,f,,Single listing
492841174,1,f,,Single listing
492970242,6,f,,5-19 listings
493112959,1,f,,Single listing
493157357,3,f,,2-4 listings
493233053,1,t,,Single listing
493269694,1,f,,Single listing
493371202,2,f,,2-4 listings
493577730,1,t,,Single listing
493589125,1,f,,Single listing
494038447,1,f,,Single listing
494084525,2,f,,2-4 listings
494250938,1,t,,Single listing
494256941,1,f,,Single listing
494427636,1,f,,Single listing
494428461,1,t,,Single listing
494598535,1,t,,Single listing
494727252,1,f,,Single listing
494772862,1,f,,Single listing
494832849,3,f,,2-4 listings
495109343,3,t,,2-4 listings
495382284,2,f,,2-4 listings
495397160,18,f,,5-19 listings
495497901,2,t,,2-4 listings
495538876,1,f,,Single listing
495681300,1,f,,Single listing
495703688,2,f,,2-4 listings
495890440,14,f,,5-19 listings
496146282,1,f,,Single listing
496611766,1,f,,Single listing
496698716,2,f,,2-4 listings
496709187,12,t,,5-19 listings
496747535,1,f,,Single listing
496887027,1,f,,Single listing
497085952,3,f,,2-4 listings
497213893,2,t,,2-4 listings
497345060,1,f,,Single listing
497369120,1,f,,Single listing
497534938,2,t,,2-4 listings
497556818,3,f,,2-4 listings
497592029,1,f,,Single listing
497691830,1,f,,Single listing
497864782,1,t,,Single listing
497866252,1,f,,Single listing
497891444,1,f,,Single listing
497896113,1,t,,Single listing
498032245,1,f,,Single listing
498052090,1,t,,Single listing
498176018,1,t,,Single listing
498339663,1,f,,Single listing
498365151,1,t,,Single listing
498390692,1,f,,Single listing
498543802,1,t,,Single listing
498546525,1,t,,Single listing
498553597,1,f,,Single listing
498648635,1,f,,Single listing
498673091,1,f,,Single listing
498812938,1,f,,Single listing
498847909,2,f,,2-4 listings
499167901,1,t,,Single listing
499283620,1,f,,Single listing
499305514,1,f,,Single listing
499320454,1,f,,Single listing
499340713,1,f,,Single listing
499341934,1,f,,Single listing
499495257,1,f,,Single listing
500028016,3,f,,2-4 listings
500115540,1,f,,Single listing
500126854,1,f,,Single listing
500196765,1,f,,Single listing
500275931,2,f,,2-4 listings
500459957,15,f,,5-19 listings
500845722,1,t,,Single listing
500875033,1,t,,Single listing
500880315,1,f,,Single listing
500891375,1,f,,Single listing
501046127,1,f,,Single listing
501154389,1,t,,Single listing
501502311,1,f,,Single listing
501536289,1,t,,Single listing
501617747,1,f,,Single listing
501759637,1,f,,Single listing
501816467,1,f,,Single listing
501919573,2,t,,2-4 listings
501940147,1,f,,Single listing
501953039,1,f,,Single listing
502013371,1,f,,Single listing
502108113,2,f,,2-4 listings
502246381,1,f,,Single listing
502264142,1,f,,Single listing
502432345,1,f,,Single listing
502467060,1,t,,Single listing
502475451,2,t,,2-4 listings
502559636,1,f,,Single listing
502563499,1,f,,Single listing
502565325,1,t,,Single listing
502631869,1,t,,Single listing
502776684,1,f,,Single listing
502847046,1,f,,Single listing
502853593,2,f,,2-4 listings
503018219,1,f,,Single listing
503020947,1,t,,Single listing
503024685,1,f,,Single listing
503055416,1,f,,Single listing
503163499,1,t,,Single listing
503165604,1,f,,Single listing
503177364,1,f,,Single listing
503354155,1,t,,Single listing
503399060,1,f,,Single listing
503404170,4,t,,2-4 listings
503479802,36,f,,20+ listings
503568716,1,f,,Single listing
503817707,1,f,,Single listing
503940429,2,f,,2-4 listings
503974057,7,f,,5-19 listings
503989258,1,f,,Single listing
504044434,1,f,,Single listing
504138897,1,t,,Single listing
504163012,4,f,,2-4 listings
504179337,1,f,,Single listing
504186189,1,f,,Single listing
504256125,1,t,,Single listing
504281543,4,f,,2-4 listings
504369775,1,f,,Single listing
504423509,1,t,,Single listing
504560424,2,f,,2-4 listings
504623848,1,f,,Single listing
504649638,2,f,,2-4 listings
504662271,1,t,,Single listing
505066406,2,f,,2-4 listings
505143805,1,f,,Single listing
505156165,1,f,,Single listing
505473763,1,f,,Single listing
505480870,1,f,,Single listing
505490163,1,f,,Single listing
505512933,6,f,,5-19 listings
505655199,3,f,,2-4 listings
505774318,1,t,,Single listing
505788502,2,f,,2-4 listings
505788510,1,f,,Single listing
505848887,1,f,,Single listing
505996974,14,t,,5-19 listings
506117942,1,f,,Single listing
506140592,2,t,,2-4 listings
506214022,7,f,,5-19 listings
506259248,1,f,,Single listing
506331082,1,f,,Single listing
506397283,2,f,,2-4 listings
506442287,1,t,,Single listing
506529044,1,t,,Single listing
506570391,2,f,,2-4 listings
506662262,1,f,,Single listing
506696832,2,f,,2-4 listings
506748946,21,f,,20+ listings
506858563,1,f,,Single listing
506877242,1,t,,Single listing
507099922,1,f,,Single listing
507108093,1,t,,Single listing
507262811,1,f,,Single listing
507276828,1,t,,Single listing
507276854,1,f,,Single listing
507278769,1,f,,Single listing
507293459,1,t,,Single listing
507420031,1,f,,Single listing
507428443,1,f,,Single listing
507516059,1,f,,Single listing
507608777,1,f,,Single listing
507728523,1,f,,Single listing
507742036,1,f,,Single listing
507789290,1,f,,Single listing
507875423,1,f,,Single listing
507880202,2,f,,2-4 listings
507890734,1,f,,Single listing
508026392,1,f,,Single listing
508208777,2,t,,2-4 listings
508227795,1,t,,Single listing
508230109,1,f,,Single listing
508233932,1,f,,Single listing
508239740,2,t,,2-4 listings
508312511,1,f,,Single listing
508312818,1,f,,Single listing
508488321,1,f,,Single listing
508501932,1,f,,Single listing
508545717,1,f,,Single listing
508831934,1,t,,Single listing
508952313,1,f,,Single listing
509005324,5,f,,5-19 listings
509026113,1,f,,Single listing
509084291,1,f,,Single listing
509197310,1,t,,Single listing
509298800,2,t,,2-4 listings
509383235,1,f,,Single listing
509391288,1,f,,Single listing
509546356,2,f,,2-4 listings
509571402,1,f,,Single listing
509573908,1,f,,Single listing
509582950,1,t,,Single listing
509594252,2,f,,2-4 listings
509835529,1,f,,Single listing
509843935,1,f,,Single listing
509983676,1,f,,Single listing
510012144,2,f,,2-4 listings
510026722,1,f,,Single listing
510038048,1,t,,Single listing
510046594,2,f,,2-4 listings
510430370,1,f,,Single listing
510592320,1,f,,Single listing
510612177,1,f,,Single listing
510651809,1,f,,Single listing
510681880,1,f,,Single listing
510737527,4,f,,2-4 listings
510745450,1,t,,Single listing
510893018,3,f,,2-4 listings
510908823,8,f,,5-19 listings
510914137,4,f,,2-4 listings
510957741,1,f,,Single listing
511038025,2,t,,2-4 listings
511040579,1,f,,Single listing
511243208,1,f,,Single listing
511416716,1,f,,Single listing
511487075,1,t,,Single listing
511496230,1,t,,Single listing
511550503,2,f,,2-4 listings
511648081,1,f,,Single listing
511672543,16,f,,5-19 listings
511676163,1,f,,Single listing
511799031,1,f,,Single listing
511821759,1,f,,Single listing
511830261,1,f,,Single listing
511947893,1,f,,Single listing
511981197,1,f,,Single listing
512016957,1,t,,Single listing
512135547,1,t,,Single listing
512148695,1,f,,Single listing
512274257,1,f,,Single listing
512324743,1,f,,Single listing
512352828,3,f,,2-4 listings
512370889,1,f,,Single listing
512417762,1,f,,Single listing
512571978,1,t,,Single listing
512582361,1,f,,Single listing
512595011,1,t,,Single listing
512754700,3,t,,2-4 listings
512816876,2,f,,2-4 listings
512913452,1,f,,Single listing
512918551,1,f,,Single listing
512924405,1,f,,Single listing
512934300,1,f,,Single listing
512939042,1,f,,Single listing
512996478,1,f,,Single listing
513114317,1,f,,Single listing
513114567,1,f,,Single listing
513146757,2,t,,2-4 listings
513317321,1,f,,Single listing
513467686,3,f,,2-4 listings
513724676,2,f,,2-4 listings
513732276,1,f,,Single listing
513747099,22,t,,20+ listings
513757457,1,f,,Single listing
513804506,1,f,,Single listing
513808541,1,f,,Single listing
513902113,1,t,,Single listing
513912392,2,f,,2-4 listings
513965018,1,f,,Single listing
513976652,1,f,,Single listing
514089892,1,f,,Single listing
514210633,2,f,,2-4 listings
514239664,2,f,,2-4 listings
514289461,1,t,,Single listing
514370890,1,f,,Single listing
514371809,1,f,,Single listing
514443914,1,f,,Single listing
514447348,1,f,,Single listing
514895656,1,f,,Single listing
514990809,1,f,,Single listing
515147943,1,f,,Single listing
515365568,1,f,,Single listing
515495967,1,f,,Single listing
515547878,1,f,,Single listing
515606517,3,t,,2-4 listings
515807131,1,f,,Single listing
515961424,1,f,,Single listing
515969260,5,t,,5-19 listings
515981230,1,f,,Single listing
516137778,1,f,,Single listing
516138618,1,f,,Single listing
516268447,1,f,,Single listing
516290339,1,f,,Single listing
516466984,1,f,,Single listing
516478251,3,t,,2-4 listings
516483228,5,f,,5-19 listings
516637141,1,f,,Single listing
516859332,2,t,,2-4 listings
517088822,1,f,,Single listing
517129954,6,f,,5-19 listings
517150655,3,f,,2-4 listings
517164954,1,f,,Single listing
517318539,2,f,,2-4 listings
517508798,1,f,,Single listing
517568960,1,f,,Single listing
517656491,3,f,,2-4 listings
517822292,1,f,,Single listing
517822904,1,t,,Single listing
517844882,1,f,,Single listing
517854524,1,t,,Single listing
517899476,1,t,,Single listing
517934223,1,f,,Single listing
517934812,1,t,,Single listing
518041308,1,f,,Single listing
518170132,1,f,,Single listing
518237276,1,f,,Single listing
518509682,2,f,,2-4 listings
518590894,1,f,,Single listing
518906063,2,f,,2-4 listings
518917729,1,f,,Single listing
519066880,2,t,,2-4 listings
519075049,1,f,,Single listing
519280152,2,t,,2-4 listings
519370030,2,f,,2-4 listings
519375533,1,f,,Single listing
519569477,1,f,,Single listing
519644985,1,f,,Single listing
519749395,1,f,,Single listing
519751761,1,t,,Single listing
519776916,1,f,,Single listing
519788326,1,f,,Single listing
519924250,1,t,,Single listing
520172272,3,f,,2-4 listings
520283193,1,f,,Single listing
520599260,1,f,,Single listing
520634733,1,f,,Single listing
520837898,1,f,,Single listing
520981122,1,f,,Single listing
520992057,2,f,,2-4 listings
521010772,2,t,,2-4 listings
521153560,1,t,,Single listing
521163840,1,f,,Single listing
521175764,1,f,,Single listing
521226248,1,f,,Single listing
521357845,3,f,,2-4 listings
521371262,1,f,,Single listing
522026263,1,f,,Single listing
522057756,1,f,,Single listing
522143174,1,f,,Single listing
522432272,1,f,,Single listing
522504854,1,t,,Single listing
522528059,1,f,,Single listing
522666469,1,f,,Single listing
523017004,1,f,,Single listing
523028905,1,f,,Single listing
523040057,1,f,,Single listing
523175776,4,f,,2-4 listings
523232625,1,t,,Single listing
523244600,1,f,,Single listing
523463135,3,f,,2-4 listings
523605512,1,f,,Single listing
523624347,5,f,,5-19 listings
523646000,1,f,,Single listing
523652482,1,f,,Single listing
523677014,1,f,,Single listing
523688479,3,f,,2-4 listings
523689469,2,t,,2-4 listings
523858580,1,t,,Single listing
524049408,1,f,,Single listing
524257483,1,t,,Single listing
524314472,1,f,,Single listing
524593502,1,f,,Single listing
524619275,2,f,,2-4 listings
524631714,1,f,,Single listing
524781408,1,t,,Single listing
524984015,1,f,,Single listing
525024561,1,f,,Single listing
525031641,6,t,,5-19 listings
525198159,1,f,,Single listing
525202743,1,f,,Single listing
525213321,1,f,,Single listing
525622107,1,f,,Single listing
525630154,1,f,,Single listing
525995774,3,f,,2-4 listings
526077132,6,f,,5-19 listings
526193080,1,t,,Single listing
526198000,4,t,,2-4 listings
526198018,1,f,,Single listing
526429450,1,f,,Single listing
526535775,1,f,,Single listing
526634891,1,f,,Single listing
526637816,1,f,,Single listing
526661312,1,f,,Single listing
526736531,2,f,,2-4 listings
526743773,1,f,,Single listing
526754955,3,f,,2-4 listings
526798448,1,f,,Single listing
526828830,2,f,,2-4 listings
526847030,1,f,,Single listing
526850766,1,t,,Single listing
526979241,1,f,,Single listing
527064178,1,f,,Single listing
527117512,1,f,,Single listing
527371986,1,f,,Single listing
527388399,1,f,,Single listing
527415965,1,t,,Single listing
527561825,1,t,,Single listing
528043449,1,f,,Single listing
528056478,2,f,,2-4 listings
528087419,1,f,,Single listing
528175412,1,f,,Single listing
528236742,2,t,,2-4 listings
528542604,1,f,,Single listing
528658754,1,f,,Single listing
529078254,1,t,,Single listing
529260337,1,f,,Single listing
529344591,1,f,,Single listing
529609692,1,f,,Single listing
529717717,1,f,,Single listing
529783559,1,f,,Single listing
529849435,5,t,,5-19 listings
530275225,1,f,,Single listing
530417030,1,f,,Single listing
530596185,1,f,,Single listing
530601622,1,f,,Single listing
530607415,1,f,,Single listing
530814435,1,f,,Single listing
530850924,1,t,,Single listing
531027086,1,t,,Single listing
531032840,1,f,,Single listing
531578999,1,f,,Single listing
531614272,1,f,,Single listing
531938090,1,t,,Single listing
532015072,1,f,,Single listing
532015392,1,f,,Single listing
532054305,1,f,,Single listing
532164255,24,f,,20+ listings
532170292,8,f,,5-19 listings
532172039,13,f,,5-19 listings
532189963,1,t,,Single listing
532358955,1,f,,Single listing
532578914,1,t,,Single listing
532608320,4,f,,2-4 listings
532674068,15,t,,5-19 listings
532688946,1,f,,Single listing
532847541,5,f,,5-19 listings
532911242,1,f,,Single listing
532948879,1,f,,Single listing
533030081,1,f,,Single listing
533068076,3,f,,2-4 listings
533111762,2,f,,2-4 listings
533223575,46,f,,20+ listings
533230839,1,t,,Single listing
533232892,1,f,,Single listing
533393672,1,f,,Single listing
533480920,1,f,,Single listing
533598056,1,f,,Single listing
533671751,1,f,,Single listing
533785161,3,f,,2-4 listings
533799926,1,f,,Single listing
533807210,1,f,,Single listing
533809209,1,t,,Single listing
533816977,1,f,,Single listing
534226240,1,f,,Single listing
534274740,1,t,,Single listing
534317332,1,t,,Single listing
534341648,1,f,,Single listing
534457641,1,f,,Single listing
534472388,1,f,,Single listing
534609093,1,f,,Single listing
534622579,1,f,,Single listing
534651011,1,f,,Single listing
534668924,1,f,,Single listing
534738858,1,f,,Single listing
534784029,1,t,,Single listing
534797571,1,t,,Single listing
534857108,1,f,,Single listing
534864167,2,f,,2-4 listings
535106069,1,f,,Single listing
535294839,2,f,,2-4 listings
535501183,1,f,,Single listing
535509770,1,t,,Single listing
535580381,1,f,,Single listing
535580856,2,f,,2-4 listings
535587172,2,f,,2-4 listings
535621226,1,f,,Single listing
535624893,1,f,,Single listing
535771392,1,f,,Single listing
536178299,1,f,,Single listing
536291412,6,f,,5-19 listings
536310497,1,f,,Single listing
536323273,1,f,,Single listing
536334232,2,f,,2-4 listings
536404214,1,t,,Single listing
536548636,1,f,,Single listing
536604172,2,t,,2-4 listings
536687460,1,f,,Single listing
536722398,1,f,,Single listing
536725560,1,t,,Single listing
536728958,1,f,,Single listing
536769060,1,f,,Single listing
536893959,1,t,,Single listing
537045851,1,t,,Single listing
537053571,1,t,,Single listing
537061319,1,f,,Single listing
537136585,1,f,,Single listing
537222167,1,t,,Single listing
537427420,1,f,,Single listing
537435975,2,t,,2-4 listings
537508715,1,t,,Single listing
537566985,1,f,,Single listing
537580810,18,f,,5-19 listings
537690616,1,t,,Single listing
537702464,1,f,,Single listing
537733728,3,t,,2-4 listings
537898724,1,f,,Single listing
538026151,1,f,,Single listing
538077524,2,f,,2-4 listings
538169627,11,t,,5-19 listings
538204308,1,f,,Single listing
538375633,1,f,,Single listing
538389436,2,f,,2-4 listings
538397228,2,t,,2-4 listings
538842845,1,t,,Single listing
538881891,1,t,,Single listing
538986505,12,f,,5-19 listings
539033001,1,f,,Single listing
539080642,1,f,,Single listing
539123485,1,f,,Single listing
539162473,1,f,,Single listing
539174930,1,f,,Single listing
539211494,1,f,,Single listing
539214143,1,f,,Single listing
539252657,1,f,,Single listing
539387365,2,f,,2-4 listings
539494533,1,f,,Single listing
539675923,2,f,,2-4 listings
539893974,2,t,,2-4 listings
539934195,2,f,,2-4 listings
539940591,1,f,,Single listing
539947601,1,f,,Single listing
539969013,3,t,,2-4 listings
539980490,1,f,,Single listing
540112004,4,f,,2-4 listings
540118335,1,f,,Single listing
540118440,1,f,,Single listing
540124877,1,f,,Single listing
540154236,1,f,,Single listing
540182499,1,t,,Single listing
540197610,1,f,,Single listing
540319492,1,t,,Single listing
540333119,5,f,,5-19 listings
540372398,1,f,,Single listing
540442055,1,f,,Single listing
540466211,6,t,,5-19 listings
540470329,1,t,,Single listing
540481765,1,t,,Single listing
540543107,1,t,,Single listing
540943734,2,f,,2-4 listings
541037106,1,f,,Single listing
541047955,2,f,,2-4 listings
541059721,1,t,,Single listing
541106095,18,t,,5-19 listings
541121551,1,f,,Single listing
541191330,3,f,,2-4 listings
541237916,1,t,,Single listing
541266234,1,f,,Single listing
541347714,1,f,,Single listing
541354646,1,t,,Single listing
541364628,3,t,,2-4 listings
541366512,5,f,,5-19 listings
541425587,1,t,,Single listing
541559038,3,t,,2-4 listings
541639541,1,f,,Single listing
541644876,1,f,,Single listing
541645718,1,f,,Single listing
541684447,1,f,,Single listing
541896159,1,f,,Single listing
542124408,1,t,,Single listing
542225304,1,f,,Single listing
542283146,1,t,,Single listing
542365729,2,f,,2-4 listings
542369156,1,f,,Single listing
542370930,1,f,,Single listing
542380806,1,f,,Single listing
542381362,2,f,,2-4 listings
542511580,3,f,,2-4 listings
542535514,1,t,,Single listing
542545745,6,f,,5-19 listings
542573757,2,f,,2-4 listings
542641992,1,f,,Single listing
542778098,2,f,,2-4 listings
542790399,1,f,,Single listing
542797078,1,f,,Single listing
542809484,9,f,,5-19 listings
542809659,1,f,,Single listing
542966982,1,f,,Single listing
542973055,1,f,,Single listing
542997788,7,f,,5-19 listings
543068958,1,f,,Single listing
543069804,2,t,,2-4 listings
543071655,3,f,,2-4 listings
543080128,2,t,,2-4 listings
543142669,1,f,,Single listing
543146341,1,t,,Single listing
543236645,1,f,,Single listing
543261633,3,f,,2-4 listings
543301912,2,f,,2-4 listings
543403286,2,t,,2-4 listings
543431510,1,t,,Single listing
543435925,4,f,,2-4 listings
543495153,1,f,,Single listing
543521897,7,t,,5-19 listings
543543552,1,f,,Single listing
543573834,1,f,,Single listing
543603003,2,f,,2-4 listings
543648827,1,f,,Single listing
543947157,1,f,,Single listing
544023416,1,f,,Single listing
544071830,1,f,,Single listing
544091058,1,f,,Single listing
544100819,1,t,,Single listing
544101574,1,f,,Single listing
544101742,11,t,,5-19 listings
544132515,1,f,,Single listing
544214390,1,f,,Single listing
544299631,1,f,,Single listing
544351938,1,f,,Single listing
544383968,1,t,,Single listing
544386467,1,f,,Single listing
544400958,1,f,,Single listing
544495749,1,t,,Single listing
544596404,1,f,,Single listing
544666629,6,f,,5-19 listings
544673826,1,f,,Single listing
544727995,1,f,,Single listing
544831936,7,t,,5-19 listings
544844088,1,f,,Single listing
544867801,12,t,,5-19 listings
545147334,1,f,,Single listing
545166210,1,t,,Single listing
545177156,1,f,,Single listing
545200829,1,f,,Single listing
545338823,3,f,,2-4 listings
545536322,1,f,,Single listing
545564285,1,t,,Single listing
545616857,1,t,,Single listing
545713621,1,f,,Single listing
545727945,1,f,,Single listing
545869055,1,f,,Single listing
545904349,1,f,,Single listing
546021069,1,f,,Single listing
546099105,3,t,,2-4 listings
546156783,4,f,,2-4 listings
546260237,1,f,,Single listing
546264402,1,f,,Single listing
546264445,1,f,,Single listing
546266465,1,t,,Single listing
546283601,1,f,,Single listing
546325359,1,f,,Single listing
546448439,1,f,,Single listing
546450857,1,t,,Single listing
546455227,1,f,,Single listing
546472036,1,f,,Single listing
546587774,1,t,,Single listing
546598703,1,f,,Single listing
546736043,1,f,,Single listing
546795670,1,t,,Single listing
546868713,1,f,,Single listing
546900384,2,f,,2-4 listings
546953860,1,f,,Single listing
546968767,1,f,,Single listing
546985102,7,t,,5-19 listings
547163963,1,f,,Single listing
547175210,2,t,,2-4 listings
547220426,1,f,,Single listing
547318417,1,f,,Single listing
547350100,1,f,,Single listing
547482719,1,f,,Single listing
547496096,1,f,,Single listing
547503955,1,f,,Single listing
547568948,2,f,,2-4 listings
547644411,1,f,,Single listing
547651576,2,f,,2-4 listings
547661920,1,f,,Single listing
547782931,1,f,,Single listing
547787033,3,t,,2-4 listings
547789389,1,t,,Single listing
547856419,1,t,,Single listing
547863435,1,f,,Single listing
547926257,24,f,,20+ listings
547927986,4,t,,2-4 listings
547961592,1,f,,Single listing
547971575,1,f,,Single listing
547992941,1,f,,Single listing
548048038,1,f,,Single listing
548219443,1,f,,Single listing
548321401,1,t,,Single listing
548339186,1,f,,Single listing
548354755,3,f,,2-4 listings
548357807,1,t,,Single listing
548361342,5,f,,5-19 listings
548376001,1,f,,Single listing
548485586,1,f,,Single listing
548653578,1,f,,Single listing
548659404,2,f,,2-4 listings
548715386,1,f,,Single listing
548948192,1,f,,Single listing
548961999,1,f,,Single listing
548968744,5,f,,5-19 listings
549092013,1,f,,Single listing
549107994,1,f,,Single listing
549143012,1,t,,Single listing
549215755,2,t,,2-4 listings
549245207,2,f,,2-4 listings
549246450,1,f,,Single listing
549275524,1,f,,Single listing
549277448,1,f,,Single listing
549289180,7,t,,5-19 listings
549372495,1,t,,Single listing
549394564,5,f,,5-19 listings
549441053,1,f,,Single listing
549467359,1,f,,Single listing
549546610,1,f,,Single listing
549548558,1,f,,Single listing
549553120,1,f,,Single listing
549559395,1,f,,Single listing
549588015,1,t,,Single listing
549600573,1,f,,Single listing
549679612,1,t,,Single listing
549713523,1,f,,Single listing
549928656,6,f,,5-19 listings
550019866,4,t,,2-4 listings
550042330,1,t,,Single listing
550163430,16,f,,5-19 listings
550165981,2,f,,2-4 listings
550376620,1,t,,Single listing
550471344,1,f,,Single listing
550476936,1,t,,Single listing
550501616,2,t,,2-4 listings
550518973,1,f,,Single listing
550540966,1,t,,Single listing
550545202,1,f,,Single listing
550570334,1,f,,Single listing
550615628,1,f,,Single listing
550622785,1,f,,Single listing
550627397,2,f,,2-4 listings
550631827,1,t,,Single listing
550764500,1,f,,Single listing
550774978,3,f,,2-4 listings
550791507,23,f,,20+ listings
550927677,1,f,,Single listing
550931424,1,f,,Single listing
550952614,1,f,,Single listing
550956614,1,t,,Single listing
551075151,42,f,,20+ listings
551075315,1,f,,Single listing
551090821,1,f,,Single listing
551134313,1,f,,Single listing
551207065,3,t,,2-4 listings
551208207,1,f,,Single listing
551226600,1,f,,Single listing
551330788,1,t,,Single listing
551345431,3,f,,2-4 listings
551350166,4,f,,2-4 listings
551399090,2,t,,2-4 listings
551480688,1,f,,Single listing
551496727,1,f,,Single listing
551501655,1,f,,Single listing
551502645,1,t,,Single listing
551636008,1,f,,Single listing
551637316,1,t,,Single listing
551642345,1,f,,Single listing
551772846,1,f,,Single listing
551809703,1,f,,Single listing
551850104,1,t,,Single listing
551941845,1,f,,Single listing
552091781,1,f,,Single listing
552132781,2,f,,2-4 listings
552176309,15,f,,5-19 listings
552285270,1,t,,Single listing
552294154,1,f,,Single listing
552438333,1,f,,Single listing
552515747,1,f,,Single listing
552691784,2,f,,2-4 listings
552708389,1,f,,Single listing
552732587,1,f,,Single listing
552783120,1,f,,Single listing
552848649,1,t,,Single listing
552850374,1,f,,Single listing
552861161,1,f,,Single listing
552876194,1,f,,Single listing
552888807,1,f,,Single listing
552904704,1,f,,Single listing
553069908,1,f,,Single listing
553118991,1,t,,Single listing
553249056,3,t,,2-4 listings
553249721,1,f,,Single listing
553298042,1,f,,Single listing
553507692,1,f,,Single listing
553549905,1,t,,Single listing
553618788,1,f,,Single listing
553757399,2,f,,2-4 listings
553935195,1,f,,Single listing
554028887,1,f,,Single listing
554363333,1,f,,Single listing
554383644,1,t,,Single listing
554624038,1,f,,Single listing
554678156,1,f,,Single listing
554775400,1,t,,Single listing
554810867,1,t,,Single listing
554811309,5,t,,5-19 listings
555008300,1,f,,Single listing
555010288,2,t,,2-4 listings
555011617,1,t,,Single listing
555060871,1,t,,Single listing
555219169,1,f,,Single listing
555232221,2,f,,2-4 listings
555295949,1,f,,Single listing
555340063,1,f,,Single listing
555628045,3,t,,2-4 listings
555635685,1,f,,Single listing
555654506,10,f,,5-19 listings
555661461,1,f,,Single listing
555694748,1,f,,Single listing
555909574,1,f,,Single listing
556068014,4,t,,2-4 listings
556108052,1,t,,Single listing
556133269,2,f,,2-4 listings
556198347,1,f,,Single listing
556333800,1,f,,Single listing
556362345,3,f,,2-4 listings
556531185,1,f,,Single listing
556601080,3,f,,2-4 listings
556611289,1,f,,Single listing
556700580,2,t,,2-4 listings
556797007,1,f,,Single listing
556801600,1,f,,Single listing
556904135,1,f,,Single listing
556985783,5,f,,5-19 listings
556992283,1,f,,Single listing
557005510,1,t,,Single listing
557180237,1,f,,Single listing
557186398,14,f,,5-19 listings
557191379,1,f,,Single listing
557936241,2,f,,2-4 listings
558035987,1,t,,Single listing
558118295,2,f,,2-4 listings
558162933,4,f,,2-4 listings
558163299,1,t,,Single listing
558195426,1,f,,Single listing
558236307,1,f,,Single listing
558322600,1,f,,Single listing
558537861,1,f,,Single listing
558675772,1,t,,Single listing
558679649,1,t,,Single listing
558702321,1,f,,Single listing
558761693,2,t,,2-4 listings
558991612,1,f,,Single listing
558999403,1,f,,Single listing
559004853,1,f,,Single listing
559011236,1,f,,Single listing
559062719,1,f,,Single listing
559202422,6,t,,5-19 listings
559210314,3,f,,2-4 listings
559259068,2,t,,2-4 listings
559284666,1,t,,Single listing
559387044,1,f,,Single listing
559432423,1,f,,Single listing
559485375,4,f,,2-4 listings
559664007,1,f,,Single listing
559745151,1,f,,Single listing
559749189,1,f,,Single listing
559750761,1,f,,Single listing
559779795,3,f,,2-4 listings
559826257,1,t,,Single listing
559838520,1,t,,Single listing
559912526,2,f,,2-4 listings
559936999,1,f,,Single listing
559964069,1,f,,Single listing
559988511,2,f,,2-4 listings
559994565,3,f,,2-4 listings
560002072,1,f,,Single listing
560071738,1,f,,Single listing
560094697,5,t,,5-19 listings
560293139,1,f,,Single listing
560443473,1,t,,Single listing
560484572,1,f,,Single listing
560695601,1,f,,Single listing
560704986,1,f,,Single listing
560716170,1,f,,Single listing
560872616,1,f,,Single listing
560969768,1,f,,Single listing
560976926,1,f,,Single listing
560990692,1,f,,Single listing
561012248,1,f,,Single listing
561174709,1,f,,Single listing
561297335,1,f,,Single listing
561732850,1,f,,Single listing
561826953,1,t,,Single listing
561871752,1,f,,Single listing
561990175,1,f,,Single listing
562003178,1,f,,Single listing
562136428,1,f,,Single listing
562141205,1,f,,Single listing
562389699,1,f,,Single listing
562476482,3,f,,2-4 listings
562613948,2,f,,2-4 listings
562638938,1,f,,Single listing
562650252,2,t,,2-4 listings
562866684,1,f,,Single listing
563026433,1,f,,Single listing
563027261,5,f,,5-19 listings
563175038,7,f,,5-19 listings
563427550,1,f,,Single listing
563533920,1,f,,Single listing
563535883,1,f,,Single listing
563537483,1,f,,Single listing
563552959,1,f,,Single listing
563600814,1,f,,Single listing
563761997,1,f,,Single listing
563879848,1,f,,Single listing
563884618,1,t,,Single listing
564410752,1,f,,Single listing
564431566,1,f,,Single listing
564537766,1,f,,Single listing
564579983,1,t,,Single listing
564593851,1,f,,Single listing
564605738,1,f,,Single listing
564633649,1,f,,Single listing
564793507,1,f,,Single listing
564951721,1,f,,Single listing
565011120,1,f,,Single listing
565282865,1,f,,Single listing
565294993,4,f,,2-4 listings
565354810,1,f,,Single listing
565474578,1,t,,Single listing
565485903,2,t,,2-4 listings
565631373,1,f,,Single listing
565658885,1,f,,Single listing
565824880,1,t,,Single listing
565826499,1,f,,Single listing
565998903,1,f,,Single listing
566202386,1,f,,Single listing
566360696,7,f,,5-19 listings
566469270,2,f,,2-4 listings
566477884,1,f,,Single listing
566484377,6,f,,5-19 listings
566488358,1,f,,Single listing
566545350,1,f,,Single listing
566595338,1,f,,Single listing
566653818,2,f,,2-4 listings
566814630,1,f,,Single listing
566839015,7,t,,5-19 listings
566846736,1,f,,Single listing
566912845,1,f,,Single listing
566914307,1,f,,Single listing
567015716,1,t,,Single listing
567066138,1,t,,Single listing
567089052,1,f,,Single listing
567175405,1,f,,Single listing
567312544,3,t,,2-4 listings
567530588,1,t,,Single listing
567568550,1,f,,Single listing
567587372,1,f,,Single listing
567667277,3,f,,2-4 listings
567673217,2,f,,2-4 listings
567676814,1,f,,Single listing
567865553,1,f,,Single listing
567892338,1,t,,Single listing
568009633,1,f,,Single listing
568187522,1,t,,Single listing
568356371,1,f,,Single listing
568375265,1,f,,Single listing
568419653,1,f,,Single listing
568699618,1,f,,Single listing
569005174,1,f,,Single listing
569018069,1,f,,Single listing
569019007,1,f,,Single listing
569027945,4,t,,2-4 listings
569032004,1,f,,Single listing
569035057,1,f,,Single listing
569042895,2,f,,2-4 listings
569049112,1,f,,Single listing
569055761,1,f,,Single listing
569084902,1,t,,Single listing
569209144,1,f,,Single listing
569355652,1,f,,Single listing
569534380,1,f,,Single listing
569537874,5,f,,5-19 listings
569855000,1,f,,Single listing
570172310,1,f,,Single listing
570176448,1,f,,Single listing
570190337,1,f,,Single listing
570363512,1,f,,Single listing
570512953,1,f,,Single listing
570531400,1,f,,Single listing
570542704,2,f,,2-4 listings
570551725,1,f,,Single listing
570611912,1,f,,Single listing
570890928,1,f,,Single listing
570915627,4,t,,2-4 listings
571013442,1,t,,Single listing
571068467,3,f,,2-4 listings
571213050,1,t,,Single listing
571227818,1,f,,Single listing
571233341,1,f,,Single listing
571250418,3,f,,2-4 listings
571403244,5,f,,5-19 listings
571444854,1,f,,Single listing
571452767,1,f,,Single listing
571575027,3,t,,2-4 listings
571725000,1,f,,Single listing
571899376,1,f,,Single listing
571914776,1,f,,Single listing
572051626,1,t,,Single listing
572139038,1,f,,Single listing
572154787,1,f,,Single listing
572200234,1,t,,Single listing
572226275,1,f,,Single listing
572404683,1,t,,Single listing
572592423,1,t,,Single listing
572717572,1,f,,Single listing
572756725,1,f,,Single listing
572774681,1,f,,Single listing
572882314,1,t,,Single listing
572945468,1,f,,Single listing
572960673,1,t,,Single listing
573172439,1,t,,Single listing
574145469,3,t,,2-4 listings
574317850,1,f,,Single listing
574375211,1,t,,Single listing
574391307,1,f,,Single listing
574491192,1,f,,Single listing
574613451,1,f,,Single listing
574633925,1,t,,Single listing
574798403,3,t,,2-4 listings
574821974,1,f,,Single listing
574824176,1,t,,Single listing
574874526,1,f,,Single listing
575352942,1,f,,Single listing
575353522,1,f,,Single listing
575540370,1,f,,Single listing
575631484,3,f,,2-4 listings
575656416,1,t,,Single listing
575750700,1,f,,Single listing
575760001,1,t,,Single listing
575761218,1,t,,Single listing
575781714,10,f,,5-19 listings
575855089,1,f,,Single listing
575909742,3,t,,2-4 listings
575911634,1,f,,Single listing
576169049,1,t,,Single listing
576198398,1,f,,Single listing
576289391,1,f,,Single listing
576418426,1,f,,Single listing
576507717,1,f,,Single listing
576621424,1,f,,Single listing
576779075,1,f,,Single listing
576786692,1,f,,Single listing
576792960,1,f,,Single listing
576868572,1,f,,Single listing
576885400,1,f,,Single listing
576973054,1,f,,Single listing
577480346,5,f,,5-19 listings
577517975,3,t,,2-4 listings
577649143,1,f,,Single listing
577657976,1,t,,Single listing
577675498,9,t,,5-19 listings
577870179,1,f,,Single listing
578027303,1,f,,Single listing
578059015,2,f,,2-4 listings
578204859,1,f,,Single listing
578442376,1,f,,Single listing
578556814,1,f,,Single listing
578628996,2,f,,2-4 listings
578763631,2,f,,2-4 listings
578775957,1,f,,Single listing
578781005,1,f,,Single listing
578797113,1,f,,Single listing
578809595,6,t,,5-19 listings
578830973,1,f,,Single listing
578975690,1,t,,Single listing
579006180,1,f,,Single listing
579063672,1,f,,Single listing
579161105,1,f,,Single listing
579161513,1,f,,Single listing
579192849,2,f,,2-4 listings
579979823,2,f,,2-4 listings
580218949,1,t,,Single listing
580273547,1,f,,Single listing
580288888,5,f,,5-19 listings
580554149,1,f,,Single listing
580698945,2,f,,2-4 listings
580785405,1,f,,Single listing
580925940,1,f,,Single listing
581052390,1,t,,Single listing
581077494,4,t,,2-4 listings
581110973,1,f,,Single listing
581222350,1,f,,Single listing
581236709,1,f,,Single listing
581251705,9,f,,5-19 listings
581425396,1,f,,Single listing
581448833,1,f,,Single listing
581647442,1,t,,Single listing
581713831,2,t,,2-4 listings
581841335,1,f,,Single listing
582033856,1,t,,Single listing
582088246,1,t,,Single listing
582221008,1,f,,Single listing
582379771,1,f,,Single listing
582497809,1,t,,Single listing
582591733,1,f,,Single listing
582609088,1,t,,Single listing
582721038,2,f,,2-4 listings
582792958,1,f,,Single listing
582807388,1,f,,Single listing
582837224,3,f,,2-4 listings
583015923,1,f,,Single listing
583020849,1,t,,Single listing
583023290,1,f,,Single listing
583047666,1,f,,Single listing
583060146,1,t,,Single listing
583133448,2,t,,2-4 listings
583213231,1,t,,Single listing
583220697,1,f,,Single listing
583227372,1,f,,Single listing
583235470,3,t,,2-4 listings
583242254,1,f,,Single listing
583314192,1,f,,Single listing
583403413,4,f,,2-4 listings
583473444,1,t,,Single listing
583562787,1,f,,Single listing
583599129,3,t,,2-4 listings
583599889,19,f,,5-19 listings
584166058,1,f,,Single listing
584260520,1,t,,Single listing
584418862,1,t,,Single listing
584581739,1,f,,Single listing
584608156,2,f,,2-4 listings
584622706,1,f,,Single listing
584801417,1,f,,Single listing
584873503,2,f,,2-4 listings
584900741,1,t,,Single listing
585004305,1,t,,Single listing
585088589,4,t,,2-4 listings
585201673,1,f,,Single listing
585388202,1,f,,Single listing
585402304,8,f,,5-19 listings
585590375,1,f,,Single listing
585600650,1,f,,Single listing
585605793,4,f,,2-4 listings
585639492,2,f,,2-4 listings
585703162,1,f,,Single listing
585728446,2,f,,2-4 listings
585797091,1,f,,Single listing
586230226,1,t,,Single listing
586781236,1,f,,Single listing
586831461,6,f,,5-19 listings
587011673,1,f,,Single listing
587068730,1,f,,Single listing
587184658,1,f,,Single listing
587187649,2,f,,2-4 listings
587519365,2,f,,2-4 listings
587650661,6,f,,5-19 listings
588528583,1,f,,Single listing
588540369,1,f,,Single listing
589020756,1,f,,Single listing
589033083,1,f,,Single listing
589182050,1,f,,Single listing
589376668,8,f,,5-19 listings
589438868,1,f,,Single listing
589732956,1,f,,Single listing
589811004,1,t,,Single listing
589914769,1,f,,Single listing
589951346,1,f,,Single listing
590037310,2,t,,2-4 listings
590116278,3,f,,2-4 listings
590120540,1,f,,Single listing
590137473,1,f,,Single listing
590210473,1,f,,Single listing
590217436,1,f,,Single listing
590317002,5,f,,5-19 listings
590335392,3,f,,2-4 listings
590341314,1,t,,Single listing
590356507,1,f,,Single listing
590362742,5,t,,5-19 listings
590573869,1,f,,Single listing
590626863,1,t,,Single listing
590979658,1,f,,Single listing
591003553,1,f,,Single listing
591362673,1,f,,Single listing
591372946,1,f,,Single listing
591376476,1,t,,Single listing
591601210,1,f,,Single listing
591623081,8,t,,5-19 listings
591635199,1,t,,Single listing
591638173,1,f,,Single listing
591643596,1,f,,Single listing
591807009,1,t,,Single listing
592039281,1,f,,Single listing
592058325,2,f,,2-4 listings
592071191,3,t,,2-4 listings
592248860,1,t,,Single listing
592254639,1,f,,Single listing
592255691,1,t,,Single listing
592305792,4,f,,2-4 listings
592636007,1,t,,Single listing
592738187,1,f,,Single listing
592831252,1,f,,Single listing
592832093,1,t,,Single listing
592884020,3,t,,2-4 listings
592887082,1,t,,Single listing
592988036,1,f,,Single listing
593324283,1,t,,Single listing
593680383,2,t,,2-4 listings
593764060,1,f,,Single listing
593775679,1,f,,Single listing
593866205,2,t,,2-4 listings
594142963,1,f,,Single listing
594150919,3,f,,2-4 listings
594175997,1,f,,Single listing
594268610,1,f,,Single listing
594272955,1,f,,Single listing
594342634,2,t,,2-4 listings
594690498,1,f,,Single listing
594724234,1,f,,Single listing
594755523,1,f,,Single listing
595032189,1,f,,Single listing
595142072,1,f,,Single listing
595316906,2,f,,2-4 listings
595375688,2,f,,2-4 listings
595471059,1,f,,Single listing
595480928,1,t,,Single listing
595482687,1,f,,Single listing
595505147,4,f,,2-4 listings
595673751,2,t,,2-4 listings
595704375,1,f,,Single listing
595707954,1,f,,Single listing
595715072,1,f,,Single listing
595724640,1,f,,Single listing
595879340,1,f,,Single listing
595902700,1,f,,Single listing
595935725,1,f,,Single listing
596083638,1,f,,Single listing
596108463,2,f,,2-4 listings
596110565,4,f,,2-4 listings
596154726,1,f,,Single listing
596208557,3,f,,2-4 listings
596275675,4,f,,2-4 listings
596309953,1,t,,Single listing
596456472,2,t,,2-4 listings
596523425,1,f,,Single listing
596679160,1,f,,Single listing
596846400,1,t,,Single listing
596855791,2,f,,2-4 listings
596901860,3,f,,2-4 listings
596910862,1,f,,Single listing
597032729,1,f,,Single listing
597062263,2,f,,2-4 listings
597069599,1,t,,Single listing
597075449,1,f,,Single listing
597086118,1,f,,Single listing
597253652,2,f,,2-4 listings
597439681,1,f,,Single listing
597469672,3,f,,2-4 listings
597625180,1,f,,Single listing
597642535,1,f,,Single listing
597797324,1,f,,Single listing
597866417,1,f,,Single listing
598021958,2,t,,2-4 listings
598172299,1,f,,Single listing
598222812,16,f,,5-19 listings
598309554,80,f,,20+ listings
598319391,1,f,,Single listing
598335236,1,f,,Single listing
598496314,1,f,,Single listing
598513436,1,t,,Single listing
598566262,1,t,,Single listing
598579809,1,f,,Single listing
598685045,1,t,,Single listing
598867264,2,f,,2-4 listings
598924031,1,f,,Single listing
598947012,1,f,,Single listing
598960707,1,f,,Single listing
599049750,1,f,,Single listing
599228352,1,t,,Single listing
599304677,5,t,,5-19 listings
599394054,1,f,,Single listing
599424431,1,f,,Single listing
599471315,1,t,,Single listing
599515822,1,f,,Single listing
599669176,2,t,,2-4 listings
599766493,1,f,,Single listing
650023079,6,f,,5-19 listings
650111866,1,f,,Single listing
650126228,1,t,,Single listing
650127462,1,f,,Single listing
650137333,18,f,,5-19 listings
650140651,1,f,,Single listing
650149010,9,f,,5-19 listings
650153552,1,f,,Single listing
650171716,1,f,,Single listing
650330442,1,f,,Single listing
650333391,1,f,,Single listing
650521880,1,t,,Single listing
650570911,1,f,,Single listing
650685154,1,f,,Single listing
650837517,2,f,,2-4 listings
650877714,1,f,,Single listing
650886200,1,f,,Single listing
651027897,1,f,,Single listing
651053973,1,t,,Single listing
651066061,1,t,,Single listing
651130805,1,t,,Single listing
651134014,1,f,,Single listing
651216913,1,f,,Single listing
651268155,1,f,,Single listing
651315752,1,f,,Single listing
651399512,1,f,,Single listing
651511945,4,t,,2-4 listings
651605465,1,f,,Single listing
651622558,1,f,,Single listing
651847889,2,f,,2-4 listings
651850100,1,f,,Single listing
651971721,1,f,,Single listing
652114640,1,f,,Single listing
652316821,1,f,,Single listing
652327613,1,t,,Single listing
652495540,1,f,,Single listing
652586261,1,f,,Single listing
652708258,14,f,,5-19 listings
652730483,1,f,,Single listing
652742311,2,f,,2-4 listings
652745623,2,f,,2-4 listings
652898291,2,f,,2-4 listings
652905957,1,f,,Single listing
652917339,1,t,,Single listing
653089964,1,f,,Single listing
653112516,1,f,,Single listing
653138039,1,f,,Single listing
653243555,1,f,,Single listing
653264113,1,t,,Single listing
653567749,1,f,,Single listing
653572471,1,f,,Single listing
653573474,1,f,,Single listing
653742384,2,t,,2-4 listings
653751517,1,f,,Single listing
653955810,1,f,,Single listing
653998570,3,f,,2-4 listings
654082988,1,f,,Single listing
654085223,1,f,,Single listing
654088195,1,t,,Single listing
654102420,2,f,,2-4 listings
654120538,1,f,,Single listing
654127860,1,f,,Single listing
654160588,1,f,,Single listing
654261482,2,t,,2-4 listings
654263054,1,f,,Single listing
654500631,1,f,,Single listing
654601922,1,f,,Single listing
654635387,1,f,,Single listing
654754760,1,f,,Single listing
654766928,2,f,,2-4 listings
654861416,3,f,,2-4 listings
654899683,1,f,,Single listing
654917163,1,f,,Single listing
654958393,2,f,,2-4 listings
655085742,1,f,,Single listing
655237962,1,f,,Single listing
655239252,1,t,,Single listing
655243362,1,f,,Single listing
655281375,1,f,,Single listing
655586305,1,t,,Single listing
655721657,2,t,,2-4 listings
655891215,6,f,,5-19 listings
655902398,1,t,,Single listing
655915245,1,f,,Single listing
655958498,1,f,,Single listing
656061296,1,f,,Single listing
656102203,1,f,,Single listing
656104099,1,f,,Single listing
656122907,1,f,,Single listing
656230101,1,f,,Single listing
656409328,1,f,,Single listing
656427449,1,f,,Single listing
656436614,1,f,,Single listing
656438307,1,f,,Single listing
656456137,1,f,,Single listing
656486792,1,f,,Single listing
656508943,1,t,,Single listing
656581850,1,t,,Single listing
656597721,2,t,,2-4 listings
656775036,1,f,,Single listing
656775352,57,t,,20+ listings
656858805,1,f,,Single listing
656874318,1,f,,Single listing
656954760,1,f,,Single listing
657040020,1,f,,Single listing
657051663,1,t,,Single listing
657079810,1,t,,Single listing
657156322,1,f,,Single listing
657246450,1,t,,Single listing
657403828,8,f,,5-19 listings
657413166,1,f,,Single listing
657445314,1,f,,Single listing
657566661,1,f,,Single listing
657583288,11,f,,5-19 listings
657594457,2,t,,2-4 listings
657595119,10,t,,5-19 listings
657601031,1,f,,Single listing
657609349,1,f,,Single listing
657619356,1,f,,Single listing
657689247,1,t,,Single listing
657965448,1,f,,Single listing
658046644,1,t,,Single listing
658102820,2,t,,2-4 listings
658132603,1,f,,Single listing
658200212,1,f,,Single listing
658225280,1,f,,Single listing
658278219,1,t,,Single listing
658373550,2,f,,2-4 listings
658373821,7,f,,5-19 listings
658378842,1,f,,Single listing
658381858,1,f,,Single listing
658386118,1,f,,Single listing
658388689,1,f,,Single listing
658553081,1,f,,Single listing
658572546,1,f,,Single listing
658582722,1,f,,Single listing
658584019,2,f,,2-4 listings
658586540,1,f,,Single listing
658705297,1,f,,Single listing
658712625,1,f,,Single listing
658738607,1,t,,Single listing
658752988,1,f,,Single listing
658795987,1,f,,Single listing
658879060,1,f,,Single listing
658879556,3,f,,2-4 listings
658923173,1,f,,Single listing
659049008,1,t,,Single listing
659080603,1,t,,Single listing
659093944,1,f,,Single listing
659111746,1,f,,Single listing
659169672,1,f,,Single listing
659341938,1,f,,Single listing
659342706,1,f,,Single listing
659351385,42,f,,20+ listings
659357941,1,t,,Single listing
659368956,1,f,,Single listing
659506933,1,t,,Single listing
659566153,3,f,,2-4 listings
659668972,13,t,,5-19 listings
659670727,2,f,,2-4 listings
659700641,1,f,,Single listing
659768586,1,t,,Single listing
659825912,9,f,,5-19 listings
659988646,1,f,,Single listing
660136470,1,f,,Single listing
660181904,1,f,,Single listing
660301576,3,f,,2-4 listings
660306066,1,f,,Single listing
660320900,1,f,,Single listing
660451436,1,f,,Single listing
660453456,1,f,,Single listing
660455170,1,f,,Single listing
660458618,1,t,,Single listing
660459957,1,f,,Single listing
660467484,1,f,,Single listing
660508292,1,f,,Single listing
660516741,1,f,,Single listing
660522989,1,f,,Single listing
660554579,1,f,,Single listing
660629859,1,f,,Single listing
660668389,1,f,,Single listing
660679753,1,f,,Single listing
660709812,1,f,,Single listing
660809564,9,f,,5-19 listings
660969406,4,t,,2-4 listings
660973922,1,f,,Single listing
660997981,6,f,,5-19 listings
661025702,8,f,,5-19 listings
661036626,1,f,,Single listing
661044017,1,t,,Single listing
661054369,1,f,,Single listing
661140286,1,f,,Single listing
661266375,8,f,,5-19 listings
661277639,1,t,,Single listing
661281280,1,t,,Single listing
661431016,1,f,,Single listing
661447825,1,f,,Single listing
661451806,1,f,,Single listing
661458424,1,f,,Single listing
661583509,1,f,,Single listing
661586141,2,t,,2-4 listings
661594580,1,t,,Single listing
661620402,1,f,,Single listing
661630147,2,f,,2-4 listings
661763901,1,f,,Single listing
661785195,1,f,,Single listing
661789260,1,t,,Single listing
661800442,1,f,,Single listing
661802413,1,f,,Single listing
661934032,1,t,,Single listing
661934947,1,t,,Single listing
661936528,2,f,,2-4 listings
661941098,2,f,,2-4 listings
662027267,1,f,,Single listing
662131033,1,f,,Single listing
662142614,1,f,,Single listing
662166780,5,f,,5-19 listings
662261753,1,f,,Single listing
662264704,1,f,,Single listing
662274376,1,f,,Single listing
662284403,1,f,,Single listing
662308777,2,t,,2-4 listings
662422397,1,t,,Single listing
662573042,1,t,,Single listing
662751141,1,f,,Single listing
662757044,1,f,,Single listing
662757256,1,f,,Single listing
662757923,2,t,,2-4 listings
662763050,5,f,,5-19 listings
662788505,1,f,,Single listing
662922146,2,f,,2-4 listings
662930096,1,f,,Single listing
662935050,1,f,,Single listing
662941886,1,f,,Single listing
663029965,1,t,,Single listing
663093329,1,f,,Single listing
663106959,1,f,,Single listing
663131140,1,t,,Single listing
663269898,1,f,,Single listing
663272812,1,f,,Single listing
663274079,1,f,,Single listing
663289478,1,f,,Single listing
663301293,1,t,,Single listing
663318430,1,f,,Single listing
663438858,1,f,,Single listing
663444010,3,f,,2-4 listings
663563065,1,f,,Single listing
663630684,2,f,,2-4 listings
663698156,2,f,,2-4 listings
663744900,1,f,,Single listing
663863281,1,t,,Single listing
663868084,1,f,,Single listing
663889702,1,f,,Single listing
663900475,1,f,,Single listing
663939846,1,t,,Single listing
664040500,1,f,,Single listing
664044263,1,f,,Single listing
664045944,1,t,,Single listing
664047566,1,f,,Single listing
664093868,2,t,,2-4 listings
664105560,1,f,,Single listing
664111672,1,f,,Single listing
664139711,2,t,,2-4 listings
664199663,1,f,,Single listing
664221441,1,t,,Single listing
664245085,1,f,,Single listing
664252933,1,t,,Single listing
664281093,1,f,,Single listing
664363959,11,f,,5-19 listings
664657134,2,f,,2-4 listings
664664684,1,f,,Single listing
664675268,1,t,,Single listing
664720831,1,f,,Single listing
664731299,22,f,,20+ listings
664817050,1,f,,Single listing
664824099,1,t,,Single listing
664859061,1,t,,Single listing
664879931,2,t,,2-4 listings
664990883,1,f,,Single listing
664990915,3,t,,2-4 listings
665090007,1,f,,Single listing
665130371,2,f,,2-4 listings
665161675,1,f,,Single listing
665174785,2,t,,2-4 listings
665185770,1,t,,Single listing
665224212,1,f,,Single listing
665284771,1,f,,Single listing
665331931,2,t,,2-4 listings
665332321,1,t,,Single listing
665355280,1,f,,Single listing
665368645,1,f,,Single listing
665393154,2,f,,2-4 listings
665498486,2,t,,2-4 listings
665664810,7,t,,5-19 listings
665670629,1,f,,Single listing
665671588,1,f,,Single listing
665673108,1,f,,Single listing
665804981,1,f,,Single listing
665805249,3,f,,2-4 listings
665806079,1,f,,Single listing
665839541,1,f,,Single listing
665931136,2,t,,2-4 listings
665945606,1,f,,Single listing
665946410,1,f,,Single listing
666126264,2,f,,2-4 listings
666133741,1,t,,Single listing
666141123,1,f,,Single listing
666164714,1,f,,Single listing
666199507,1,f,,Single listing
666279972,1,f,,Single listing
666296273,1,f,,Single listing
666317551,4,f,,2-4 listings
666322551,6,f,,5-19 listings
666454648,1,f,,Single listing
666459549,3,f,,2-4 listings
666460703,1,f,,Single listing
666475304,1,f,,Single listing
666614518,6,f,,5-19 listings
666629096,1,f,,Single listing
666637301,1,f,,Single listing
666661354,1,f,,Single listing
666768442,1,t,,Single listing
666780017,1,t,,Single listing
666793321,1,t,,Single listing
666919384,2,t,,2-4 listings
666927202,2,t,,2-4 listings
666939085,1,f,,Single listing
667109468,1,t,,Single listing
667222677,1,f,,Single listing
667239005,1,f,,Single listing
667240148,1,f,,Single listing
667244962,6,f,,5-19 listings
667265350,2,f,,2-4 listings
667268174,1,f,,Single listing
667316017,1,f,,Single listing
667459298,1,t,,Single listing
667492753,1,f,,Single listing
667601659,1,f,,Single listing
667603791,1,f,,Single listing
667722760,1,f,,Single listing
667726698,1,f,,Single listing
667742520,1,f,,Single listing
667878995,1,f,,Single listing
667892307,1,t,,Single listing
668040152,1,f,,Single listing
668192725,1,f,,Single listing
668193317,1,t,,Single listing
668193562,5,t,,5-19 listings
668209033,1,t,,Single listing
668299527,1,f,,Single listing
668340840,6,f,,5-19 listings
668349338,8,t,,5-19 listings
668355057,1,f,,Single listing
668366219,1,f,,Single listing
668368768,4,f,,2-4 listings
668375021,1,f,,Single listing
668382630,1,f,,Single listing
668412699,1,t,,Single listing
668510023,1,f,,Single listing
668513524,1,f,,Single listing
668526278,5,t,,5-19 listings
668561435,1,f,,Single listing
668697643,1,f,,Single listing
668807432,1,f,,Single listing
669017048,2,f,,2-4 listings
669090798,1,f,,Single listing
669219346,1,f,,Single listing
669241601,1,f,,Single listing
669274241,1,f,,Single listing
669438478,1,f,,Single listing
669660411,1,f,,Single listing
669671211,1,f,,Single listing
669675873,1,f,,Single listing
669752173,2,f,,2-4 listings
669918575,2,f,,2-4 listings
669972981,1,t,,Single listing
670209032,1,f,,Single listing
670265255,1,t,,Single listing
670272443,1,f,,Single listing
670455559,1,f,,Single listing
670527868,1,f,,Single listing
670925970,3,f,,2-4 listings
671216245,1,f,,Single listing
671442217,1,f,,Single listing
671571865,1,f,,Single listing
671571978,1,t,,Single listing
671592983,1,t,,Single listing
671594847,1,f,,Single listing
671606779,1,f,,Single listing
671641925,2,t,,2-4 listings
671845825,1,f,,Single listing
671864069,3,t,,2-4 listings
672026411,1,t,,Single listing
672029516,1,f,,Single listing
672031119,5,t,,5-19 listings
672453340,1,f,,Single listing
672587063,1,f,,Single listing
672648181,1,f,,Single listing
672727290,1,f,,Single listing
672747760,1,f,,Single listing
672783263,1,f,,Single listing
672875785,1,t,,Single listing
673097954,1,f,,Single listing
673124977,1,t,,Single listing
673127216,1,f,,Single listing
673175031,1,f,,Single listing
673230955,1,f,,Single listing
673330463,1,f,,Single listing
673357355,3,t,,2-4 listings
673360242,2,f,,2-4 listings
673390246,1,f,,Single listing
673392221,1,f,,Single listing
673498202,1,f,,Single listing
673501174,1,f,,Single listing
673580543,1,f,,Single listing
673904283,4,t,,2-4 listings
673955525,1,t,,Single listing
673955643,1,f,,Single listing
674096059,8,f,,5-19 listings
674115416,8,f,,5-19 listings
674116674,1,t,,Single listing
674131170,1,f,,Single listing
674300187,5,f,,5-19 listings
674322019,1,f,,Single listing
674328949,1,f,,Single listing
674377371,1,f,,Single listing
674499482,1,f,,Single listing
674527436,2,f,,2-4 listings
674532758,1,f,,Single listing
674603606,1,f,,Single listing
674700272,1,f,,Single listing
674723781,2,f,,2-4 listings
674723807,1,f,,Single listing
674813510,2,f,,2-4 listings
674892360,1,t,,Single listing
674914209,2,t,,2-4 listings
674930349,1,f,,Single listing
674938520,1,f,,Single listing
675081614,1,f,,Single listing
675117837,1,f,,Single listing
675449169,1,f,,Single listing
675465708,1,f,,Single listing
675469383,1,f,,Single listing
675476148,1,f,,Single listing
675476309,1,f,,Single listing
675482311,1,f,,Single listing
675648482,3,t,,2-4 listings
675717124,1,f,,Single listing
675810266,1,f,,Single listing
675828430,2,f,,2-4 listings
675994050,1,f,,Single listing
675995912,5,f,,5-19 listings
676064897,2,f,,2-4 listings
676069300,1,t,,Single listing
676219418,1,t,,Single listing
676231720,5,f,,5-19 listings
676559262,1,t,,Single listing
676731952,1,f,,Single listing
676733671,1,f,,Single listing
676782504,1,f,,Single listing
677087620,1,f,,Single listing
677102642,1,f,,Single listing
677109474,75,f,,20+ listings
677174607,1,f,,Single listing
677194750,1,f,,Single listing
677324897,3,f,,2-4 listings
677331364,1,t,,Single listing
677394335,1,f,,Single listing
677480471,1,f,,Single listing
677523604,1,f,,Single listing
677574785,1,f,,Single listing
677908686,1,t,,Single listing
677999842,1,t,,Single listing
678191543,3,t,,2-4 listings
678197886,1,f,,Single listing
678211329,2,f,,2-4 listings
678256239,1,f,,Single listing
678277581,1,t,,Single listing
678399404,1,f,,Single listing
678407810,1,f,,Single listing
678409002,1,f,,Single listing
678447077,2,f,,2-4 listings
678599018,1,t,,Single listing
678615527,1,f,,Single listing
678756889,1,f,,Single listing
678760618,1,f,,Single listing
678837823,1,f,,Single listing
679092325,1,f,,Single listing
679103123,1,f,,Single listing
679140029,1,f,,Single listing
679155523,1,f,,Single listing
679309646,1,f,,Single listing
679490434,1,t,,Single listing
679678050,1,t,,Single listing
679694184,1,f,,Single listing
679947036,1,t,,Single listing
679990415,4,f,,2-4 listings
679994414,1,f,,Single listing
680129923,1,f,,Single listing
680165048,2,t,,2-4 listings
680295212,1,f,,Single listing
680544990,1,f,,Single listing
680638835,1,f,,Single listing
680654598,1,t,,Single listing
680717596,1,f,,Single listing
680727948,1,f,,Single listing
680859065,1,f,,Single listing
680872373,3,t,,2-4 listings
680873800,1,f,,Single listing
680890425,1,f,,Single listing
680900537,1,f,,Single listing
681099076,1,f,,Single listing
681280215,1,f,,Single listing
681391991,1,f,,Single listing
681495878,1,t,,Single listing
681540890,1,f,,Single listing
681666147,1,t,,Single listing
681874875,1,f,,Single listing
682306921,1,f,,Single listing
682502372,1,f,,Single listing
682546885,3,f,,2-4 listings
682594877,1,t,,Single listing
682614548,1,f,,Single listing
682699742,6,f,,5-19 listings
682867947,1,f,,Single listing
682877487,1,f,,Single listing
682879581,1,f,,Single listing
682915496,19,f,,5-19 listings
682969413,1,f,,Single listing
683059831,4,f,,2-4 listings
683283454,1,f,,Single listing
683443919,5,f,,5-19 listings
683474861,1,f,,Single listing
683532233,22,t,,20+ listings
683550480,1,t,,Single listing
683661164,1,f,,Single listing
683666768,1,f,,Single listing
683690225,1,f,,Single listing
683844058,1,f,,Single listing
683861641,1,f,,Single listing
683872981,1,t,,Single listing
683890969,1,f,,Single listing
683959602,3,f,,2-4 listings
684036618,1,f,,Single listing
684043136,1,t,,Single listing
684206859,1,f,,Single listing
684264608,6,f,,5-19 listings
684401870,1,t,,Single listing
684406355,1,f,,Single listing
684557041,1,f,,Single listing
684740692,1,f,,Single listing
684793038,1,f,,Single listing
684939088,1,f,,Single listing
684963934,1,f,,Single listing
685031863,1,f,,Single listing
685125893,2,t,,2-4 listings
685299320,1,f,,Single listing
685317293,1,f,,Single listing
685331004,1,f,,Single listing
685395101,3,f,,2-4 listings
685488240,1,f,,Single listing
685520884,1,f,,Single listing
685525591,1,f,,Single listing
685541028,1,f,,Single listing
686019067,1,f,,Single listing
686051426,1,f,,Single listing
686066397,1,f,,Single listing
686068626,1,f,,Single listing
686239992,1,f,,Single listing
686288689,1,f,,Single listing
686418940,1,f,,Single listing
686585173,1,t,,Single listing
686775987,1,f,,Single listing
686838795,1,f,,Single listing
686849562,1,f,,Single listing
686932474,1,f,,Single listing
686965872,1,t,,Single listing
687213201,1,t,,Single listing
687292347,1,f,,Single listing
687298679,1,f,,Single listing
687371971,1,t,,Single listing
687492667,1,f,,Single listing
687520023,1,t,,Single listing
687527906,1,t,,Single listing
687532449,2,f,,2-4 listings
687697937,1,f,,Single listing
687881854,9,t,,5-19 listings
688148561,1,f,,Single listing
688236784,2,f,,2-4 listings
688619792,1,f,,Single listing
688685164,1,f,,Single listing
688809153,1,f,,Single listing
688822700,1,f,,Single listing
688833725,5,f,,5-19 listings
689001242,1,t,,Single listing
689012052,1,f,,Single listing
689048024,2,f,,2-4 listings
689253392,1,f,,Single listing
689462091,1,f,,Single listing
689575510,1,f,,Single listing
689587120,1,f,,Single listing
689740787,1,f,,Single listing
689916348,1,f,,Single listing
690003862,17,t,,5-19 listings
690141258,1,f,,Single listing
690306334,1,f,,Single listing
690319215,1,t,,Single listing
690319281,4,f,,2-4 listings
690339714,1,f,,Single listing
690408345,1,t,,Single listing
690449945,2,f,,2-4 listings
690518823,1,t,,Single listing
690681708,1,f,,Single listing
690708108,16,f,,5-19 listings
691024477,1,f,,Single listing
691037498,1,f,,Single listing
691101950,2,f,,2-4 listings
691190372,1,f,,Single listing
691386763,1,f,,Single listing
691396624,2,t,,2-4 listings
691405007,1,t,,Single listing
691489409,1,t,,Single listing
691496616,2,t,,2-4 listings
691602960,1,t,,Single listing
691604741,1,t,,Single listing
691607580,1,f,,Single listing
691616621,1,f,,Single listing
691644661,1,f,,Single listing
691782951,1,f,,Single listing
691802479,1,f,,Single listing
691824517,3,f,,2-4 listings
691835257,2,t,,2-4 listings
691970282,1,f,,Single listing
692156614,2,f,,2-4 listings
692158418,1,t,,Single listing
692163803,2,f,,2-4 listings
692536210,1,f,,Single listing
692815149,1,f,,Single listing
692944451,1,f,,Single listing
692958611,1,f,,Single listing
693090360,1,f,,Single listing
693096613,1,t,,Single listing
693102212,1,f,,Single listing
693274584,1,f,,Single listing
693290289,1,f,,Single listing
693323135,1,f,,Single listing
693801472,1,f,,Single listing
693834112,3,t,,2-4 listings
694026042,1,f,,Single listing
694045027,4,f,,2-4 listings
694067164,1,f,,Single listing
694233028,1,f,,Single listing
694264940,3,f,,2-4 listings
694377592,1,f,,Single listing
694408498,1,f,,Single listing
694754575,1,t,,Single listing
694858044,1,f,,Single listing
695037252,1,f,,Single listing
695048870,1,f,,Single listing
695059358,1,t,,Single listing
695135173,4,f,,2-4 listings
695279152,1,f,,Single listing
695435294,1,f,,Single listing
695435995,1,f,,Single listing
695658661,1,f,,Single listing
695696084,5,t,,5-19 listings
695726866,1,f,,Single listing
695802488,2,f,,2-4 listings
695807156,1,f,,Single listing
695820068,1,t,,Single listing
695847586,1,f,,Single listing
695882012,5,f,,5-19 listings
695883285,1,f,,Single listing
695974910,1,f,,Single listing
696321998,1,f,,Single listing
696336211,3,t,,2-4 listings
696407870,2,t,,2-4 listings
696408791,1,f,,Single listing
696532423,1,t,,Single listing
696541846,1,f,,Single listing
696553758,1,f,,Single listing
696557208,4,f,,2-4 listings
696561880,1,f,,Single listing
696585170,1,t,,Single listing
696715049,1,f,,Single listing
696720714,1,t,,Single listing
696760145,3,f,,2-4 listings
697167144,1,f,,Single listing
697275313,3,t,,2-4 listings
697372086,1,f,,Single listing
697579478,1,f,,Single listing
697603446,1,t,,Single listing
697726638,1,f,,Single listing
697811400,5,f,,5-19 listings
697904121,1,f,,Single listing
697974910,1,f,,Single listing
697978610,3,f,,2-4 listings
698198585,1,f,,Single listing
698218557,2,f,,2-4 listings
698331711,1,t,,Single listing
698354934,1,t,,Single listing
698493569,1,f,,Single listing
698675827,1,f,,Single listing
698717224,1,f,,Single listing
698870735,1,t,,Single listing
698893750,1,f,,Single listing
698986563,1,f,,Single listing
699067276,2,f,,2-4 listings
699084701,8,f,,5-19 listings
699089493,5,f,,5-19 listings
699111688,1,f,,Single listing
699197943,1,t,,Single listing
699257344,1,f,,Single listing
699284573,2,f,,2-4 listings
699328217,1,f,,Single listing
699664000,1,f,,Single listing
699734985,1,f,,Single listing
699821918,4,f,,2-4 listings
700211558,1,f,,Single listing
700225859,1,t,,Single listing
700240088,1,f,,Single listing
700405414,1,f,,Single listing
700438646,1,f,,Single listing
700446402,1,f,,Single listing
700447801,1,f,,Single listing
700449627,1,f,,Single listing
700486386,8,f,,5-19 listings
700512081,1,f,,Single listing
700566379,3,f,,2-4 listings
700643379,1,f,,Single listing
700647783,1,f,,Single listing
700649137,1,t,,Single listing
700973286,1,f,,Single listing
701030622,1,t,,Single listing
701570828,1,f,,Single listing
701587136,1,f,,Single listing
701898417,1,t,,Single listing
701984666,3,f,,2-4 listings
702018941,1,f,,Single listing
702182936,1,t,,Single listing
702195839,1,t,,Single listing
702196133,1,f,,Single listing
702404205,4,f,,2-4 listings
702416666,1,f,,Single listing
702629775,1,f,,Single listing
702776084,1,f,,Single listing
702846627,1,f,,Single listing
702862431,3,t,,2-4 listings
702976193,1,f,,Single listing
702985961,1,f,,Single listing
703006396,1,f,,Single listing
703007510,2,f,,2-4 listings
703014111,1,f,,Single listing
703057932,1,f,,Single listing
703118017,4,t,,2-4 listings
703225635,1,f,,Single listing
703256408,1,f,,Single listing
703342117,1,f,,Single listing
703342124,1,f,,Single listing
703608224,7,f,,5-19 listings
703616535,1,t,,Single listing
703698572,2,t,,2-4 listings
703822416,1,f,,Single listing
703829028,1,f,,Single listing
704445654,4,f,,2-4 listings
704614581,1,t,,Single listing
704687178,1,f,,Single listing
704761986,1,f,,Single listing
704833136,2,f,,2-4 listings
704849028,1,t,,Single listing
704901953,1,f,,Single listing
705012758,1,t,,Single listing
705042316,1,f,,Single listing
705058170,1,t,,Single listing
705066272,1,f,,Single listing
705167754,1,f,,Single listing
705202195,1,f,,Single listing
705231525,1,f,,Single listing
705246158,1,f,,Single listing
705575963,1,f,,Single listing
705676587,1,t,,Single listing
705828725,1,f,,Single listing
706205690,6,f,,5-19 listings
706217019,3,t,,2-4 listings
706265742,1,f,,Single listing
706281982,1,t,,Single listing
706296788,1,f,,Single listing
706306304,3,f,,2-4 listings
706640523,1,f,,Single listing
706642556,1,t,,Single listing
706693029,1,f,,Single listing
706862498,2,t,,2-4 listings
707112261,2,f,,2-4 listings
707234103,1,f,,Single listing
707274082,1,f,,Single listing
707449974,3,f,,2-4 listings
707451660,1,t,,Single listing
707615092,1,f,,Single listing
707651217,1,f,,Single listing
707695055,2,f,,2-4 listings
707882205,1,f,,Single listing
707988932,1,f,,Single listing
708038495,1,f,,Single listing
708105751,1,f,,Single listing
708114859,1,f,,Single listing
708284211,9,f,,5-19 listings
708488296,1,f,,Single listing
708663684,1,f,,Single listing
708664194,1,f,,Single listing
708664697,1,t,,Single listing
708695418,1,f,,Single listing
708931296,1,t,,Single listing
708947745,1,f,,Single listing
709075750,1,f,,Single listing
709121810,1,f,,Single listing
709208512,1,t,,Single listing
709215596,1,f,,Single listing
709509545,1,f,,Single listing
709533173,1,f,,Single listing
709540056,2,f,,2-4 listings
709542640,1,f,,Single listing
710104960,1,f,,Single listing
710212045,1,t,,Single listing
710231098,1,f,,Single listing
710301158,1,f,,Single listing
710314992,1,t,,Single listing
710542592,1,f,,Single listing
710723845,1,f,,Single listing
710742614,1,f,,Single listing
710745738,1,f,,Single listing
710835329,3,f,,2-4 listings
710937364,1,f,,Single listing
711190032,2,f,,2-4 listings
711358088,1,f,,Single listing
711474809,5,f,,5-19 listings
711485169,1,f,,Single listing
711493109,4,f,,2-4 listings
711507842,1,f,,Single listing
711510112,1,f,,Single listing
711578748,1,f,,Single listing
711713202,1,f,,Single listing
712104115,1,t,,Single listing
712111641,2,t,,2-4 listings
712268442,1,f,,Single listing
712274325,1,f,,Single listing
712424546,1,f,,Single listing
712525838,3,f,,2-4 listings
712721013,1,t,,Single listing
712836318,1,f,,Single listing
712867046,1,f,,Single listing
713052053,1,f,,Single listing
713102263,3,f,,2-4 listings
713226032,1,t,,Single listing
713265527,1,f,,Single listing
713287271,1,f,,Single listing
713296310,1,f,,Single listing
713316454,1,t,,Single listing
713446035,1,f,,Single listing
713477465,1,f,,Single listing
713627265,1,f,,Single listing
713640095,1,f,,Single listing
713657227,1,f,,Single listing
713825169,1,f,,Single listing
713848973,1,f,,Single listing
713952161,1,f,,Single listing
713971810,7,f,,5-19 listings
713979336,1,f,,Single listing
713994743,1,t,,Single listing
714068977,1,f,,Single listing
714143161,1,f,,Single listing
714161983,1,f,,Single listing
714165057,1,f,,Single listing
714217721,1,t,,Single listing
714339027,4,f,,2-4 listings
714345956,1,f,,Single listing
714346813,2,f,,2-4 listings
714750467,69,f,,20+ listings
714765334,1,t,,Single listing
714767202,9,f,,5-19 listings
714776916,1,f,,Single listing
714934391,1,t,,Single listing
715437510,1,f,,Single listing
715439383,8,f,,5-19 listings
715667852,1,f,,Single listing
715792717,1,f,,Single listing
715796306,1,t,,Single listing
715807956,2,t,,2-4 listings
715961328,1,f,,Single listing
715965621,1,f,,Single listing
715966406,1,f,,Single listing
716136060,1,t,,Single listing
716179280,1,f,,Single listing
716282442,1,f,,Single listing
716297040,1,f,,Single listing
716615855,1,f,,Single listing
716721784,2,t,,2-4 listings
716860765,1,f,,Single listing
716887997,21,f,,20+ listings
716997065,1,f,,Single listing
717012487,1,t,,Single listing
717014842,1,t,,Single listing
717017253,1,f,,Single listing
717021002,1,t,,Single listing
717032129,1,f,,Single listing
717307725,1,t,,Single listing
717325108,1,f,,Single listing
717328242,1,f,,Single listing
717377711,1,f,,Single listing
717492630,1,t,,Single listing
717660307,4,f,,2-4 listings
717676044,1,f,,Single listing
717949394,1,t,,Single listing
717977907,3,f,,2-4 listings
718238817,2,f,,2-4 listings
718253740,1,f,,Single listing
718267329,2,t,,2-4 listings
718287055,1,f,,Single listing
718431413,1,t,,Single listing
718438336,1,t,,Single listing
718439423,1,f,,Single listing
718456364,3,f,,2-4 listings
718501238,2,t,,2-4 listings
718587782,1,t,,Single listing
718589595,2,t,,2-4 listings
718590809,1,f,,Single listing
718594455,1,t,,Single listing
718613463,1,f,,Single listing
718667815,1,f,,Single listing
718754698,1,f,,Single listing
718797930,1,f,,Single listing
718808931,4,t,,2-4 listings
719078703,1,f,,Single listing
719091504,1,f,,Single listing
719110813,1,f,,Single listing
719258339,1,t,,Single listing
719264259,2,f,,2-4 listings
719270339,1,t,,Single listing
719291237,1,f,,Single listing
719312614,1,f,,Single listing
719405345,4,f,,2-4 listings
719434216,1,f,,Single listing
719436546,1,f,,Single listing
719439632,1,f,,Single listing
719442418,1,f,,Single listing
719450178,1,f,,Single listing
719594094,1,t,,Single listing
719594508,1,t,,Single listing
719602091,1,t,,Single listing
719618027,5,f,,5-19 listings
719653328,1,f,,Single listing
719753904,2,f,,2-4 listings
719763528,1,f,,Single listing
719786076,1,t,,Single listing
719786961,2,f,,2-4 listings
719787434,1,f,,Single listing
719843948,14,t,,5-19 listings
719925211,1,f,,Single listing
719965816,1,f,,Single listing
720148647,1,f,,Single listing
720162014,1,f,,Single listing
720256390,2,f,,2-4 listings
720257520,1,t,,Single listing
720270405,1,f,,Single listing
720275508,1,f,,Single listing
720287487,1,f,,Single listing
720306259,4,f,,2-4 listings
720450756,1,f,,Single listing
720465495,1,f,,Single listing
720633852,3,f,,2-4 listings
720707768,1,f,,Single listing
720768655,1,f,,Single listing
720929647,1,f,,Single listing
720932853,1,f,,Single listing
720934718,8,f,,5-19 listings
720952280,1,f,,Single listing
720966012,1,f,,Single listing
721082572,3,f,,2-4 listings
721103159,1,f,,Single listing
721176597,1,t,,Single listing
721258152,1,f,,Single listing
721310121,1,f,,Single listing
721417005,2,f,,2-4 listings
721418369,1,f,,Single listing
721428278,1,f,,Single listing
721590304,1,f,,Single listing
721595429,1,f,,Single listing
721603591,1,f,,Single listing
721655508,1,f,,Single listing
721771773,1,f,,Single listing
721789049,1,f,,Single listing
721798435,3,f,,2-4 listings
721811926,1,f,,Single listing
721955759,7,f,,5-19 listings
722094850,1,t,,Single listing
722110166,1,f,,Single listing
722130602,1,t,,Single listing
722313311,1,t,,Single listing
722441455,1,f,,Single listing
722580739,1,f,,Single listing
722582777,1,f,,Single listing
722751860,1,f,,Single listing
722762978,1,f,,Single listing
722798468,1,f,,Single listing
722808418,1,f,,Single listing
722893755,1,f,,Single listing
722940213,1,f,,Single listing
722955731,1,f,,Single listing
722965710,1,f,,Single listing
722966420,1,f,,Single listing
723103500,1,f,,Single listing
723103523,1,f,,Single listing
723118536,1,f,,Single listing
723121490,1,f,,Single listing
723130964,1,f,,Single listing
723145184,1,f,,Single listing
723167352,2,f,,2-4 listings
723176488,7,f,,5-19 listings
723182236,2,t,,2-4 listings
723259930,1,f,,Single listing
723358211,1,f,,Single listing
723477199,1,f,,Single listing
723508565,1,f,,Single listing
723510677,29,t,,20+ listings
723611893,1,f,,Single listing
723768211,1,t,,Single listing
723787165,1,f,,Single listing
723791717,1,t,,Single listing
723942798,1,t,,Single listing
723945935,1,f,,Single listing
723959815,1,f,,Single listing
723959868,4,f,,2-4 listings
723999059,1,f,,Single listing
724027984,1,f,,Single listing
724118170,2,f,,2-4 listings
724282213,45,t,,20+ listings
724315800,2,t,,2-4 listings
724318707,1,f,,Single listing
724323591,2,t,,2-4 listings
724325439,5,f,,5-19 listings
724348184,1,t,,Single listing
724436948,1,f,,Single listing
724445079,1,f,,Single listing
724449446,1,f,,Single listing
724463605,1,t,,Single listing
724467677,1,t,,Single listing
724472376,1,f,,Single listing
724493305,1,f,,Single listing
724603634,1,f,,Single listing
724644369,1,f,,Single listing
724671026,1,f,,Single listing
724675667,1,f,,Single listing
724845412,2,f,,2-4 listings
724862398,1,t,,Single listing
724924033,2,f,,2-4 listings
724946234,1,t,,Single listing
725010079,1,f,,Single listing
725077525,1,f,,Single listing
725084626,1,f,,Single listing
725103170,1,t,,Single listing
725106029,9,f,,5-19 listings
725112203,1,f,,Single listing
725133466,1,t,,Single listing
725181132,1,f,,Single listing
725253517,2,t,,2-4 listings
725255112,1,t,,Single listing
725265749,1,t,,Single listing
725266413,1,f,,Single listing
725267366,2,f,,2-4 listings
725288283,1,f,,Single listing
725292369,1,f,,Single listing
725297517,1,f,,Single listing
725335095,1,f,,Single listing
725344725,1,f,,Single listing
725462509,1,f,,Single listing
725623086,1,f,,Single listing
725851845,1,f,,Single listing
725951150,1,t,,Single listing
725993310,1,f,,Single listing
726084220,1,f,,Single listing
726090337,1,f,,Single listing
726098076,4,f,,2-4 listings
726124794,1,t,,Single listing
726170185,1,f,,Single listing
726181267,2,f,,2-4 listings
726271775,2,f,,2-4 listings
726290399,1,f,,Single listing
726434702,1,f,,Single listing
726494127,1,f,,Single listing
726533715,3,f,,2-4 listings
726601559,1,f,,Single listing
726622827,1,f,,Single listing
726659410,4,f,,2-4 listings
726688551,3,f,,2-4 listings
726761345,1,t,,Single listing
726763099,1,f,,Single listing
726796590,1,f,,Single listing
726939745,1,f,,Single listing
727062259,1,t,,Single listing
727101711,1,f,,Single listing
727109691,1,f,,Single listing
727153876,1,f,,Single listing
727217528,2,t,,2-4 listings
727240423,1,f,,Single listing
727246924,1,f,,Single listing
727417234,1,t,,Single listing
727420220,1,f,,Single listing
727420703,5,f,,5-19 listings
727421737,1,f,,Single listing
727421810,1,f,,Single listing
727427328,13,t,,5-19 listings
727447430,1,f,,Single listing
727452183,2,t,,2-4 listings
727454630,1,f,,Single listing
727454831,1,f,,Single listing
727474695,4,f,,2-4 listings
727478240,2,f,,2-4 listings
727514621,1,f,,Single listing
727599870,1,f,,Single listing
727612476,1,t,,Single listing
727618257,1,t,,Single listing
727620377,1,t,,Single listing
727671869,1,t,,Single listing
727774479,4,f,,2-4 listings
727782973,3,f,,2-4 listings
727789545,1,f,,Single listing
727793334,1,f,,Single listing
727805425,2,f,,2-4 listings
727901706,1,f,,Single listing
727951157,2,t,,2-4 listings
727966843,1,f,,Single listing
727985410,1,f,,Single listing
728114459,1,f,,Single listing
728158510,1,f,,Single listing
728295303,1,f,,Single listing
728332549,1,t,,Single listing
728434706,1,f,,Single listing
728446982,1,f,,Single listing
728450165,1,f,,Single listing
728453974,1,f,,Single listing
728480945,8,f,,5-19 listings
728490341,1,f,,Single listing
728496294,1,t,,Single listing
728539572,1,f,,Single listing
728638619,1,f,,Single listing
728653521,1,f,,Single listing
728670560,1,t,,Single listing
728671781,2,f,,2-4 listings
728806344,1,f,,Single listing
728912038,1,f,,Single listing
728924223,1,f,,Single listing
728974281,1,f,,Single listing
728974428,2,f,,2-4 listings
728994506,1,t,,Single listing
728998302,2,f,,2-4 listings
729047208,1,f,,Single listing
729139649,1,f,,Single listing
729149733,1,f,,Single listing
729174337,1,f,,Single listing
729180974,1,t,,Single listing
729184600,1,f,,Single listing
729232898,1,f,,Single listing
729301340,1,f,,Single listing
729312409,1,f,,Single listing
729394569,1,f,,Single listing
729453886,1,t,,Single listing
729478347,1,t,,Single listing
729494535,1,t,,Single listing
729503343,1,f,,Single listing
729522593,1,f,,Single listing
729550319,1,f,,Single listing
729629121,1,f,,Single listing
729643779,1,t,,Single listing
729688290,1,f,,Single listing
729734689,1,f,,Single listing
729812824,2,f,,2-4 listings
729979247,1,f,,Single listing
729990309,2,f,,2-4 listings
730007999,2,f,,2-4 listings
730015118,5,f,,5-19 listings
730026311,1,t,,Single listing
730028043,1,f,,Single listing
730061813,1,f,,Single listing
730149558,1,f,,Single listing
730175995,1,f,,Single listing
730185189,3,f,,2-4 listings
730319432,1,f,,Single listing
730319459,1,f,,Single listing
730397511,1,f,,Single listing
730461231,1,f,,Single listing
730469966,37,f,,20+ listings
730471895,1,t,,Single listing
730486037,4,f,,2-4 listings
730629995,4,f,,2-4 listings
730758638,1,f,,Single listing
730783740,1,f,,Single listing
730811122,1,f,,Single listing
730851179,1,f,,Single listing
730919633,1,f,,Single listing
730943107,1,t,,Single listing
730961207,1,f,,Single listing
730977181,4,f,,2-4 listings
730977190,1,f,,Single listing
731056763,1,f,,Single listing
731107067,1,f,,Single listing
731111139,1,f,,Single listing
731121596,1,f,,Single listing
731127940,1,f,,Single listing
731156508,1,f,,Single listing
731166383,1,f,,Single listing
731175798,1,f,,Single listing
731255347,1,f,,Single listing
731259738,12,f,,5-19 listings
731281486,1,f,,Single listing
731335202,1,f,,Single listing
731403621,2,f,,2-4 listings
731409497,1,f,,Single listing
731441911,1,f,,Single listing
731552959,1,f,,Single listing
731593621,1,t,,Single listing
731618525,1,f,,Single listing
731727663,3,t,,2-4 listings
731747402,1,f,,Single listing
731855538,1,f,,Single listing
731882192,1,f,,Single listing
731884201,1,f,,Single listing
731885944,1,f,,Single listing
731892540,1,f,,Single listing
731930400,1,f,,Single listing
731941555,1,f,,Single listing
732027180,1,f,,Single listing
732031174,1,f,,Single listing
732036038,1,f,,Single listing
732036806,1,f,,Single listing
732039277,1,f,,Single listing
732043302,5,f,,5-19 listings
732047822,2,t,,2-4 listings
732062828,1,f,,Single listing
732092776,1,f,,Single listing
732093549,1,f,,Single listing
732121396,1,f,,Single listing
732207631,2,f,,2-4 listings
732216134,1,f,,Single listing
732217247,1,f,,Single listing
732225935,1,f,,Single listing
732270571,1,f,,Single listing
732370627,1,f,,Single listing
732373643,1,f,,Single listing
732374321,1,f,,Single listing
732384095,1,f,,Single listing
732392544,1,f,,Single listing
732406547,1,f,,Single listing
732445985,3,f,,2-4 listings
732484173,1,f,,Single listing
732536635,2,t,,2-4 listings
732564969,1,f,,Single listing
732565147,1,t,,Single listing
732569985,1,t,,Single listing
732695188,1,f,,Single listing
732768590,1,f,,Single listing
732858239,5,f,,5-19 listings
732858576,1,f,,Single listing
733017210,1,f,,Single listing
733019032,1,f,,Single listing
733088074,1,f,,Single listing
733092064,1,f,,Single listing
733184948,2,f,,2-4 listings
733195513,1,t,,Single listing
733197191,1,f,,Single listing
733204416,1,f,,Single listing
733214764,1,t,,Single listing
733215260,1,f,,Single listing
733218402,1,f,,Single listing
733282385,1,t,,Single listing
733293549,1,f,,Single listing
733371853,1,f,,Single listing
733402279,1,f,,Single listing
733426962,3,t,,2-4 listings
733517923,1,f,,Single listing
733518266,7,f,,5-19 listings
733680923,1,f,,Single listing
733686224,1,f,,Single listing
733690014,1,t,,Single listing
733695815,1,f,,Single listing
733697516,1,f,,Single listing
733764053,1,t,,Single listing
733867255,1,f,,Single listing
733932863,1,f,,Single listing
734150672,1,f,,Single listing
734150960,1,f,,Single listing
734160578,1,t,,Single listing
734162439,1,t,,Single listing
734164776,1,f,,Single listing
734200220,1,f,,Single listing
734255032,2,f,,2-4 listings
734348065,2,t,,2-4 listings
734507142,1,f,,Single listing
734513532,1,f,,Single listing
734536203,1,f,,Single listing
734544132,1,f,,Single listing
734563466,1,f,,Single listing
734593692,1,f,,Single listing
734671454,1,f,,Single listing
734672409,1,f,,Single listing
734675768,1,f,,Single listing
734687284,1,f,,Single listing
734699593,1,t,,Single listing
734703692,1,f,,Single listing
734758195,1,f,,Single listing
734802772,1,f,,Single listing
734832520,1,f,,Single listing
734850240,1,f,,Single listing
735009923,1,f,,Single listing
735028142,1,f,,Single listing
735303573,1,f,,Single listing
735311674,1,f,,Single listing
735315691,1,f,,Single listing
735330114,1,f,,Single listing
735352791,1,t,,Single listing
735354477,1,f,,Single listing
735381945,1,f,,Single listing
735425963,1,f,,Single listing
735495691,1,f,,Single listing
735652519,1,f,,Single listing
735665383,1,t,,Single listing
735683915,1,f,,Single listing
735701180,1,f,,Single listing
735702838,1,f,,Single listing
735786759,1,f,,Single listing
735907276,1,f,,Single listing
736048879,1,f,,Single listing
736201370,1,f,,Single listing
736399576,1,f,,Single listing
736503988,1,f,,Single listing
736631817,1,f,,Single listing
736864188,1,t,,Single listing
736877987,1,f,,Single listing
736902326,1,f,,Single listing
736983893,1,f,,Single listing
737063765,1,f,,Single listing
737227290,1,f,,Single listing
737260385,1,f,,Single listing
737437827,1,f,,Single listing
737452120,1,f,,Single listing
737727746,1,f,,Single listing
738139811,1,f,,Single listing
738336071,1,f,,Single listing
738403382,1,f,,Single listing
738432492,1,f,,Single listing
738569854,8,f,,5-19 listings
738570064,1,f,,Single listing
738639136,2,f,,2-4 listings
738789733,1,f,,Single listing
738796254,1,f,,Single listing
738828670,1,f,,Single listing
738830167,1,f,,Single listing
738971322,2,f,,2-4 listings
739010873,1,f,,Single listing
739012226,1,f,,Single listing
739032441,1,f,,Single listing
739032682,9,f,,5-19 listings
739219760,1,f,,Single listing
739476918,1,f,,Single listing
739477145,1,f,,Single listing
739659621,1,f,,Single listing
739876948,1,f,,Single listing
739912968,1,f,,Single listing
739977839,1,f,,Single listing
740113428,1,f,,Single listing
740127087,1,f,,Single listing
740349719,1,t,,Single listing
740586624,1,f,,Single listing
740729900,1,f,,Single listing
740939499,1,f,,Single listing
740970325,1,f,,Single listing
740981133,1,f,,Single listing
740984460,1,t,,Single listing
741184334,1,f,,Single listing
741228765,1,f,,Single listing
741238317,1,f,,Single listing
741239675,2,f,,2-4 listings
741363046,1,f,,Single listing
741369969,3,t,,2-4 listings
741396089,2,f,,2-4 listings
741588979,5,f,,5-19 listings
741595661,1,f,,Single listing
741612612,1,f,,Single listing
741785303,1,f,,Single listing
741841516,1,f,,Single listing
741842616,1,f,,Single listing
741986858,3,f,,2-4 listings
741990673,1,f,,Single listing
741993024,1,f,,Single listing
742349194,1,f,,Single listing
742382900,3,f,,2-4 listings
742480022,1,f,,Single listing
742567778,1,f,,Single listing
742570480,1,f,,Single listing
742575465,1,f,,Single listing
742583835,1,f,,Single listing
742623790,1,f,,Single listing
742634549,1,f,,Single listing
742647824,5,f,,5-19 listings
742749367,1,f,,Single listing
742817415,2,f,,2-4 listings
743149524,1,f,,Single listing
743164560,1,f,,Single listing
743352869,1,f,,Single listing
743600336,1,f,,Single listing
743939312,1,f,,Single listing
743963132,2,f,,2-4 listings
744317975,2,f,,2-4 listings
744456366,1,f,,Single listing
744476051,3,t,,2-4 listings
744489690,4,f,,2-4 listings
744565257,1,f,,Single listing
744664616,1,f,,Single listing
744667261,1,f,,Single listing
744829339,1,f,,Single listing
744869233,1,f,,Single listing
744994982,1,f,,Single listing
745004415,1,f,,Single listing
745051086,1,f,,Single listing
745196150,2,f,,2-4 listings
745237963,1,f,,Single listing
745250833,11,f,,5-19 listings
745393245,1,f,,Single listing
745396359,1,f,,Single listing
745775231,1,f,,Single listing
745775733,3,f,,2-4 listings
745790765,1,f,,Single listing
745821782,1,f,,Single listing
745825861,1,f,,Single listing
745833717,1,f,,Single listing
745954559,1,f,,Single listing
745960062,1,f,,Single listing
745966037,1,f,,Single listing
746164960,1,f,,Single listing
746200732,1,f,,Single listing
746231656,1,f,,Single listing
746243151,2,f,,2-4 listings
746476612,1,f,,Single listing
746486200,1,f,,Single listing
746493105,1,f,,Single listing
746591956,1,f,,Single listing
746673995,1,f,,Single listing
746680332,1,f,,Single listing
746682559,1,f,,Single listing
746687792,2,t,,2-4 listings
746702005,1,f,,Single listing
746867264,1,f,,Single listing
746874427,1,f,,Single listing
747058942,1,f,,Single listing
747085467,1,f,,Single listing
747088262,1,f,,Single listing
747096950,3,t,,2-4 listings
747252518,1,f,,Single listing
747261088,2,f,,2-4 listings
747713854,1,f,,Single listing
747792268,1,f,,Single listing
747798659,1,f,,Single listing
747809880,1,f,,Single listing
747884008,1,f,,Single listing
747898179,1,f,,Single listing
747996657,1,f,,Single listing
748204784,1,f,,Single listing
748385057,1,f,,Single listing
748582012,1,f,,Single listing
748984989,2,f,,2-4 listings
749099575,1,f,,Single listing
749110522,1,f,,Single listing
749324813,1,f,,Single listing
749329574,1,f,,Single listing
749503356,1,f,,Single listing
749673619,1,f,,Single listing
749687394,1,f,,Single listing
749708164,1,f,,Single listing
749846861,4,f,,2-4 listings
749855401,1,f,,Single listing
749859789,1,f,,Single listing
749860553,1,f,,Single listing
750250089,1,f,,Single listing
750413987,1,f,,Single listing
750503203,1,f,,Single listing
750523142,1,f,,Single listing
750585882,1,f,,Single listing
750613875,1,f,,Single listing
750660617,1,f,,Single listing
750811016,1,f,,Single listing
751158886,1,f,,Single listing
751167636,1,f,,Single listing
751267147,1,f,,Single listing
751333752,1,f,,Single listing
751336727,1,f,,Single listing
751446602,2,f,,2-4 listings
751549498,1,f,,Single listing
751705327,1,f,,Single listing
751714586,1,f,,Single listing
751729640,1,f,,Single listing
751919248,2,f,,2-4 listings
751931855,9,f,,5-19 listings
752270032,1,f,,Single listing
752292483,1,f,,Single listing
752373322,1,f,,Single listing
752682807,1,f,,Single listing
752978877,1,f,,Single listing
752990344,3,f,,2-4 listings
753075198,6,f,,5-19 listings
753076904,1,f,,Single listing
753078408,1,f,,Single listing
753167898,1,f,,Single listing
753171974,2,f,,2-4 listings
753217332,1,f,,Single listing
753258701,1,f,,Single listing
753371672,1,f,,Single listing
753380689,1,f,,Single listing
753388374,1,f,,Single listing
753551665,1,f,,Single listing
753584150,4,f,,2-4 listings
753626524,1,f,,Single listing
753752134,1,f,,Single listing
753785851,2,f,,2-4 listings
753991751,1,f,,Single listing
754087712,1,f,,Single listing
754286743,1,f,,Single listing
754297771,1,f,,Single listing
754310132,1,f,,Single listing
754388325,1,f,,Single listing
754482233,1,f,,Single listing
754485927,1,f,,Single listing
754504184,2,f,,2-4 listings
754510073,1,f,,Single listing
754539609,1,f,,Single listing
754687063,1,f,,Single listing
754690754,1,f,,Single listing
754699582,1,f,,Single listing
754712464,1,f,,Single listing
754752373,1,f,,Single listing
754880188,1,f,,Single listing
754917282,3,f,,2-4 listings
754947032,1,f,,Single listing
755146537,1,f,,Single listing
755314309,1,f,,Single listing
755625470,2,f,,2-4 listings
755642926,1,f,,Single listing
755686352,1,f,,Single listing
755768216,1,f,,Single listing
755822990,3,f,,2-4 listings
755982637,3,f,,2-4 listings
755985058,1,f,,Single listing
756037744,1,f,,Single listing
756135067,1,f,,Single listing
756264464,2,f,,2-4 listings
756307947,1,f,,Single listing
756493913,1,f,,Single listing
756563888,1,f,,Single listing
756803886,1,f,,Single listing
756811974,2,f,,2-4 listings
756816374,1,f,,Single listing
756862017,2,f,,2-4 listings
757015781,1,f,,Single listing
757140577,1,f,,Single listing
757203928,1,f,,Single listing
757236472,1,f,,Single listing
1649139304716419979,1,f,,Single listing
1649860343423876368,1,f,,Single listing
1653411127068328477,1,f,,Single listing
1654852395242871329,1,f,,Single listing
1654860165728830071,1,f,,Single listing
1655049917620917693,1,f,,Single listing
1659241704153112321,1,f,,Single listing
1660171709523470869,3,f,,2-4 listings
1662952756235034820,1,f,,Single listing
1663746543774742863,1,f,,Single listing
1664298553532134837,1,f,,Single listing
1664315414947311487,1,f,,Single listing
1664326452406063548,1,f,,Single listing
1664401412170590717,1,f,,Single listing
1664436735083220869,1,f,,Single listing
1664438091356485852,1,f,,Single listing
1664466540232320295,1,f,,Single listing
1665056220973158191,1,f,,Single listing
1665082581018368351,1,f,,Single listing
1665951191436919178,1,f,,Single listing
1667318837517401512,1,f,,Single listing
1667924119209653631,2,f,,2-4 listings
1667953017985021186,1,f,,Single listing
1668007519211913275,1,f,,Single listing
1668016839161584808,1,f,,Single listing
1668696745233783989,1,f,,Single listing
1668816495218192127,1,f,,Single listing
1668854874245049623,2,f,,2-4 listings
1668913918093874164,1,f,,Single listing
1669372672093183471,1,f,,Single listing
1669504165575104771,1,f,,Single listing
1670198488657715720,1,f,,Single listing
1671198118095208345,1,f,,Single listing
1671869647788739559,1,f,,Single listing
1673285556767727370,1,f,,Single listing
1673305988183402011,1,f,,Single listing
1673773500372363142,1,f,,Single listing
1673845335122598327,1,f,,Single listing
1674617279485375959,1,f,,Single listing
1675193660942542124,1,f,,Single listing
1675268211079657126,1,f,,Single listing
1675341746781703447,1,f,,Single listing
1675373415849379663,1,f,,Single listing
1675831379974877876,1,f,,Single listing
1676055791406756803,1,f,,Single listing
1678101588607134544,1,f,,Single listing
1678128001745837214,2,f,,2-4 listings
1678153688794811189,1,f,,Single listing
1678253434527719768,1,f,,Single listing
1678350457997035504,1,f,,Single listing
1678880952614335913,1,f,,Single listing
1678976698097556165,1,f,,Single listing
1678995137920318963,1,f,,Single listing
1679001531881339354,1,f,,Single listing
1679818055093267625,1,f,,Single listing
1679959188006313053,1,f,,Single listing
1680370689795320553,96,f,,20+ listings
1680619159639195434,15,f,,5-19 listings
1680994321641013568,2,f,,2-4 listings
1681056253502365030,1,f,,Single listing
1681104757287901851,1,f,,Single listing
1681194458625045679,1,f,,Single listing
1682582035555101182,1,f,,Single listing
1682719856885809630,1,f,,Single listing
1683195885072742626,1,f,,Single listing
1683349120137590747,1,f,,Single listing
1683388253891491816,1,f,,Single listing
1683524040090750467,1,f,,Single listing
1683926282865616606,1,f,,Single listing
1684004510021038157,1,f,,Single listing
1684687916669189409,1,f,,Single listing
1684911726841601415,5,f,,5-19 listings
1685387060314897647,1,f,,Single listing
1685455785203984850,1,f,,Single listing
1686099391123341328,1,f,,Single listing
1686180513182021441,1,f,,Single listing
1686765939899582348,1,f,,Single listing
1687495496443470824,1,f,,Single listing
1687796132757834844,1,f,,Single listing
1688237026949448577,1,f,,Single listing
1688247426470859958,1,f,,Single listing
1688619050793181588,1,f,,Single listing
1689021580618175028,1,f,,Single listing
1689054088259506838,1,f,,Single listing
1689697246352684886,1,f,,Single listing
1689847171996414861,1,f,,Single listing
1690434500764782141,1,f,,Single listing
1690795731102399765,1,f,,Single listing
1691120634690524208,1,f,,Single listing
1691163833685998925,1,f,,Single listing
1691270148355189724,1,f,,Single listing
1691300356272427547,1,f,,Single listing
1691316683828682522,1,f,,Single listing
1691324130777439177,1,f,,Single listing
1691765633970316236,1,f,,Single listing
1691867420017440010,1,f,,Single listing
1691868412771604521,2,f,,2-4 listings
1693347100195884633,1,f,,Single listing
1693348428094080653,1,f,,Single listing
1693393195690569602,1,f,,Single listing
1693431281038006825,1,f,,Single listing
1693480800505513789,1,f,,Single listing
1693494049975608430,1,f,,Single listing
1693511209761086574,1,f,,Single listing
1694037005819463784,1,f,,Single listing
1694073859982676548,1,f,,Single listing
1694114289400077698,1,f,,Single listing
1694227558758711268,1,f,,Single listing
1694827055400235261,1,f,,Single listing
1694904278413257191,1,f,,Single listing
1694931234088006427,1,f,,Single listing
1695529869403870339,1,f,,Single listing
1695644355387502177,1,f,,Single listing
1696192630144658636,1,f,,Single listing
1696223348985334899,1,f,,Single listing
1696332215880784253,1,f,,Single listing
1696384262733223013,1,f,,Single listing
1698317875791396329,1,f,,Single listing
1698469283284894525,2,f,,2-4 listings
1698693586092506085,1,f,,Single listing
1698801001209901357,1,f,,Single listing
1698803838226424608,1,f,,Single listing
1699125770693226295,1,f,,Single listing
1699154418166599947,1,f,,Single listing
1699374308239075878,1,f,,Single listing
1699387492853823662,1,f,,Single listing
1699829564756749420,1,f,,Single listing
1699835848833843555,1,f,,Single listing
1699841118037639611,1,f,,Single listing
1700078997033127987,1,f,,Single listing
1700223322944136288,1,f,,Single listing
1700601564110583702,1,f,,Single listing
1700648081756958012,1,f,,Single listing
1700648395577024474,1,f,,Single listing
1701309702477357804,1,f,,Single listing
1701362532940165990,1,f,,Single listing
1701440174582791346,2,f,,2-4 listings
1702262191124804919,24,f,,20+ listings
1702798823584098407,1,f,,Single listing
1703056617701441371,1,f,,Single listing
1703463551863656476,1,f,,Single listing
1703615160571276030,4,f,,2-4 listings
1703622711762022073,1,f,,Single listing
1704282899890375259,1,f,,Single listing
1704368445783658549,1,f,,Single listing
1704922519328395870,1,f,,Single listing
1704940504088829816,1,f,,Single listing
1705047925542250343,1,f,,Single listing
1705637328481190398,1,f,,Single listing
1705691731481748464,1,f,,Single listing
1705692069146763804,1,f,,Single listing
1705890563648087931,1,f,,Single listing
1706717157928418390,1,f,,Single listing
1707865412854517361,1,f,,Single listing
1708581443835770209,1,f,,Single listing
1709476131594356330,1,f,,Single listing
1709586093759959653,1,f,,Single listing
1710085447842984114,1,f,,Single listing
1710169673573088986,1,f,,Single listing
1710725078864971519,1,f,,Single listing
1710776614875686102,1,f,,Single listing
1710805532108903031,1,f,,Single listing
1711405240008995840,1,f,,Single listing
1711427578445934010,1,f,,Single listing
1711685456851456657,1,f,,Single listing
1712866611318582958,1,f,,Single listing
1713655263008313316,2,f,,2-4 listings
1713699134019659160,1,f,,Single listing
1713745926282857569,1,f,,Single listing
1714379034555576814,1,f,,Single listing
1714403388247936391,1,f,,Single listing
1714453469003888062,1,f,,Single listing
1714477155412891354,1,f,,Single listing
1715084448318099529,1,f,,Single listing
1715112143327960387,1,f,,Single listing
1715217806276742313,1,f,,Single listing
1715239654749244222,2,f,,2-4 listings
1715801986562669411,10,f,,5-19 listings
1715830116386885083,1,f,,Single listing
